"eje","subtema","categoria","sexo","grupo_edad","id","indicador","unidad","cve_area","lugar","url"
"Empleo y ocupación","Condición de actividad","Económicamente activa",NA,NA,"6207019030","Porcentaje de población de 12 años y más económicamente activa","Porcentaje","19007","Aramberri","https://www.inegi.org.mx/app/api/indicadores/desarrolladores/jsonxml/INDICATOR/6207019030/es/19007/false/BISE/2.0/"
"Empleo y ocupación","Condición de actividad","No económicamente activa",NA,NA,"6207019035","Porcentaje de la población de 12 años y más No Económicamente Activa","Porcentaje","19007","Aramberri","https://www.inegi.org.mx/app/api/indicadores/desarrolladores/jsonxml/INDICATOR/6207019035/es/19007/false/BISE/2.0/"
"Empleo y ocupación","Participación por sexo","Mujeres","Mujeres",NA,"6207019040","Porcentaje de la población femenina de 12 años y más económicamente activa","Porcentaje","19007","Aramberri","https://www.inegi.org.mx/app/api/indicadores/desarrolladores/jsonxml/INDICATOR/6207019040/es/19007/false/BISE/2.0/"
"Empleo y ocupación","Participación por sexo","Hombres","Hombres",NA,"6207019043","Porcentaje de la población masculina de 12 años y más económicamente activa","Porcentaje","19007","Aramberri","https://www.inegi.org.mx/app/api/indicadores/desarrolladores/jsonxml/INDICATOR/6207019043/es/19007/false/BISE/2.0/"
"Empleo y ocupación","Población no económicamente activa","Se dedica a los quehaceres del hogar",NA,NA,"6207019064","Porcentaje de la población de 12 años y más no económicamente activa que se dedica a los quehaceres del hogar","Porcentaje","19007","Aramberri","https://www.inegi.org.mx/app/api/indicadores/desarrolladores/jsonxml/INDICATOR/6207019064/es/19007/false/BISE/2.0/"
"Empleo y ocupación","Población no económicamente activa","Limitación física o mental para trabajar",NA,NA,"6207019070","Porcentaje de la población de 12 años y más no económicamente activa con alguna limitación física o mental que les impide trabajar","Porcentaje","19007","Aramberri","https://www.inegi.org.mx/app/api/indicadores/desarrolladores/jsonxml/INDICATOR/6207019070/es/19007/false/BISE/2.0/"
"Empleo y ocupación","Condición de actividad","Económicamente activa",NA,NA,"6207019030","Porcentaje de población de 12 años y más económicamente activa","Porcentaje","19014","Doctor Arroyo","https://www.inegi.org.mx/app/api/indicadores/desarrolladores/jsonxml/INDICATOR/6207019030/es/19014/false/BISE/2.0/"
"Empleo y ocupación","Condición de actividad","No económicamente activa",NA,NA,"6207019035","Porcentaje de la población de 12 años y más No Económicamente Activa","Porcentaje","19014","Doctor Arroyo","https://www.inegi.org.mx/app/api/indicadores/desarrolladores/jsonxml/INDICATOR/6207019035/es/19014/false/BISE/2.0/"
"Empleo y ocupación","Participación por sexo","Mujeres","Mujeres",NA,"6207019040","Porcentaje de la población femenina de 12 años y más económicamente activa","Porcentaje","19014","Doctor Arroyo","https://www.inegi.org.mx/app/api/indicadores/desarrolladores/jsonxml/INDICATOR/6207019040/es/19014/false/BISE/2.0/"
"Empleo y ocupación","Participación por sexo","Hombres","Hombres",NA,"6207019043","Porcentaje de la población masculina de 12 años y más económicamente activa","Porcentaje","19014","Doctor Arroyo","https://www.inegi.org.mx/app/api/indicadores/desarrolladores/jsonxml/INDICATOR/6207019043/es/19014/false/BISE/2.0/"
"Empleo y ocupación","Población no económicamente activa","Se dedica a los quehaceres del hogar",NA,NA,"6207019064","Porcentaje de la población de 12 años y más no económicamente activa que se dedica a los quehaceres del hogar","Porcentaje","19014","Doctor Arroyo","https://www.inegi.org.mx/app/api/indicadores/desarrolladores/jsonxml/INDICATOR/6207019064/es/19014/false/BISE/2.0/"
"Empleo y ocupación","Población no económicamente activa","Limitación física o mental para trabajar",NA,NA,"6207019070","Porcentaje de la población de 12 años y más no económicamente activa con alguna limitación física o mental que les impide trabajar","Porcentaje","19014","Doctor Arroyo","https://www.inegi.org.mx/app/api/indicadores/desarrolladores/jsonxml/INDICATOR/6207019070/es/19014/false/BISE/2.0/"
"Empleo y ocupación","Condición de actividad","Económicamente activa",NA,NA,"6207019030","Porcentaje de población de 12 años y más económicamente activa","Porcentaje","19024","General Zaragoza","https://www.inegi.org.mx/app/api/indicadores/desarrolladores/jsonxml/INDICATOR/6207019030/es/19024/false/BISE/2.0/"
"Empleo y ocupación","Condición de actividad","No económicamente activa",NA,NA,"6207019035","Porcentaje de la población de 12 años y más No Económicamente Activa","Porcentaje","19024","General Zaragoza","https://www.inegi.org.mx/app/api/indicadores/desarrolladores/jsonxml/INDICATOR/6207019035/es/19024/false/BISE/2.0/"
"Empleo y ocupación","Participación por sexo","Mujeres","Mujeres",NA,"6207019040","Porcentaje de la población femenina de 12 años y más económicamente activa","Porcentaje","19024","General Zaragoza","https://www.inegi.org.mx/app/api/indicadores/desarrolladores/jsonxml/INDICATOR/6207019040/es/19024/false/BISE/2.0/"
"Empleo y ocupación","Participación por sexo","Hombres","Hombres",NA,"6207019043","Porcentaje de la población masculina de 12 años y más económicamente activa","Porcentaje","19024","General Zaragoza","https://www.inegi.org.mx/app/api/indicadores/desarrolladores/jsonxml/INDICATOR/6207019043/es/19024/false/BISE/2.0/"
"Empleo y ocupación","Población no económicamente activa","Se dedica a los quehaceres del hogar",NA,NA,"6207019064","Porcentaje de la población de 12 años y más no económicamente activa que se dedica a los quehaceres del hogar","Porcentaje","19024","General Zaragoza","https://www.inegi.org.mx/app/api/indicadores/desarrolladores/jsonxml/INDICATOR/6207019064/es/19024/false/BISE/2.0/"
"Empleo y ocupación","Población no económicamente activa","Limitación física o mental para trabajar",NA,NA,"6207019070","Porcentaje de la población de 12 años y más no económicamente activa con alguna limitación física o mental que les impide trabajar","Porcentaje","19024","General Zaragoza","https://www.inegi.org.mx/app/api/indicadores/desarrolladores/jsonxml/INDICATOR/6207019070/es/19024/false/BISE/2.0/"
"Empleo y ocupación","Condición de actividad","Económicamente activa",NA,NA,"6207019030","Porcentaje de población de 12 años y más económicamente activa","Porcentaje","19036","Mier y Noriega","https://www.inegi.org.mx/app/api/indicadores/desarrolladores/jsonxml/INDICATOR/6207019030/es/19036/false/BISE/2.0/"
"Empleo y ocupación","Condición de actividad","No económicamente activa",NA,NA,"6207019035","Porcentaje de la población de 12 años y más No Económicamente Activa","Porcentaje","19036","Mier y Noriega","https://www.inegi.org.mx/app/api/indicadores/desarrolladores/jsonxml/INDICATOR/6207019035/es/19036/false/BISE/2.0/"
"Empleo y ocupación","Participación por sexo","Mujeres","Mujeres",NA,"6207019040","Porcentaje de la población femenina de 12 años y más económicamente activa","Porcentaje","19036","Mier y Noriega","https://www.inegi.org.mx/app/api/indicadores/desarrolladores/jsonxml/INDICATOR/6207019040/es/19036/false/BISE/2.0/"
"Empleo y ocupación","Participación por sexo","Hombres","Hombres",NA,"6207019043","Porcentaje de la población masculina de 12 años y más económicamente activa","Porcentaje","19036","Mier y Noriega","https://www.inegi.org.mx/app/api/indicadores/desarrolladores/jsonxml/INDICATOR/6207019043/es/19036/false/BISE/2.0/"
"Empleo y ocupación","Población no económicamente activa","Se dedica a los quehaceres del hogar",NA,NA,"6207019064","Porcentaje de la población de 12 años y más no económicamente activa que se dedica a los quehaceres del hogar","Porcentaje","19036","Mier y Noriega","https://www.inegi.org.mx/app/api/indicadores/desarrolladores/jsonxml/INDICATOR/6207019064/es/19036/false/BISE/2.0/"
"Empleo y ocupación","Población no económicamente activa","Limitación física o mental para trabajar",NA,NA,"6207019070","Porcentaje de la población de 12 años y más no económicamente activa con alguna limitación física o mental que les impide trabajar","Porcentaje","19036","Mier y Noriega","https://www.inegi.org.mx/app/api/indicadores/desarrolladores/jsonxml/INDICATOR/6207019070/es/19036/false/BISE/2.0/"
"Población","Población total","Total","Total",NA,"1002000001","Población total","Personas","19007","Aramberri","https://www.inegi.org.mx/app/api/indicadores/desarrolladores/jsonxml/INDICATOR/1002000001/es/19007/false/BISE/2.0/"
"Población","Población total","Total","Total",NA,"1002000001","Población total","Personas","19014","Doctor Arroyo","https://www.inegi.org.mx/app/api/indicadores/desarrolladores/jsonxml/INDICATOR/1002000001/es/19014/false/BISE/2.0/"
"Población","Población total","Total","Total",NA,"1002000001","Población total","Personas","19024","General Zaragoza","https://www.inegi.org.mx/app/api/indicadores/desarrolladores/jsonxml/INDICATOR/1002000001/es/19024/false/BISE/2.0/"
"Población","Población total","Total","Total",NA,"1002000001","Población total","Personas","19036","Mier y Noriega","https://www.inegi.org.mx/app/api/indicadores/desarrolladores/jsonxml/INDICATOR/1002000001/es/19036/false/BISE/2.0/"
"Población","Población total","Hombres","Hombres",NA,"1002000002","Población total hombres","Personas","19007","Aramberri","https://www.inegi.org.mx/app/api/indicadores/desarrolladores/jsonxml/INDICATOR/1002000002/es/19007/false/BISE/2.0/"
"Población","Población total","Hombres","Hombres",NA,"1002000002","Población total hombres","Personas","19014","Doctor Arroyo","https://www.inegi.org.mx/app/api/indicadores/desarrolladores/jsonxml/INDICATOR/1002000002/es/19014/false/BISE/2.0/"
"Población","Población total","Hombres","Hombres",NA,"1002000002","Población total hombres","Personas","19024","General Zaragoza","https://www.inegi.org.mx/app/api/indicadores/desarrolladores/jsonxml/INDICATOR/1002000002/es/19024/false/BISE/2.0/"
"Población","Población total","Hombres","Hombres",NA,"1002000002","Población total hombres","Personas","19036","Mier y Noriega","https://www.inegi.org.mx/app/api/indicadores/desarrolladores/jsonxml/INDICATOR/1002000002/es/19036/false/BISE/2.0/"
"Población","Población total","Mujeres","Mujeres",NA,"1002000003","Población total mujeres","Personas","19007","Aramberri","https://www.inegi.org.mx/app/api/indicadores/desarrolladores/jsonxml/INDICATOR/1002000003/es/19007/false/BISE/2.0/"
"Población","Población total","Mujeres","Mujeres",NA,"1002000003","Población total mujeres","Personas","19014","Doctor Arroyo","https://www.inegi.org.mx/app/api/indicadores/desarrolladores/jsonxml/INDICATOR/1002000003/es/19014/false/BISE/2.0/"
"Población","Población total","Mujeres","Mujeres",NA,"1002000003","Población total mujeres","Personas","19024","General Zaragoza","https://www.inegi.org.mx/app/api/indicadores/desarrolladores/jsonxml/INDICATOR/1002000003/es/19024/false/BISE/2.0/"
"Población","Población total","Mujeres","Mujeres",NA,"1002000003","Población total mujeres","Personas","19036","Mier y Noriega","https://www.inegi.org.mx/app/api/indicadores/desarrolladores/jsonxml/INDICATOR/1002000003/es/19036/false/BISE/2.0/"
"Población","Grupos de edad","Total","Total","0 a 4","1002000058","Población de 0 a 4 años","Personas","19007","Aramberri","https://www.inegi.org.mx/app/api/indicadores/desarrolladores/jsonxml/INDICATOR/1002000058/es/19007/false/BISE/2.0/"
"Población","Grupos de edad","Total","Total","0 a 4","1002000058","Población de 0 a 4 años","Personas","19014","Doctor Arroyo","https://www.inegi.org.mx/app/api/indicadores/desarrolladores/jsonxml/INDICATOR/1002000058/es/19014/false/BISE/2.0/"
"Población","Grupos de edad","Total","Total","0 a 4","1002000058","Población de 0 a 4 años","Personas","19024","General Zaragoza","https://www.inegi.org.mx/app/api/indicadores/desarrolladores/jsonxml/INDICATOR/1002000058/es/19024/false/BISE/2.0/"
"Población","Grupos de edad","Total","Total","0 a 4","1002000058","Población de 0 a 4 años","Personas","19036","Mier y Noriega","https://www.inegi.org.mx/app/api/indicadores/desarrolladores/jsonxml/INDICATOR/1002000058/es/19036/false/BISE/2.0/"
"Población","Grupos de edad","Hombres","Hombres","0 a 4","1002000059","Población de 0 a 4 años. Hombres","Personas","19007","Aramberri","https://www.inegi.org.mx/app/api/indicadores/desarrolladores/jsonxml/INDICATOR/1002000059/es/19007/false/BISE/2.0/"
"Población","Grupos de edad","Hombres","Hombres","0 a 4","1002000059","Población de 0 a 4 años. Hombres","Personas","19014","Doctor Arroyo","https://www.inegi.org.mx/app/api/indicadores/desarrolladores/jsonxml/INDICATOR/1002000059/es/19014/false/BISE/2.0/"
"Población","Grupos de edad","Hombres","Hombres","0 a 4","1002000059","Población de 0 a 4 años. Hombres","Personas","19024","General Zaragoza","https://www.inegi.org.mx/app/api/indicadores/desarrolladores/jsonxml/INDICATOR/1002000059/es/19024/false/BISE/2.0/"
"Población","Grupos de edad","Hombres","Hombres","0 a 4","1002000059","Población de 0 a 4 años. Hombres","Personas","19036","Mier y Noriega","https://www.inegi.org.mx/app/api/indicadores/desarrolladores/jsonxml/INDICATOR/1002000059/es/19036/false/BISE/2.0/"
"Población","Grupos de edad","Mujeres","Mujeres","0 a 4","1002000060","Población de 0 a 4 años. Mujeres","Personas","19007","Aramberri","https://www.inegi.org.mx/app/api/indicadores/desarrolladores/jsonxml/INDICATOR/1002000060/es/19007/false/BISE/2.0/"
"Población","Grupos de edad","Mujeres","Mujeres","0 a 4","1002000060","Población de 0 a 4 años. Mujeres","Personas","19014","Doctor Arroyo","https://www.inegi.org.mx/app/api/indicadores/desarrolladores/jsonxml/INDICATOR/1002000060/es/19014/false/BISE/2.0/"
"Población","Grupos de edad","Mujeres","Mujeres","0 a 4","1002000060","Población de 0 a 4 años. Mujeres","Personas","19024","General Zaragoza","https://www.inegi.org.mx/app/api/indicadores/desarrolladores/jsonxml/INDICATOR/1002000060/es/19024/false/BISE/2.0/"
"Población","Grupos de edad","Mujeres","Mujeres","0 a 4","1002000060","Población de 0 a 4 años. Mujeres","Personas","19036","Mier y Noriega","https://www.inegi.org.mx/app/api/indicadores/desarrolladores/jsonxml/INDICATOR/1002000060/es/19036/false/BISE/2.0/"
"Población","Grupos de edad","Total","Total","5 a 9","1002000088","Población de 5 a 9 años","Personas","19007","Aramberri","https://www.inegi.org.mx/app/api/indicadores/desarrolladores/jsonxml/INDICATOR/1002000088/es/19007/false/BISE/2.0/"
"Población","Grupos de edad","Total","Total","5 a 9","1002000088","Población de 5 a 9 años","Personas","19014","Doctor Arroyo","https://www.inegi.org.mx/app/api/indicadores/desarrolladores/jsonxml/INDICATOR/1002000088/es/19014/false/BISE/2.0/"
"Población","Grupos de edad","Total","Total","5 a 9","1002000088","Población de 5 a 9 años","Personas","19024","General Zaragoza","https://www.inegi.org.mx/app/api/indicadores/desarrolladores/jsonxml/INDICATOR/1002000088/es/19024/false/BISE/2.0/"
"Población","Grupos de edad","Total","Total","5 a 9","1002000088","Población de 5 a 9 años","Personas","19036","Mier y Noriega","https://www.inegi.org.mx/app/api/indicadores/desarrolladores/jsonxml/INDICATOR/1002000088/es/19036/false/BISE/2.0/"
"Población","Grupos de edad","Hombres","Hombres","5 a 9","1002000089","Población de 5 a 9 años. Hombres","Personas","19007","Aramberri","https://www.inegi.org.mx/app/api/indicadores/desarrolladores/jsonxml/INDICATOR/1002000089/es/19007/false/BISE/2.0/"
"Población","Grupos de edad","Hombres","Hombres","5 a 9","1002000089","Población de 5 a 9 años. Hombres","Personas","19014","Doctor Arroyo","https://www.inegi.org.mx/app/api/indicadores/desarrolladores/jsonxml/INDICATOR/1002000089/es/19014/false/BISE/2.0/"
"Población","Grupos de edad","Hombres","Hombres","5 a 9","1002000089","Población de 5 a 9 años. Hombres","Personas","19024","General Zaragoza","https://www.inegi.org.mx/app/api/indicadores/desarrolladores/jsonxml/INDICATOR/1002000089/es/19024/false/BISE/2.0/"
"Población","Grupos de edad","Hombres","Hombres","5 a 9","1002000089","Población de 5 a 9 años. Hombres","Personas","19036","Mier y Noriega","https://www.inegi.org.mx/app/api/indicadores/desarrolladores/jsonxml/INDICATOR/1002000089/es/19036/false/BISE/2.0/"
"Población","Grupos de edad","Mujeres","Mujeres","5 a 9","1002000090","Población de 5 a 9 años. Mujeres","Personas","19007","Aramberri","https://www.inegi.org.mx/app/api/indicadores/desarrolladores/jsonxml/INDICATOR/1002000090/es/19007/false/BISE/2.0/"
"Población","Grupos de edad","Mujeres","Mujeres","5 a 9","1002000090","Población de 5 a 9 años. Mujeres","Personas","19014","Doctor Arroyo","https://www.inegi.org.mx/app/api/indicadores/desarrolladores/jsonxml/INDICATOR/1002000090/es/19014/false/BISE/2.0/"
"Población","Grupos de edad","Mujeres","Mujeres","5 a 9","1002000090","Población de 5 a 9 años. Mujeres","Personas","19024","General Zaragoza","https://www.inegi.org.mx/app/api/indicadores/desarrolladores/jsonxml/INDICATOR/1002000090/es/19024/false/BISE/2.0/"
"Población","Grupos de edad","Mujeres","Mujeres","5 a 9","1002000090","Población de 5 a 9 años. Mujeres","Personas","19036","Mier y Noriega","https://www.inegi.org.mx/app/api/indicadores/desarrolladores/jsonxml/INDICATOR/1002000090/es/19036/false/BISE/2.0/"
"Población","Grupos de edad","Total","Total","10 a 14","1002000061","Población de 10 a 14 años","Personas","19007","Aramberri","https://www.inegi.org.mx/app/api/indicadores/desarrolladores/jsonxml/INDICATOR/1002000061/es/19007/false/BISE/2.0/"
"Población","Grupos de edad","Total","Total","10 a 14","1002000061","Población de 10 a 14 años","Personas","19014","Doctor Arroyo","https://www.inegi.org.mx/app/api/indicadores/desarrolladores/jsonxml/INDICATOR/1002000061/es/19014/false/BISE/2.0/"
"Población","Grupos de edad","Total","Total","10 a 14","1002000061","Población de 10 a 14 años","Personas","19024","General Zaragoza","https://www.inegi.org.mx/app/api/indicadores/desarrolladores/jsonxml/INDICATOR/1002000061/es/19024/false/BISE/2.0/"
"Población","Grupos de edad","Total","Total","10 a 14","1002000061","Población de 10 a 14 años","Personas","19036","Mier y Noriega","https://www.inegi.org.mx/app/api/indicadores/desarrolladores/jsonxml/INDICATOR/1002000061/es/19036/false/BISE/2.0/"
"Población","Grupos de edad","Hombres","Hombres","10 a 14","1002000062","Población de 10 a 14 años. Hombres","Personas","19007","Aramberri","https://www.inegi.org.mx/app/api/indicadores/desarrolladores/jsonxml/INDICATOR/1002000062/es/19007/false/BISE/2.0/"
"Población","Grupos de edad","Hombres","Hombres","10 a 14","1002000062","Población de 10 a 14 años. Hombres","Personas","19014","Doctor Arroyo","https://www.inegi.org.mx/app/api/indicadores/desarrolladores/jsonxml/INDICATOR/1002000062/es/19014/false/BISE/2.0/"
"Población","Grupos de edad","Hombres","Hombres","10 a 14","1002000062","Población de 10 a 14 años. Hombres","Personas","19024","General Zaragoza","https://www.inegi.org.mx/app/api/indicadores/desarrolladores/jsonxml/INDICATOR/1002000062/es/19024/false/BISE/2.0/"
"Población","Grupos de edad","Hombres","Hombres","10 a 14","1002000062","Población de 10 a 14 años. Hombres","Personas","19036","Mier y Noriega","https://www.inegi.org.mx/app/api/indicadores/desarrolladores/jsonxml/INDICATOR/1002000062/es/19036/false/BISE/2.0/"
"Población","Grupos de edad","Mujeres","Mujeres","10 a 14","1002000063","Población de 10 a 14 años. Mujeres","Personas","19007","Aramberri","https://www.inegi.org.mx/app/api/indicadores/desarrolladores/jsonxml/INDICATOR/1002000063/es/19007/false/BISE/2.0/"
"Población","Grupos de edad","Mujeres","Mujeres","10 a 14","1002000063","Población de 10 a 14 años. Mujeres","Personas","19014","Doctor Arroyo","https://www.inegi.org.mx/app/api/indicadores/desarrolladores/jsonxml/INDICATOR/1002000063/es/19014/false/BISE/2.0/"
"Población","Grupos de edad","Mujeres","Mujeres","10 a 14","1002000063","Población de 10 a 14 años. Mujeres","Personas","19024","General Zaragoza","https://www.inegi.org.mx/app/api/indicadores/desarrolladores/jsonxml/INDICATOR/1002000063/es/19024/false/BISE/2.0/"
"Población","Grupos de edad","Mujeres","Mujeres","10 a 14","1002000063","Población de 10 a 14 años. Mujeres","Personas","19036","Mier y Noriega","https://www.inegi.org.mx/app/api/indicadores/desarrolladores/jsonxml/INDICATOR/1002000063/es/19036/false/BISE/2.0/"
"Población","Grupos de edad","Total","Total","15 a 19","1002000067","Población de 15 a 19 años","Personas","19007","Aramberri","https://www.inegi.org.mx/app/api/indicadores/desarrolladores/jsonxml/INDICATOR/1002000067/es/19007/false/BISE/2.0/"
"Población","Grupos de edad","Total","Total","15 a 19","1002000067","Población de 15 a 19 años","Personas","19014","Doctor Arroyo","https://www.inegi.org.mx/app/api/indicadores/desarrolladores/jsonxml/INDICATOR/1002000067/es/19014/false/BISE/2.0/"
"Población","Grupos de edad","Total","Total","15 a 19","1002000067","Población de 15 a 19 años","Personas","19024","General Zaragoza","https://www.inegi.org.mx/app/api/indicadores/desarrolladores/jsonxml/INDICATOR/1002000067/es/19024/false/BISE/2.0/"
"Población","Grupos de edad","Total","Total","15 a 19","1002000067","Población de 15 a 19 años","Personas","19036","Mier y Noriega","https://www.inegi.org.mx/app/api/indicadores/desarrolladores/jsonxml/INDICATOR/1002000067/es/19036/false/BISE/2.0/"
"Población","Grupos de edad","Hombres","Hombres","15 a 19","1002000068","Población de 15 a 19 años. Hombres","Personas","19007","Aramberri","https://www.inegi.org.mx/app/api/indicadores/desarrolladores/jsonxml/INDICATOR/1002000068/es/19007/false/BISE/2.0/"
"Población","Grupos de edad","Hombres","Hombres","15 a 19","1002000068","Población de 15 a 19 años. Hombres","Personas","19014","Doctor Arroyo","https://www.inegi.org.mx/app/api/indicadores/desarrolladores/jsonxml/INDICATOR/1002000068/es/19014/false/BISE/2.0/"
"Población","Grupos de edad","Hombres","Hombres","15 a 19","1002000068","Población de 15 a 19 años. Hombres","Personas","19024","General Zaragoza","https://www.inegi.org.mx/app/api/indicadores/desarrolladores/jsonxml/INDICATOR/1002000068/es/19024/false/BISE/2.0/"
"Población","Grupos de edad","Hombres","Hombres","15 a 19","1002000068","Población de 15 a 19 años. Hombres","Personas","19036","Mier y Noriega","https://www.inegi.org.mx/app/api/indicadores/desarrolladores/jsonxml/INDICATOR/1002000068/es/19036/false/BISE/2.0/"
"Población","Grupos de edad","Mujeres","Mujeres","15 a 19","1002000069","Población de 15 a 19 años. Mujeres","Personas","19007","Aramberri","https://www.inegi.org.mx/app/api/indicadores/desarrolladores/jsonxml/INDICATOR/1002000069/es/19007/false/BISE/2.0/"
"Población","Grupos de edad","Mujeres","Mujeres","15 a 19","1002000069","Población de 15 a 19 años. Mujeres","Personas","19014","Doctor Arroyo","https://www.inegi.org.mx/app/api/indicadores/desarrolladores/jsonxml/INDICATOR/1002000069/es/19014/false/BISE/2.0/"
"Población","Grupos de edad","Mujeres","Mujeres","15 a 19","1002000069","Población de 15 a 19 años. Mujeres","Personas","19024","General Zaragoza","https://www.inegi.org.mx/app/api/indicadores/desarrolladores/jsonxml/INDICATOR/1002000069/es/19024/false/BISE/2.0/"
"Población","Grupos de edad","Mujeres","Mujeres","15 a 19","1002000069","Población de 15 a 19 años. Mujeres","Personas","19036","Mier y Noriega","https://www.inegi.org.mx/app/api/indicadores/desarrolladores/jsonxml/INDICATOR/1002000069/es/19036/false/BISE/2.0/"
"Población","Grupos de edad","Total","Total","20 a 24","1002000070","Población de 20 a 24 años","Personas","19007","Aramberri","https://www.inegi.org.mx/app/api/indicadores/desarrolladores/jsonxml/INDICATOR/1002000070/es/19007/false/BISE/2.0/"
"Población","Grupos de edad","Total","Total","20 a 24","1002000070","Población de 20 a 24 años","Personas","19014","Doctor Arroyo","https://www.inegi.org.mx/app/api/indicadores/desarrolladores/jsonxml/INDICATOR/1002000070/es/19014/false/BISE/2.0/"
"Población","Grupos de edad","Total","Total","20 a 24","1002000070","Población de 20 a 24 años","Personas","19024","General Zaragoza","https://www.inegi.org.mx/app/api/indicadores/desarrolladores/jsonxml/INDICATOR/1002000070/es/19024/false/BISE/2.0/"
"Población","Grupos de edad","Total","Total","20 a 24","1002000070","Población de 20 a 24 años","Personas","19036","Mier y Noriega","https://www.inegi.org.mx/app/api/indicadores/desarrolladores/jsonxml/INDICATOR/1002000070/es/19036/false/BISE/2.0/"
"Población","Grupos de edad","Hombres","Hombres","20 a 24","1002000071","Población de 20 a 24 años. Hombres","Personas","19007","Aramberri","https://www.inegi.org.mx/app/api/indicadores/desarrolladores/jsonxml/INDICATOR/1002000071/es/19007/false/BISE/2.0/"
"Población","Grupos de edad","Hombres","Hombres","20 a 24","1002000071","Población de 20 a 24 años. Hombres","Personas","19014","Doctor Arroyo","https://www.inegi.org.mx/app/api/indicadores/desarrolladores/jsonxml/INDICATOR/1002000071/es/19014/false/BISE/2.0/"
"Población","Grupos de edad","Hombres","Hombres","20 a 24","1002000071","Población de 20 a 24 años. Hombres","Personas","19024","General Zaragoza","https://www.inegi.org.mx/app/api/indicadores/desarrolladores/jsonxml/INDICATOR/1002000071/es/19024/false/BISE/2.0/"
"Población","Grupos de edad","Hombres","Hombres","20 a 24","1002000071","Población de 20 a 24 años. Hombres","Personas","19036","Mier y Noriega","https://www.inegi.org.mx/app/api/indicadores/desarrolladores/jsonxml/INDICATOR/1002000071/es/19036/false/BISE/2.0/"
"Población","Grupos de edad","Mujeres","Mujeres","20 a 24","1002000072","Población de 20 a 24 años. Mujeres","Personas","19007","Aramberri","https://www.inegi.org.mx/app/api/indicadores/desarrolladores/jsonxml/INDICATOR/1002000072/es/19007/false/BISE/2.0/"
"Población","Grupos de edad","Mujeres","Mujeres","20 a 24","1002000072","Población de 20 a 24 años. Mujeres","Personas","19014","Doctor Arroyo","https://www.inegi.org.mx/app/api/indicadores/desarrolladores/jsonxml/INDICATOR/1002000072/es/19014/false/BISE/2.0/"
"Población","Grupos de edad","Mujeres","Mujeres","20 a 24","1002000072","Población de 20 a 24 años. Mujeres","Personas","19024","General Zaragoza","https://www.inegi.org.mx/app/api/indicadores/desarrolladores/jsonxml/INDICATOR/1002000072/es/19024/false/BISE/2.0/"
"Población","Grupos de edad","Mujeres","Mujeres","20 a 24","1002000072","Población de 20 a 24 años. Mujeres","Personas","19036","Mier y Noriega","https://www.inegi.org.mx/app/api/indicadores/desarrolladores/jsonxml/INDICATOR/1002000072/es/19036/false/BISE/2.0/"
"Población","Grupos de edad","Total","Total","25 a 29","1002000073","Población de 25 a 29 años","Personas","19007","Aramberri","https://www.inegi.org.mx/app/api/indicadores/desarrolladores/jsonxml/INDICATOR/1002000073/es/19007/false/BISE/2.0/"
"Población","Grupos de edad","Total","Total","25 a 29","1002000073","Población de 25 a 29 años","Personas","19014","Doctor Arroyo","https://www.inegi.org.mx/app/api/indicadores/desarrolladores/jsonxml/INDICATOR/1002000073/es/19014/false/BISE/2.0/"
"Población","Grupos de edad","Total","Total","25 a 29","1002000073","Población de 25 a 29 años","Personas","19024","General Zaragoza","https://www.inegi.org.mx/app/api/indicadores/desarrolladores/jsonxml/INDICATOR/1002000073/es/19024/false/BISE/2.0/"
"Población","Grupos de edad","Total","Total","25 a 29","1002000073","Población de 25 a 29 años","Personas","19036","Mier y Noriega","https://www.inegi.org.mx/app/api/indicadores/desarrolladores/jsonxml/INDICATOR/1002000073/es/19036/false/BISE/2.0/"
"Población","Grupos de edad","Hombres","Hombres","25 a 29","1002000074","Población de 25 a 29 años. Hombres","Personas","19007","Aramberri","https://www.inegi.org.mx/app/api/indicadores/desarrolladores/jsonxml/INDICATOR/1002000074/es/19007/false/BISE/2.0/"
"Población","Grupos de edad","Hombres","Hombres","25 a 29","1002000074","Población de 25 a 29 años. Hombres","Personas","19014","Doctor Arroyo","https://www.inegi.org.mx/app/api/indicadores/desarrolladores/jsonxml/INDICATOR/1002000074/es/19014/false/BISE/2.0/"
"Población","Grupos de edad","Hombres","Hombres","25 a 29","1002000074","Población de 25 a 29 años. Hombres","Personas","19024","General Zaragoza","https://www.inegi.org.mx/app/api/indicadores/desarrolladores/jsonxml/INDICATOR/1002000074/es/19024/false/BISE/2.0/"
"Población","Grupos de edad","Hombres","Hombres","25 a 29","1002000074","Población de 25 a 29 años. Hombres","Personas","19036","Mier y Noriega","https://www.inegi.org.mx/app/api/indicadores/desarrolladores/jsonxml/INDICATOR/1002000074/es/19036/false/BISE/2.0/"
"Población","Grupos de edad","Mujeres","Mujeres","25 a 29","1002000075","Población de 25 a 29 años. Mujeres","Personas","19007","Aramberri","https://www.inegi.org.mx/app/api/indicadores/desarrolladores/jsonxml/INDICATOR/1002000075/es/19007/false/BISE/2.0/"
"Población","Grupos de edad","Mujeres","Mujeres","25 a 29","1002000075","Población de 25 a 29 años. Mujeres","Personas","19014","Doctor Arroyo","https://www.inegi.org.mx/app/api/indicadores/desarrolladores/jsonxml/INDICATOR/1002000075/es/19014/false/BISE/2.0/"
"Población","Grupos de edad","Mujeres","Mujeres","25 a 29","1002000075","Población de 25 a 29 años. Mujeres","Personas","19024","General Zaragoza","https://www.inegi.org.mx/app/api/indicadores/desarrolladores/jsonxml/INDICATOR/1002000075/es/19024/false/BISE/2.0/"
"Población","Grupos de edad","Mujeres","Mujeres","25 a 29","1002000075","Población de 25 a 29 años. Mujeres","Personas","19036","Mier y Noriega","https://www.inegi.org.mx/app/api/indicadores/desarrolladores/jsonxml/INDICATOR/1002000075/es/19036/false/BISE/2.0/"
"Población","Grupos de edad","Total","Total","30 a 34","1002000076","Población de 30 a 34 años","Personas","19007","Aramberri","https://www.inegi.org.mx/app/api/indicadores/desarrolladores/jsonxml/INDICATOR/1002000076/es/19007/false/BISE/2.0/"
"Población","Grupos de edad","Total","Total","30 a 34","1002000076","Población de 30 a 34 años","Personas","19014","Doctor Arroyo","https://www.inegi.org.mx/app/api/indicadores/desarrolladores/jsonxml/INDICATOR/1002000076/es/19014/false/BISE/2.0/"
"Población","Grupos de edad","Total","Total","30 a 34","1002000076","Población de 30 a 34 años","Personas","19024","General Zaragoza","https://www.inegi.org.mx/app/api/indicadores/desarrolladores/jsonxml/INDICATOR/1002000076/es/19024/false/BISE/2.0/"
"Población","Grupos de edad","Total","Total","30 a 34","1002000076","Población de 30 a 34 años","Personas","19036","Mier y Noriega","https://www.inegi.org.mx/app/api/indicadores/desarrolladores/jsonxml/INDICATOR/1002000076/es/19036/false/BISE/2.0/"
"Población","Grupos de edad","Hombres","Hombres","30 a 34","1002000077","Población de 30 a 34 años. Hombres","Personas","19007","Aramberri","https://www.inegi.org.mx/app/api/indicadores/desarrolladores/jsonxml/INDICATOR/1002000077/es/19007/false/BISE/2.0/"
"Población","Grupos de edad","Hombres","Hombres","30 a 34","1002000077","Población de 30 a 34 años. Hombres","Personas","19014","Doctor Arroyo","https://www.inegi.org.mx/app/api/indicadores/desarrolladores/jsonxml/INDICATOR/1002000077/es/19014/false/BISE/2.0/"
"Población","Grupos de edad","Hombres","Hombres","30 a 34","1002000077","Población de 30 a 34 años. Hombres","Personas","19024","General Zaragoza","https://www.inegi.org.mx/app/api/indicadores/desarrolladores/jsonxml/INDICATOR/1002000077/es/19024/false/BISE/2.0/"
"Población","Grupos de edad","Hombres","Hombres","30 a 34","1002000077","Población de 30 a 34 años. Hombres","Personas","19036","Mier y Noriega","https://www.inegi.org.mx/app/api/indicadores/desarrolladores/jsonxml/INDICATOR/1002000077/es/19036/false/BISE/2.0/"
"Población","Grupos de edad","Mujeres","Mujeres","30 a 34","1002000078","Población de 30 a 34 años. Mujeres","Personas","19007","Aramberri","https://www.inegi.org.mx/app/api/indicadores/desarrolladores/jsonxml/INDICATOR/1002000078/es/19007/false/BISE/2.0/"
"Población","Grupos de edad","Mujeres","Mujeres","30 a 34","1002000078","Población de 30 a 34 años. Mujeres","Personas","19014","Doctor Arroyo","https://www.inegi.org.mx/app/api/indicadores/desarrolladores/jsonxml/INDICATOR/1002000078/es/19014/false/BISE/2.0/"
"Población","Grupos de edad","Mujeres","Mujeres","30 a 34","1002000078","Población de 30 a 34 años. Mujeres","Personas","19024","General Zaragoza","https://www.inegi.org.mx/app/api/indicadores/desarrolladores/jsonxml/INDICATOR/1002000078/es/19024/false/BISE/2.0/"
"Población","Grupos de edad","Mujeres","Mujeres","30 a 34","1002000078","Población de 30 a 34 años. Mujeres","Personas","19036","Mier y Noriega","https://www.inegi.org.mx/app/api/indicadores/desarrolladores/jsonxml/INDICATOR/1002000078/es/19036/false/BISE/2.0/"
"Población","Grupos de edad","Total","Total","35 a 39","1002000079","Población de 35 a 39 años","Personas","19007","Aramberri","https://www.inegi.org.mx/app/api/indicadores/desarrolladores/jsonxml/INDICATOR/1002000079/es/19007/false/BISE/2.0/"
"Población","Grupos de edad","Total","Total","35 a 39","1002000079","Población de 35 a 39 años","Personas","19014","Doctor Arroyo","https://www.inegi.org.mx/app/api/indicadores/desarrolladores/jsonxml/INDICATOR/1002000079/es/19014/false/BISE/2.0/"
"Población","Grupos de edad","Total","Total","35 a 39","1002000079","Población de 35 a 39 años","Personas","19024","General Zaragoza","https://www.inegi.org.mx/app/api/indicadores/desarrolladores/jsonxml/INDICATOR/1002000079/es/19024/false/BISE/2.0/"
"Población","Grupos de edad","Total","Total","35 a 39","1002000079","Población de 35 a 39 años","Personas","19036","Mier y Noriega","https://www.inegi.org.mx/app/api/indicadores/desarrolladores/jsonxml/INDICATOR/1002000079/es/19036/false/BISE/2.0/"
"Población","Grupos de edad","Hombres","Hombres","35 a 39","1002000080","Población de 35 a 39 años. Hombres","Personas","19007","Aramberri","https://www.inegi.org.mx/app/api/indicadores/desarrolladores/jsonxml/INDICATOR/1002000080/es/19007/false/BISE/2.0/"
"Población","Grupos de edad","Hombres","Hombres","35 a 39","1002000080","Población de 35 a 39 años. Hombres","Personas","19014","Doctor Arroyo","https://www.inegi.org.mx/app/api/indicadores/desarrolladores/jsonxml/INDICATOR/1002000080/es/19014/false/BISE/2.0/"
"Población","Grupos de edad","Hombres","Hombres","35 a 39","1002000080","Población de 35 a 39 años. Hombres","Personas","19024","General Zaragoza","https://www.inegi.org.mx/app/api/indicadores/desarrolladores/jsonxml/INDICATOR/1002000080/es/19024/false/BISE/2.0/"
"Población","Grupos de edad","Hombres","Hombres","35 a 39","1002000080","Población de 35 a 39 años. Hombres","Personas","19036","Mier y Noriega","https://www.inegi.org.mx/app/api/indicadores/desarrolladores/jsonxml/INDICATOR/1002000080/es/19036/false/BISE/2.0/"
"Población","Grupos de edad","Mujeres","Mujeres","35 a 39","1002000081","Población de 35 a 39 años. Mujeres","Personas","19007","Aramberri","https://www.inegi.org.mx/app/api/indicadores/desarrolladores/jsonxml/INDICATOR/1002000081/es/19007/false/BISE/2.0/"
"Población","Grupos de edad","Mujeres","Mujeres","35 a 39","1002000081","Población de 35 a 39 años. Mujeres","Personas","19014","Doctor Arroyo","https://www.inegi.org.mx/app/api/indicadores/desarrolladores/jsonxml/INDICATOR/1002000081/es/19014/false/BISE/2.0/"
"Población","Grupos de edad","Mujeres","Mujeres","35 a 39","1002000081","Población de 35 a 39 años. Mujeres","Personas","19024","General Zaragoza","https://www.inegi.org.mx/app/api/indicadores/desarrolladores/jsonxml/INDICATOR/1002000081/es/19024/false/BISE/2.0/"
"Población","Grupos de edad","Mujeres","Mujeres","35 a 39","1002000081","Población de 35 a 39 años. Mujeres","Personas","19036","Mier y Noriega","https://www.inegi.org.mx/app/api/indicadores/desarrolladores/jsonxml/INDICATOR/1002000081/es/19036/false/BISE/2.0/"
"Población","Grupos de edad","Total","Total","40 a 44","1002000082","Población de 40 a 44 años","Personas","19007","Aramberri","https://www.inegi.org.mx/app/api/indicadores/desarrolladores/jsonxml/INDICATOR/1002000082/es/19007/false/BISE/2.0/"
"Población","Grupos de edad","Total","Total","40 a 44","1002000082","Población de 40 a 44 años","Personas","19014","Doctor Arroyo","https://www.inegi.org.mx/app/api/indicadores/desarrolladores/jsonxml/INDICATOR/1002000082/es/19014/false/BISE/2.0/"
"Población","Grupos de edad","Total","Total","40 a 44","1002000082","Población de 40 a 44 años","Personas","19024","General Zaragoza","https://www.inegi.org.mx/app/api/indicadores/desarrolladores/jsonxml/INDICATOR/1002000082/es/19024/false/BISE/2.0/"
"Población","Grupos de edad","Total","Total","40 a 44","1002000082","Población de 40 a 44 años","Personas","19036","Mier y Noriega","https://www.inegi.org.mx/app/api/indicadores/desarrolladores/jsonxml/INDICATOR/1002000082/es/19036/false/BISE/2.0/"
"Población","Grupos de edad","Hombres","Hombres","40 a 44","1002000083","Población de 40 a 44 años. Hombres","Personas","19007","Aramberri","https://www.inegi.org.mx/app/api/indicadores/desarrolladores/jsonxml/INDICATOR/1002000083/es/19007/false/BISE/2.0/"
"Población","Grupos de edad","Hombres","Hombres","40 a 44","1002000083","Población de 40 a 44 años. Hombres","Personas","19014","Doctor Arroyo","https://www.inegi.org.mx/app/api/indicadores/desarrolladores/jsonxml/INDICATOR/1002000083/es/19014/false/BISE/2.0/"
"Población","Grupos de edad","Hombres","Hombres","40 a 44","1002000083","Población de 40 a 44 años. Hombres","Personas","19024","General Zaragoza","https://www.inegi.org.mx/app/api/indicadores/desarrolladores/jsonxml/INDICATOR/1002000083/es/19024/false/BISE/2.0/"
"Población","Grupos de edad","Hombres","Hombres","40 a 44","1002000083","Población de 40 a 44 años. Hombres","Personas","19036","Mier y Noriega","https://www.inegi.org.mx/app/api/indicadores/desarrolladores/jsonxml/INDICATOR/1002000083/es/19036/false/BISE/2.0/"
"Población","Grupos de edad","Mujeres","Mujeres","40 a 44","1002000084","Población de 40 a 44 años. Mujeres","Personas","19007","Aramberri","https://www.inegi.org.mx/app/api/indicadores/desarrolladores/jsonxml/INDICATOR/1002000084/es/19007/false/BISE/2.0/"
"Población","Grupos de edad","Mujeres","Mujeres","40 a 44","1002000084","Población de 40 a 44 años. Mujeres","Personas","19014","Doctor Arroyo","https://www.inegi.org.mx/app/api/indicadores/desarrolladores/jsonxml/INDICATOR/1002000084/es/19014/false/BISE/2.0/"
"Población","Grupos de edad","Mujeres","Mujeres","40 a 44","1002000084","Población de 40 a 44 años. Mujeres","Personas","19024","General Zaragoza","https://www.inegi.org.mx/app/api/indicadores/desarrolladores/jsonxml/INDICATOR/1002000084/es/19024/false/BISE/2.0/"
"Población","Grupos de edad","Mujeres","Mujeres","40 a 44","1002000084","Población de 40 a 44 años. Mujeres","Personas","19036","Mier y Noriega","https://www.inegi.org.mx/app/api/indicadores/desarrolladores/jsonxml/INDICATOR/1002000084/es/19036/false/BISE/2.0/"
"Población","Grupos de edad","Total","Total","45 a 49","1002000085","Población de 45 a 49 años","Personas","19007","Aramberri","https://www.inegi.org.mx/app/api/indicadores/desarrolladores/jsonxml/INDICATOR/1002000085/es/19007/false/BISE/2.0/"
"Población","Grupos de edad","Total","Total","45 a 49","1002000085","Población de 45 a 49 años","Personas","19014","Doctor Arroyo","https://www.inegi.org.mx/app/api/indicadores/desarrolladores/jsonxml/INDICATOR/1002000085/es/19014/false/BISE/2.0/"
"Población","Grupos de edad","Total","Total","45 a 49","1002000085","Población de 45 a 49 años","Personas","19024","General Zaragoza","https://www.inegi.org.mx/app/api/indicadores/desarrolladores/jsonxml/INDICATOR/1002000085/es/19024/false/BISE/2.0/"
"Población","Grupos de edad","Total","Total","45 a 49","1002000085","Población de 45 a 49 años","Personas","19036","Mier y Noriega","https://www.inegi.org.mx/app/api/indicadores/desarrolladores/jsonxml/INDICATOR/1002000085/es/19036/false/BISE/2.0/"
"Población","Grupos de edad","Hombres","Hombres","45 a 49","1002000086","Población de 45 a 49 años. Hombres","Personas","19007","Aramberri","https://www.inegi.org.mx/app/api/indicadores/desarrolladores/jsonxml/INDICATOR/1002000086/es/19007/false/BISE/2.0/"
"Población","Grupos de edad","Hombres","Hombres","45 a 49","1002000086","Población de 45 a 49 años. Hombres","Personas","19014","Doctor Arroyo","https://www.inegi.org.mx/app/api/indicadores/desarrolladores/jsonxml/INDICATOR/1002000086/es/19014/false/BISE/2.0/"
"Población","Grupos de edad","Hombres","Hombres","45 a 49","1002000086","Población de 45 a 49 años. Hombres","Personas","19024","General Zaragoza","https://www.inegi.org.mx/app/api/indicadores/desarrolladores/jsonxml/INDICATOR/1002000086/es/19024/false/BISE/2.0/"
"Población","Grupos de edad","Hombres","Hombres","45 a 49","1002000086","Población de 45 a 49 años. Hombres","Personas","19036","Mier y Noriega","https://www.inegi.org.mx/app/api/indicadores/desarrolladores/jsonxml/INDICATOR/1002000086/es/19036/false/BISE/2.0/"
"Población","Grupos de edad","Mujeres","Mujeres","45 a 49","1002000087","Población de 45 a 49 años. Mujeres","Personas","19007","Aramberri","https://www.inegi.org.mx/app/api/indicadores/desarrolladores/jsonxml/INDICATOR/1002000087/es/19007/false/BISE/2.0/"
"Población","Grupos de edad","Mujeres","Mujeres","45 a 49","1002000087","Población de 45 a 49 años. Mujeres","Personas","19014","Doctor Arroyo","https://www.inegi.org.mx/app/api/indicadores/desarrolladores/jsonxml/INDICATOR/1002000087/es/19014/false/BISE/2.0/"
"Población","Grupos de edad","Mujeres","Mujeres","45 a 49","1002000087","Población de 45 a 49 años. Mujeres","Personas","19024","General Zaragoza","https://www.inegi.org.mx/app/api/indicadores/desarrolladores/jsonxml/INDICATOR/1002000087/es/19024/false/BISE/2.0/"
"Población","Grupos de edad","Mujeres","Mujeres","45 a 49","1002000087","Población de 45 a 49 años. Mujeres","Personas","19036","Mier y Noriega","https://www.inegi.org.mx/app/api/indicadores/desarrolladores/jsonxml/INDICATOR/1002000087/es/19036/false/BISE/2.0/"
"Población","Grupos de edad","Total","Total","50 a 54","1002000091","Población de 50 a 54 años","Personas","19007","Aramberri","https://www.inegi.org.mx/app/api/indicadores/desarrolladores/jsonxml/INDICATOR/1002000091/es/19007/false/BISE/2.0/"
"Población","Grupos de edad","Total","Total","50 a 54","1002000091","Población de 50 a 54 años","Personas","19014","Doctor Arroyo","https://www.inegi.org.mx/app/api/indicadores/desarrolladores/jsonxml/INDICATOR/1002000091/es/19014/false/BISE/2.0/"
"Población","Grupos de edad","Total","Total","50 a 54","1002000091","Población de 50 a 54 años","Personas","19024","General Zaragoza","https://www.inegi.org.mx/app/api/indicadores/desarrolladores/jsonxml/INDICATOR/1002000091/es/19024/false/BISE/2.0/"
"Población","Grupos de edad","Total","Total","50 a 54","1002000091","Población de 50 a 54 años","Personas","19036","Mier y Noriega","https://www.inegi.org.mx/app/api/indicadores/desarrolladores/jsonxml/INDICATOR/1002000091/es/19036/false/BISE/2.0/"
"Población","Grupos de edad","Hombres","Hombres","50 a 54","1002000092","Población de 50 a 54 años. Hombres","Personas","19007","Aramberri","https://www.inegi.org.mx/app/api/indicadores/desarrolladores/jsonxml/INDICATOR/1002000092/es/19007/false/BISE/2.0/"
"Población","Grupos de edad","Hombres","Hombres","50 a 54","1002000092","Población de 50 a 54 años. Hombres","Personas","19014","Doctor Arroyo","https://www.inegi.org.mx/app/api/indicadores/desarrolladores/jsonxml/INDICATOR/1002000092/es/19014/false/BISE/2.0/"
"Población","Grupos de edad","Hombres","Hombres","50 a 54","1002000092","Población de 50 a 54 años. Hombres","Personas","19024","General Zaragoza","https://www.inegi.org.mx/app/api/indicadores/desarrolladores/jsonxml/INDICATOR/1002000092/es/19024/false/BISE/2.0/"
"Población","Grupos de edad","Hombres","Hombres","50 a 54","1002000092","Población de 50 a 54 años. Hombres","Personas","19036","Mier y Noriega","https://www.inegi.org.mx/app/api/indicadores/desarrolladores/jsonxml/INDICATOR/1002000092/es/19036/false/BISE/2.0/"
"Población","Grupos de edad","Mujeres","Mujeres","50 a 54","1002000093","Población de 50 a 54 años. Mujeres","Personas","19007","Aramberri","https://www.inegi.org.mx/app/api/indicadores/desarrolladores/jsonxml/INDICATOR/1002000093/es/19007/false/BISE/2.0/"
"Población","Grupos de edad","Mujeres","Mujeres","50 a 54","1002000093","Población de 50 a 54 años. Mujeres","Personas","19014","Doctor Arroyo","https://www.inegi.org.mx/app/api/indicadores/desarrolladores/jsonxml/INDICATOR/1002000093/es/19014/false/BISE/2.0/"
"Población","Grupos de edad","Mujeres","Mujeres","50 a 54","1002000093","Población de 50 a 54 años. Mujeres","Personas","19024","General Zaragoza","https://www.inegi.org.mx/app/api/indicadores/desarrolladores/jsonxml/INDICATOR/1002000093/es/19024/false/BISE/2.0/"
"Población","Grupos de edad","Mujeres","Mujeres","50 a 54","1002000093","Población de 50 a 54 años. Mujeres","Personas","19036","Mier y Noriega","https://www.inegi.org.mx/app/api/indicadores/desarrolladores/jsonxml/INDICATOR/1002000093/es/19036/false/BISE/2.0/"
"Población","Grupos de edad","Total","Total","55 a 59","1002000094","Población de 55 a 59 años","Personas","19007","Aramberri","https://www.inegi.org.mx/app/api/indicadores/desarrolladores/jsonxml/INDICATOR/1002000094/es/19007/false/BISE/2.0/"
"Población","Grupos de edad","Total","Total","55 a 59","1002000094","Población de 55 a 59 años","Personas","19014","Doctor Arroyo","https://www.inegi.org.mx/app/api/indicadores/desarrolladores/jsonxml/INDICATOR/1002000094/es/19014/false/BISE/2.0/"
"Población","Grupos de edad","Total","Total","55 a 59","1002000094","Población de 55 a 59 años","Personas","19024","General Zaragoza","https://www.inegi.org.mx/app/api/indicadores/desarrolladores/jsonxml/INDICATOR/1002000094/es/19024/false/BISE/2.0/"
"Población","Grupos de edad","Total","Total","55 a 59","1002000094","Población de 55 a 59 años","Personas","19036","Mier y Noriega","https://www.inegi.org.mx/app/api/indicadores/desarrolladores/jsonxml/INDICATOR/1002000094/es/19036/false/BISE/2.0/"
"Población","Grupos de edad","Hombres","Hombres","55 a 59","1002000095","Población de 55 a 59 años. Hombres","Número de personas","19007","Aramberri","https://www.inegi.org.mx/app/api/indicadores/desarrolladores/jsonxml/INDICATOR/1002000095/es/19007/false/BISE/2.0/"
"Población","Grupos de edad","Hombres","Hombres","55 a 59","1002000095","Población de 55 a 59 años. Hombres","Número de personas","19014","Doctor Arroyo","https://www.inegi.org.mx/app/api/indicadores/desarrolladores/jsonxml/INDICATOR/1002000095/es/19014/false/BISE/2.0/"
"Población","Grupos de edad","Hombres","Hombres","55 a 59","1002000095","Población de 55 a 59 años. Hombres","Número de personas","19024","General Zaragoza","https://www.inegi.org.mx/app/api/indicadores/desarrolladores/jsonxml/INDICATOR/1002000095/es/19024/false/BISE/2.0/"
"Población","Grupos de edad","Hombres","Hombres","55 a 59","1002000095","Población de 55 a 59 años. Hombres","Número de personas","19036","Mier y Noriega","https://www.inegi.org.mx/app/api/indicadores/desarrolladores/jsonxml/INDICATOR/1002000095/es/19036/false/BISE/2.0/"
"Población","Grupos de edad","Mujeres","Mujeres","55 a 59","1002000096","Población de 55 a 59 años. Mujeres","Número de personas","19007","Aramberri","https://www.inegi.org.mx/app/api/indicadores/desarrolladores/jsonxml/INDICATOR/1002000096/es/19007/false/BISE/2.0/"
"Población","Grupos de edad","Mujeres","Mujeres","55 a 59","1002000096","Población de 55 a 59 años. Mujeres","Número de personas","19014","Doctor Arroyo","https://www.inegi.org.mx/app/api/indicadores/desarrolladores/jsonxml/INDICATOR/1002000096/es/19014/false/BISE/2.0/"
"Población","Grupos de edad","Mujeres","Mujeres","55 a 59","1002000096","Población de 55 a 59 años. Mujeres","Número de personas","19024","General Zaragoza","https://www.inegi.org.mx/app/api/indicadores/desarrolladores/jsonxml/INDICATOR/1002000096/es/19024/false/BISE/2.0/"
"Población","Grupos de edad","Mujeres","Mujeres","55 a 59","1002000096","Población de 55 a 59 años. Mujeres","Número de personas","19036","Mier y Noriega","https://www.inegi.org.mx/app/api/indicadores/desarrolladores/jsonxml/INDICATOR/1002000096/es/19036/false/BISE/2.0/"
"Población","Grupos de edad","Total","Total","60 a 64","1002000097","Población de 60 a 64 años","Personas","19007","Aramberri","https://www.inegi.org.mx/app/api/indicadores/desarrolladores/jsonxml/INDICATOR/1002000097/es/19007/false/BISE/2.0/"
"Población","Grupos de edad","Total","Total","60 a 64","1002000097","Población de 60 a 64 años","Personas","19014","Doctor Arroyo","https://www.inegi.org.mx/app/api/indicadores/desarrolladores/jsonxml/INDICATOR/1002000097/es/19014/false/BISE/2.0/"
"Población","Grupos de edad","Total","Total","60 a 64","1002000097","Población de 60 a 64 años","Personas","19024","General Zaragoza","https://www.inegi.org.mx/app/api/indicadores/desarrolladores/jsonxml/INDICATOR/1002000097/es/19024/false/BISE/2.0/"
"Población","Grupos de edad","Total","Total","60 a 64","1002000097","Población de 60 a 64 años","Personas","19036","Mier y Noriega","https://www.inegi.org.mx/app/api/indicadores/desarrolladores/jsonxml/INDICATOR/1002000097/es/19036/false/BISE/2.0/"
"Población","Grupos de edad","Hombres","Hombres","60 a 64","1002000098","Población de 60 a 64 años. Hombres","Número de personas","19007","Aramberri","https://www.inegi.org.mx/app/api/indicadores/desarrolladores/jsonxml/INDICATOR/1002000098/es/19007/false/BISE/2.0/"
"Población","Grupos de edad","Hombres","Hombres","60 a 64","1002000098","Población de 60 a 64 años. Hombres","Número de personas","19014","Doctor Arroyo","https://www.inegi.org.mx/app/api/indicadores/desarrolladores/jsonxml/INDICATOR/1002000098/es/19014/false/BISE/2.0/"
"Población","Grupos de edad","Hombres","Hombres","60 a 64","1002000098","Población de 60 a 64 años. Hombres","Número de personas","19024","General Zaragoza","https://www.inegi.org.mx/app/api/indicadores/desarrolladores/jsonxml/INDICATOR/1002000098/es/19024/false/BISE/2.0/"
"Población","Grupos de edad","Hombres","Hombres","60 a 64","1002000098","Población de 60 a 64 años. Hombres","Número de personas","19036","Mier y Noriega","https://www.inegi.org.mx/app/api/indicadores/desarrolladores/jsonxml/INDICATOR/1002000098/es/19036/false/BISE/2.0/"
"Población","Grupos de edad","Mujeres","Mujeres","60 a 64","1002000099","Población de 60 a 64 años. Mujeres","Número de personas","19007","Aramberri","https://www.inegi.org.mx/app/api/indicadores/desarrolladores/jsonxml/INDICATOR/1002000099/es/19007/false/BISE/2.0/"
"Población","Grupos de edad","Mujeres","Mujeres","60 a 64","1002000099","Población de 60 a 64 años. Mujeres","Número de personas","19014","Doctor Arroyo","https://www.inegi.org.mx/app/api/indicadores/desarrolladores/jsonxml/INDICATOR/1002000099/es/19014/false/BISE/2.0/"
"Población","Grupos de edad","Mujeres","Mujeres","60 a 64","1002000099","Población de 60 a 64 años. Mujeres","Número de personas","19024","General Zaragoza","https://www.inegi.org.mx/app/api/indicadores/desarrolladores/jsonxml/INDICATOR/1002000099/es/19024/false/BISE/2.0/"
"Población","Grupos de edad","Mujeres","Mujeres","60 a 64","1002000099","Población de 60 a 64 años. Mujeres","Número de personas","19036","Mier y Noriega","https://www.inegi.org.mx/app/api/indicadores/desarrolladores/jsonxml/INDICATOR/1002000099/es/19036/false/BISE/2.0/"
"Población","Grupos de edad","Total","Total","65 a 69","1002000100","Población de 65 a 69 años","Personas","19007","Aramberri","https://www.inegi.org.mx/app/api/indicadores/desarrolladores/jsonxml/INDICATOR/1002000100/es/19007/false/BISE/2.0/"
"Población","Grupos de edad","Total","Total","65 a 69","1002000100","Población de 65 a 69 años","Personas","19014","Doctor Arroyo","https://www.inegi.org.mx/app/api/indicadores/desarrolladores/jsonxml/INDICATOR/1002000100/es/19014/false/BISE/2.0/"
"Población","Grupos de edad","Total","Total","65 a 69","1002000100","Población de 65 a 69 años","Personas","19024","General Zaragoza","https://www.inegi.org.mx/app/api/indicadores/desarrolladores/jsonxml/INDICATOR/1002000100/es/19024/false/BISE/2.0/"
"Población","Grupos de edad","Total","Total","65 a 69","1002000100","Población de 65 a 69 años","Personas","19036","Mier y Noriega","https://www.inegi.org.mx/app/api/indicadores/desarrolladores/jsonxml/INDICATOR/1002000100/es/19036/false/BISE/2.0/"
"Población","Grupos de edad","Hombres","Hombres","65 a 69","1002000101","Población de 65 a 69 años. Hombres","Número de personas","19007","Aramberri","https://www.inegi.org.mx/app/api/indicadores/desarrolladores/jsonxml/INDICATOR/1002000101/es/19007/false/BISE/2.0/"
"Población","Grupos de edad","Hombres","Hombres","65 a 69","1002000101","Población de 65 a 69 años. Hombres","Número de personas","19014","Doctor Arroyo","https://www.inegi.org.mx/app/api/indicadores/desarrolladores/jsonxml/INDICATOR/1002000101/es/19014/false/BISE/2.0/"
"Población","Grupos de edad","Hombres","Hombres","65 a 69","1002000101","Población de 65 a 69 años. Hombres","Número de personas","19024","General Zaragoza","https://www.inegi.org.mx/app/api/indicadores/desarrolladores/jsonxml/INDICATOR/1002000101/es/19024/false/BISE/2.0/"
"Población","Grupos de edad","Hombres","Hombres","65 a 69","1002000101","Población de 65 a 69 años. Hombres","Número de personas","19036","Mier y Noriega","https://www.inegi.org.mx/app/api/indicadores/desarrolladores/jsonxml/INDICATOR/1002000101/es/19036/false/BISE/2.0/"
"Población","Grupos de edad","Mujeres","Mujeres","65 a 69","1002000102","Población de 65 a 69 años. Mujeres","Número de personas","19007","Aramberri","https://www.inegi.org.mx/app/api/indicadores/desarrolladores/jsonxml/INDICATOR/1002000102/es/19007/false/BISE/2.0/"
"Población","Grupos de edad","Mujeres","Mujeres","65 a 69","1002000102","Población de 65 a 69 años. Mujeres","Número de personas","19014","Doctor Arroyo","https://www.inegi.org.mx/app/api/indicadores/desarrolladores/jsonxml/INDICATOR/1002000102/es/19014/false/BISE/2.0/"
"Población","Grupos de edad","Mujeres","Mujeres","65 a 69","1002000102","Población de 65 a 69 años. Mujeres","Número de personas","19024","General Zaragoza","https://www.inegi.org.mx/app/api/indicadores/desarrolladores/jsonxml/INDICATOR/1002000102/es/19024/false/BISE/2.0/"
"Población","Grupos de edad","Mujeres","Mujeres","65 a 69","1002000102","Población de 65 a 69 años. Mujeres","Número de personas","19036","Mier y Noriega","https://www.inegi.org.mx/app/api/indicadores/desarrolladores/jsonxml/INDICATOR/1002000102/es/19036/false/BISE/2.0/"
"Población","Grupos de edad","Total","Total","70 a 74","1002000103","Población de 70 a 74 años","Personas","19007","Aramberri","https://www.inegi.org.mx/app/api/indicadores/desarrolladores/jsonxml/INDICATOR/1002000103/es/19007/false/BISE/2.0/"
"Población","Grupos de edad","Total","Total","70 a 74","1002000103","Población de 70 a 74 años","Personas","19014","Doctor Arroyo","https://www.inegi.org.mx/app/api/indicadores/desarrolladores/jsonxml/INDICATOR/1002000103/es/19014/false/BISE/2.0/"
"Población","Grupos de edad","Total","Total","70 a 74","1002000103","Población de 70 a 74 años","Personas","19024","General Zaragoza","https://www.inegi.org.mx/app/api/indicadores/desarrolladores/jsonxml/INDICATOR/1002000103/es/19024/false/BISE/2.0/"
"Población","Grupos de edad","Total","Total","70 a 74","1002000103","Población de 70 a 74 años","Personas","19036","Mier y Noriega","https://www.inegi.org.mx/app/api/indicadores/desarrolladores/jsonxml/INDICATOR/1002000103/es/19036/false/BISE/2.0/"
"Población","Grupos de edad","Hombres","Hombres","70 a 74","1002000104","Población de 70 a 74 años. Hombres","Número de personas","19007","Aramberri","https://www.inegi.org.mx/app/api/indicadores/desarrolladores/jsonxml/INDICATOR/1002000104/es/19007/false/BISE/2.0/"
"Población","Grupos de edad","Hombres","Hombres","70 a 74","1002000104","Población de 70 a 74 años. Hombres","Número de personas","19014","Doctor Arroyo","https://www.inegi.org.mx/app/api/indicadores/desarrolladores/jsonxml/INDICATOR/1002000104/es/19014/false/BISE/2.0/"
"Población","Grupos de edad","Hombres","Hombres","70 a 74","1002000104","Población de 70 a 74 años. Hombres","Número de personas","19024","General Zaragoza","https://www.inegi.org.mx/app/api/indicadores/desarrolladores/jsonxml/INDICATOR/1002000104/es/19024/false/BISE/2.0/"
"Población","Grupos de edad","Hombres","Hombres","70 a 74","1002000104","Población de 70 a 74 años. Hombres","Número de personas","19036","Mier y Noriega","https://www.inegi.org.mx/app/api/indicadores/desarrolladores/jsonxml/INDICATOR/1002000104/es/19036/false/BISE/2.0/"
"Población","Grupos de edad","Mujeres","Mujeres","70 a 74","1002000105","Población de 70 a 74 años. Mujeres","Número de personas","19007","Aramberri","https://www.inegi.org.mx/app/api/indicadores/desarrolladores/jsonxml/INDICATOR/1002000105/es/19007/false/BISE/2.0/"
"Población","Grupos de edad","Mujeres","Mujeres","70 a 74","1002000105","Población de 70 a 74 años. Mujeres","Número de personas","19014","Doctor Arroyo","https://www.inegi.org.mx/app/api/indicadores/desarrolladores/jsonxml/INDICATOR/1002000105/es/19014/false/BISE/2.0/"
"Población","Grupos de edad","Mujeres","Mujeres","70 a 74","1002000105","Población de 70 a 74 años. Mujeres","Número de personas","19024","General Zaragoza","https://www.inegi.org.mx/app/api/indicadores/desarrolladores/jsonxml/INDICATOR/1002000105/es/19024/false/BISE/2.0/"
"Población","Grupos de edad","Mujeres","Mujeres","70 a 74","1002000105","Población de 70 a 74 años. Mujeres","Número de personas","19036","Mier y Noriega","https://www.inegi.org.mx/app/api/indicadores/desarrolladores/jsonxml/INDICATOR/1002000105/es/19036/false/BISE/2.0/"
"Población","Grupos de edad","Total","Total","75 a 79","1002000106","Población de 75 a 79 años","Personas","19007","Aramberri","https://www.inegi.org.mx/app/api/indicadores/desarrolladores/jsonxml/INDICATOR/1002000106/es/19007/false/BISE/2.0/"
"Población","Grupos de edad","Total","Total","75 a 79","1002000106","Población de 75 a 79 años","Personas","19014","Doctor Arroyo","https://www.inegi.org.mx/app/api/indicadores/desarrolladores/jsonxml/INDICATOR/1002000106/es/19014/false/BISE/2.0/"
"Población","Grupos de edad","Total","Total","75 a 79","1002000106","Población de 75 a 79 años","Personas","19024","General Zaragoza","https://www.inegi.org.mx/app/api/indicadores/desarrolladores/jsonxml/INDICATOR/1002000106/es/19024/false/BISE/2.0/"
"Población","Grupos de edad","Total","Total","75 a 79","1002000106","Población de 75 a 79 años","Personas","19036","Mier y Noriega","https://www.inegi.org.mx/app/api/indicadores/desarrolladores/jsonxml/INDICATOR/1002000106/es/19036/false/BISE/2.0/"
"Población","Grupos de edad","Hombres","Hombres","75 a 79","1002000107","Población de 75 a 79 años. Hombres","Número de personas","19007","Aramberri","https://www.inegi.org.mx/app/api/indicadores/desarrolladores/jsonxml/INDICATOR/1002000107/es/19007/false/BISE/2.0/"
"Población","Grupos de edad","Hombres","Hombres","75 a 79","1002000107","Población de 75 a 79 años. Hombres","Número de personas","19014","Doctor Arroyo","https://www.inegi.org.mx/app/api/indicadores/desarrolladores/jsonxml/INDICATOR/1002000107/es/19014/false/BISE/2.0/"
"Población","Grupos de edad","Hombres","Hombres","75 a 79","1002000107","Población de 75 a 79 años. Hombres","Número de personas","19024","General Zaragoza","https://www.inegi.org.mx/app/api/indicadores/desarrolladores/jsonxml/INDICATOR/1002000107/es/19024/false/BISE/2.0/"
"Población","Grupos de edad","Hombres","Hombres","75 a 79","1002000107","Población de 75 a 79 años. Hombres","Número de personas","19036","Mier y Noriega","https://www.inegi.org.mx/app/api/indicadores/desarrolladores/jsonxml/INDICATOR/1002000107/es/19036/false/BISE/2.0/"
"Población","Grupos de edad","Mujeres","Mujeres","75 a 79","1002000108","Población de 75 a 79 años. Mujeres","Número de personas","19007","Aramberri","https://www.inegi.org.mx/app/api/indicadores/desarrolladores/jsonxml/INDICATOR/1002000108/es/19007/false/BISE/2.0/"
"Población","Grupos de edad","Mujeres","Mujeres","75 a 79","1002000108","Población de 75 a 79 años. Mujeres","Número de personas","19014","Doctor Arroyo","https://www.inegi.org.mx/app/api/indicadores/desarrolladores/jsonxml/INDICATOR/1002000108/es/19014/false/BISE/2.0/"
"Población","Grupos de edad","Mujeres","Mujeres","75 a 79","1002000108","Población de 75 a 79 años. Mujeres","Número de personas","19024","General Zaragoza","https://www.inegi.org.mx/app/api/indicadores/desarrolladores/jsonxml/INDICATOR/1002000108/es/19024/false/BISE/2.0/"
"Población","Grupos de edad","Mujeres","Mujeres","75 a 79","1002000108","Población de 75 a 79 años. Mujeres","Número de personas","19036","Mier y Noriega","https://www.inegi.org.mx/app/api/indicadores/desarrolladores/jsonxml/INDICATOR/1002000108/es/19036/false/BISE/2.0/"
"Población","Grupos de edad","Total","Total","80 a 84","1002000109","Población de 80 a 84 años","Personas","19007","Aramberri","https://www.inegi.org.mx/app/api/indicadores/desarrolladores/jsonxml/INDICATOR/1002000109/es/19007/false/BISE/2.0/"
"Población","Grupos de edad","Total","Total","80 a 84","1002000109","Población de 80 a 84 años","Personas","19014","Doctor Arroyo","https://www.inegi.org.mx/app/api/indicadores/desarrolladores/jsonxml/INDICATOR/1002000109/es/19014/false/BISE/2.0/"
"Población","Grupos de edad","Total","Total","80 a 84","1002000109","Población de 80 a 84 años","Personas","19024","General Zaragoza","https://www.inegi.org.mx/app/api/indicadores/desarrolladores/jsonxml/INDICATOR/1002000109/es/19024/false/BISE/2.0/"
"Población","Grupos de edad","Total","Total","80 a 84","1002000109","Población de 80 a 84 años","Personas","19036","Mier y Noriega","https://www.inegi.org.mx/app/api/indicadores/desarrolladores/jsonxml/INDICATOR/1002000109/es/19036/false/BISE/2.0/"
"Población","Grupos de edad","Hombres","Hombres","80 a 84","1002000110","Población de 80 a 84 años. Hombres","Número de personas","19007","Aramberri","https://www.inegi.org.mx/app/api/indicadores/desarrolladores/jsonxml/INDICATOR/1002000110/es/19007/false/BISE/2.0/"
"Población","Grupos de edad","Hombres","Hombres","80 a 84","1002000110","Población de 80 a 84 años. Hombres","Número de personas","19014","Doctor Arroyo","https://www.inegi.org.mx/app/api/indicadores/desarrolladores/jsonxml/INDICATOR/1002000110/es/19014/false/BISE/2.0/"
"Población","Grupos de edad","Hombres","Hombres","80 a 84","1002000110","Población de 80 a 84 años. Hombres","Número de personas","19024","General Zaragoza","https://www.inegi.org.mx/app/api/indicadores/desarrolladores/jsonxml/INDICATOR/1002000110/es/19024/false/BISE/2.0/"
"Población","Grupos de edad","Hombres","Hombres","80 a 84","1002000110","Población de 80 a 84 años. Hombres","Número de personas","19036","Mier y Noriega","https://www.inegi.org.mx/app/api/indicadores/desarrolladores/jsonxml/INDICATOR/1002000110/es/19036/false/BISE/2.0/"
"Población","Grupos de edad","Mujeres","Mujeres","80 a 84","1002000111","Población de 80 a 84 años. Mujeres","Número de personas","19007","Aramberri","https://www.inegi.org.mx/app/api/indicadores/desarrolladores/jsonxml/INDICATOR/1002000111/es/19007/false/BISE/2.0/"
"Población","Grupos de edad","Mujeres","Mujeres","80 a 84","1002000111","Población de 80 a 84 años. Mujeres","Número de personas","19014","Doctor Arroyo","https://www.inegi.org.mx/app/api/indicadores/desarrolladores/jsonxml/INDICATOR/1002000111/es/19014/false/BISE/2.0/"
"Población","Grupos de edad","Mujeres","Mujeres","80 a 84","1002000111","Población de 80 a 84 años. Mujeres","Número de personas","19024","General Zaragoza","https://www.inegi.org.mx/app/api/indicadores/desarrolladores/jsonxml/INDICATOR/1002000111/es/19024/false/BISE/2.0/"
"Población","Grupos de edad","Mujeres","Mujeres","80 a 84","1002000111","Población de 80 a 84 años. Mujeres","Número de personas","19036","Mier y Noriega","https://www.inegi.org.mx/app/api/indicadores/desarrolladores/jsonxml/INDICATOR/1002000111/es/19036/false/BISE/2.0/"
"Población","Grupos de edad","Total","Total","85 a 89","1002000112","Población de 85 a 89 años","Personas","19007","Aramberri","https://www.inegi.org.mx/app/api/indicadores/desarrolladores/jsonxml/INDICATOR/1002000112/es/19007/false/BISE/2.0/"
"Población","Grupos de edad","Total","Total","85 a 89","1002000112","Población de 85 a 89 años","Personas","19014","Doctor Arroyo","https://www.inegi.org.mx/app/api/indicadores/desarrolladores/jsonxml/INDICATOR/1002000112/es/19014/false/BISE/2.0/"
"Población","Grupos de edad","Total","Total","85 a 89","1002000112","Población de 85 a 89 años","Personas","19024","General Zaragoza","https://www.inegi.org.mx/app/api/indicadores/desarrolladores/jsonxml/INDICATOR/1002000112/es/19024/false/BISE/2.0/"
"Población","Grupos de edad","Total","Total","85 a 89","1002000112","Población de 85 a 89 años","Personas","19036","Mier y Noriega","https://www.inegi.org.mx/app/api/indicadores/desarrolladores/jsonxml/INDICATOR/1002000112/es/19036/false/BISE/2.0/"
"Población","Grupos de edad","Hombres","Hombres","85 a 89","1002000113","Población de 85 a 89 años. Hombres","Número de personas","19007","Aramberri","https://www.inegi.org.mx/app/api/indicadores/desarrolladores/jsonxml/INDICATOR/1002000113/es/19007/false/BISE/2.0/"
"Población","Grupos de edad","Hombres","Hombres","85 a 89","1002000113","Población de 85 a 89 años. Hombres","Número de personas","19014","Doctor Arroyo","https://www.inegi.org.mx/app/api/indicadores/desarrolladores/jsonxml/INDICATOR/1002000113/es/19014/false/BISE/2.0/"
"Población","Grupos de edad","Hombres","Hombres","85 a 89","1002000113","Población de 85 a 89 años. Hombres","Número de personas","19024","General Zaragoza","https://www.inegi.org.mx/app/api/indicadores/desarrolladores/jsonxml/INDICATOR/1002000113/es/19024/false/BISE/2.0/"
"Población","Grupos de edad","Hombres","Hombres","85 a 89","1002000113","Población de 85 a 89 años. Hombres","Número de personas","19036","Mier y Noriega","https://www.inegi.org.mx/app/api/indicadores/desarrolladores/jsonxml/INDICATOR/1002000113/es/19036/false/BISE/2.0/"
"Población","Grupos de edad","Mujeres","Mujeres","85 a 89","1002000114","Población de 85 a 89 años. Mujeres","Número de personas","19007","Aramberri","https://www.inegi.org.mx/app/api/indicadores/desarrolladores/jsonxml/INDICATOR/1002000114/es/19007/false/BISE/2.0/"
"Población","Grupos de edad","Mujeres","Mujeres","85 a 89","1002000114","Población de 85 a 89 años. Mujeres","Número de personas","19014","Doctor Arroyo","https://www.inegi.org.mx/app/api/indicadores/desarrolladores/jsonxml/INDICATOR/1002000114/es/19014/false/BISE/2.0/"
"Población","Grupos de edad","Mujeres","Mujeres","85 a 89","1002000114","Población de 85 a 89 años. Mujeres","Número de personas","19024","General Zaragoza","https://www.inegi.org.mx/app/api/indicadores/desarrolladores/jsonxml/INDICATOR/1002000114/es/19024/false/BISE/2.0/"
"Población","Grupos de edad","Mujeres","Mujeres","85 a 89","1002000114","Población de 85 a 89 años. Mujeres","Número de personas","19036","Mier y Noriega","https://www.inegi.org.mx/app/api/indicadores/desarrolladores/jsonxml/INDICATOR/1002000114/es/19036/false/BISE/2.0/"
"Población","Grupos de edad","Total","Total","90 a 94","1002000115","Población de 90 a 94 años","Personas","19007","Aramberri","https://www.inegi.org.mx/app/api/indicadores/desarrolladores/jsonxml/INDICATOR/1002000115/es/19007/false/BISE/2.0/"
"Población","Grupos de edad","Total","Total","90 a 94","1002000115","Población de 90 a 94 años","Personas","19014","Doctor Arroyo","https://www.inegi.org.mx/app/api/indicadores/desarrolladores/jsonxml/INDICATOR/1002000115/es/19014/false/BISE/2.0/"
"Población","Grupos de edad","Total","Total","90 a 94","1002000115","Población de 90 a 94 años","Personas","19024","General Zaragoza","https://www.inegi.org.mx/app/api/indicadores/desarrolladores/jsonxml/INDICATOR/1002000115/es/19024/false/BISE/2.0/"
"Población","Grupos de edad","Total","Total","90 a 94","1002000115","Población de 90 a 94 años","Personas","19036","Mier y Noriega","https://www.inegi.org.mx/app/api/indicadores/desarrolladores/jsonxml/INDICATOR/1002000115/es/19036/false/BISE/2.0/"
"Población","Grupos de edad","Hombres","Hombres","90 a 94","1002000116","Población de 90 a 94 años. Hombres","Número de personas","19007","Aramberri","https://www.inegi.org.mx/app/api/indicadores/desarrolladores/jsonxml/INDICATOR/1002000116/es/19007/false/BISE/2.0/"
"Población","Grupos de edad","Hombres","Hombres","90 a 94","1002000116","Población de 90 a 94 años. Hombres","Número de personas","19014","Doctor Arroyo","https://www.inegi.org.mx/app/api/indicadores/desarrolladores/jsonxml/INDICATOR/1002000116/es/19014/false/BISE/2.0/"
"Población","Grupos de edad","Hombres","Hombres","90 a 94","1002000116","Población de 90 a 94 años. Hombres","Número de personas","19024","General Zaragoza","https://www.inegi.org.mx/app/api/indicadores/desarrolladores/jsonxml/INDICATOR/1002000116/es/19024/false/BISE/2.0/"
"Población","Grupos de edad","Hombres","Hombres","90 a 94","1002000116","Población de 90 a 94 años. Hombres","Número de personas","19036","Mier y Noriega","https://www.inegi.org.mx/app/api/indicadores/desarrolladores/jsonxml/INDICATOR/1002000116/es/19036/false/BISE/2.0/"
"Población","Grupos de edad","Mujeres","Mujeres","90 a 94","1002000117","Población de 90 a 94 años. Mujeres","Número de personas","19007","Aramberri","https://www.inegi.org.mx/app/api/indicadores/desarrolladores/jsonxml/INDICATOR/1002000117/es/19007/false/BISE/2.0/"
"Población","Grupos de edad","Mujeres","Mujeres","90 a 94","1002000117","Población de 90 a 94 años. Mujeres","Número de personas","19014","Doctor Arroyo","https://www.inegi.org.mx/app/api/indicadores/desarrolladores/jsonxml/INDICATOR/1002000117/es/19014/false/BISE/2.0/"
"Población","Grupos de edad","Mujeres","Mujeres","90 a 94","1002000117","Población de 90 a 94 años. Mujeres","Número de personas","19024","General Zaragoza","https://www.inegi.org.mx/app/api/indicadores/desarrolladores/jsonxml/INDICATOR/1002000117/es/19024/false/BISE/2.0/"
"Población","Grupos de edad","Mujeres","Mujeres","90 a 94","1002000117","Población de 90 a 94 años. Mujeres","Número de personas","19036","Mier y Noriega","https://www.inegi.org.mx/app/api/indicadores/desarrolladores/jsonxml/INDICATOR/1002000117/es/19036/false/BISE/2.0/"
"Población","Grupos de edad","Total","Total","95 a 99","1002000118","Población de 95 a 99 años","Personas","19007","Aramberri","https://www.inegi.org.mx/app/api/indicadores/desarrolladores/jsonxml/INDICATOR/1002000118/es/19007/false/BISE/2.0/"
"Población","Grupos de edad","Total","Total","95 a 99","1002000118","Población de 95 a 99 años","Personas","19014","Doctor Arroyo","https://www.inegi.org.mx/app/api/indicadores/desarrolladores/jsonxml/INDICATOR/1002000118/es/19014/false/BISE/2.0/"
"Población","Grupos de edad","Total","Total","95 a 99","1002000118","Población de 95 a 99 años","Personas","19024","General Zaragoza","https://www.inegi.org.mx/app/api/indicadores/desarrolladores/jsonxml/INDICATOR/1002000118/es/19024/false/BISE/2.0/"
"Población","Grupos de edad","Total","Total","95 a 99","1002000118","Población de 95 a 99 años","Personas","19036","Mier y Noriega","https://www.inegi.org.mx/app/api/indicadores/desarrolladores/jsonxml/INDICATOR/1002000118/es/19036/false/BISE/2.0/"
"Población","Grupos de edad","Hombres","Hombres","95 a 99","1002000119","Población de 95 a 99 años. Hombres","Número de personas","19007","Aramberri","https://www.inegi.org.mx/app/api/indicadores/desarrolladores/jsonxml/INDICATOR/1002000119/es/19007/false/BISE/2.0/"
"Población","Grupos de edad","Hombres","Hombres","95 a 99","1002000119","Población de 95 a 99 años. Hombres","Número de personas","19014","Doctor Arroyo","https://www.inegi.org.mx/app/api/indicadores/desarrolladores/jsonxml/INDICATOR/1002000119/es/19014/false/BISE/2.0/"
"Población","Grupos de edad","Hombres","Hombres","95 a 99","1002000119","Población de 95 a 99 años. Hombres","Número de personas","19024","General Zaragoza","https://www.inegi.org.mx/app/api/indicadores/desarrolladores/jsonxml/INDICATOR/1002000119/es/19024/false/BISE/2.0/"
"Población","Grupos de edad","Hombres","Hombres","95 a 99","1002000119","Población de 95 a 99 años. Hombres","Número de personas","19036","Mier y Noriega","https://www.inegi.org.mx/app/api/indicadores/desarrolladores/jsonxml/INDICATOR/1002000119/es/19036/false/BISE/2.0/"
"Población","Grupos de edad","Mujeres","Mujeres","95 a 99","1002000120","Población de 95 a 99 años. Mujeres","Número de personas","19007","Aramberri","https://www.inegi.org.mx/app/api/indicadores/desarrolladores/jsonxml/INDICATOR/1002000120/es/19007/false/BISE/2.0/"
"Población","Grupos de edad","Mujeres","Mujeres","95 a 99","1002000120","Población de 95 a 99 años. Mujeres","Número de personas","19014","Doctor Arroyo","https://www.inegi.org.mx/app/api/indicadores/desarrolladores/jsonxml/INDICATOR/1002000120/es/19014/false/BISE/2.0/"
"Población","Grupos de edad","Mujeres","Mujeres","95 a 99","1002000120","Población de 95 a 99 años. Mujeres","Número de personas","19024","General Zaragoza","https://www.inegi.org.mx/app/api/indicadores/desarrolladores/jsonxml/INDICATOR/1002000120/es/19024/false/BISE/2.0/"
"Población","Grupos de edad","Mujeres","Mujeres","95 a 99","1002000120","Población de 95 a 99 años. Mujeres","Número de personas","19036","Mier y Noriega","https://www.inegi.org.mx/app/api/indicadores/desarrolladores/jsonxml/INDICATOR/1002000120/es/19036/false/BISE/2.0/"
"Población","Grupos de edad","Total","Total","100 y más","1002000064","Población de 100 años y más","Personas","19007","Aramberri","https://www.inegi.org.mx/app/api/indicadores/desarrolladores/jsonxml/INDICATOR/1002000064/es/19007/false/BISE/2.0/"
"Población","Grupos de edad","Total","Total","100 y más","1002000064","Población de 100 años y más","Personas","19014","Doctor Arroyo","https://www.inegi.org.mx/app/api/indicadores/desarrolladores/jsonxml/INDICATOR/1002000064/es/19014/false/BISE/2.0/"
"Población","Grupos de edad","Total","Total","100 y más","1002000064","Población de 100 años y más","Personas","19024","General Zaragoza","https://www.inegi.org.mx/app/api/indicadores/desarrolladores/jsonxml/INDICATOR/1002000064/es/19024/false/BISE/2.0/"
"Población","Grupos de edad","Total","Total","100 y más","1002000064","Población de 100 años y más","Personas","19036","Mier y Noriega","https://www.inegi.org.mx/app/api/indicadores/desarrolladores/jsonxml/INDICATOR/1002000064/es/19036/false/BISE/2.0/"
"Población","Grupos de edad","Hombres","Hombres","100 y más","1002000065","Población de 100 años y más. Hombres","Personas","19007","Aramberri","https://www.inegi.org.mx/app/api/indicadores/desarrolladores/jsonxml/INDICATOR/1002000065/es/19007/false/BISE/2.0/"
"Población","Grupos de edad","Hombres","Hombres","100 y más","1002000065","Población de 100 años y más. Hombres","Personas","19014","Doctor Arroyo","https://www.inegi.org.mx/app/api/indicadores/desarrolladores/jsonxml/INDICATOR/1002000065/es/19014/false/BISE/2.0/"
"Población","Grupos de edad","Hombres","Hombres","100 y más","1002000065","Población de 100 años y más. Hombres","Personas","19024","General Zaragoza","https://www.inegi.org.mx/app/api/indicadores/desarrolladores/jsonxml/INDICATOR/1002000065/es/19024/false/BISE/2.0/"
"Población","Grupos de edad","Hombres","Hombres","100 y más","1002000065","Población de 100 años y más. Hombres","Personas","19036","Mier y Noriega","https://www.inegi.org.mx/app/api/indicadores/desarrolladores/jsonxml/INDICATOR/1002000065/es/19036/false/BISE/2.0/"
"Población","Grupos de edad","Mujeres","Mujeres","100 y más","1002000066","Población de 100 años y más. Mujeres","Personas","19007","Aramberri","https://www.inegi.org.mx/app/api/indicadores/desarrolladores/jsonxml/INDICATOR/1002000066/es/19007/false/BISE/2.0/"
"Población","Grupos de edad","Mujeres","Mujeres","100 y más","1002000066","Población de 100 años y más. Mujeres","Personas","19014","Doctor Arroyo","https://www.inegi.org.mx/app/api/indicadores/desarrolladores/jsonxml/INDICATOR/1002000066/es/19014/false/BISE/2.0/"
"Población","Grupos de edad","Mujeres","Mujeres","100 y más","1002000066","Población de 100 años y más. Mujeres","Personas","19024","General Zaragoza","https://www.inegi.org.mx/app/api/indicadores/desarrolladores/jsonxml/INDICATOR/1002000066/es/19024/false/BISE/2.0/"
"Población","Grupos de edad","Mujeres","Mujeres","100 y más","1002000066","Población de 100 años y más. Mujeres","Personas","19036","Mier y Noriega","https://www.inegi.org.mx/app/api/indicadores/desarrolladores/jsonxml/INDICATOR/1002000066/es/19036/false/BISE/2.0/"
"Natalidad y mortalidad","Nacimientos registrados","Nacimientos registrados",NA,NA,"1002000026","Nacimientos registrados","Nacimientos registrados","19007","Aramberri","https://www.inegi.org.mx/app/api/indicadores/desarrolladores/jsonxml/INDICATOR/1002000026/es/19007/false/BISE/2.0/"
"Natalidad y mortalidad","Nacimientos registrados","Nacimientos registrados",NA,NA,"1002000026","Nacimientos registrados","Nacimientos registrados","19014","Doctor Arroyo","https://www.inegi.org.mx/app/api/indicadores/desarrolladores/jsonxml/INDICATOR/1002000026/es/19014/false/BISE/2.0/"
"Natalidad y mortalidad","Nacimientos registrados","Nacimientos registrados",NA,NA,"1002000026","Nacimientos registrados","Nacimientos registrados","19024","General Zaragoza","https://www.inegi.org.mx/app/api/indicadores/desarrolladores/jsonxml/INDICATOR/1002000026/es/19024/false/BISE/2.0/"
"Natalidad y mortalidad","Nacimientos registrados","Nacimientos registrados",NA,NA,"1002000026","Nacimientos registrados","Nacimientos registrados","19036","Mier y Noriega","https://www.inegi.org.mx/app/api/indicadores/desarrolladores/jsonxml/INDICATOR/1002000026/es/19036/false/BISE/2.0/"
"Natalidad y mortalidad","Promedio de hijos nacidos vivos","Promedio de hijos nacidos vivos",NA,NA,"1002000013","Promedio de hijos nacidos vivos de las mujeres de 12 años y más","Promedio","19007","Aramberri","https://www.inegi.org.mx/app/api/indicadores/desarrolladores/jsonxml/INDICATOR/1002000013/es/19007/false/BISE/2.0/"
"Natalidad y mortalidad","Promedio de hijos nacidos vivos","Promedio de hijos nacidos vivos",NA,NA,"1002000013","Promedio de hijos nacidos vivos de las mujeres de 12 años y más","Promedio","19014","Doctor Arroyo","https://www.inegi.org.mx/app/api/indicadores/desarrolladores/jsonxml/INDICATOR/1002000013/es/19014/false/BISE/2.0/"
"Natalidad y mortalidad","Promedio de hijos nacidos vivos","Promedio de hijos nacidos vivos",NA,NA,"1002000013","Promedio de hijos nacidos vivos de las mujeres de 12 años y más","Promedio","19024","General Zaragoza","https://www.inegi.org.mx/app/api/indicadores/desarrolladores/jsonxml/INDICATOR/1002000013/es/19024/false/BISE/2.0/"
"Natalidad y mortalidad","Promedio de hijos nacidos vivos","Promedio de hijos nacidos vivos",NA,NA,"1002000013","Promedio de hijos nacidos vivos de las mujeres de 12 años y más","Promedio","19036","Mier y Noriega","https://www.inegi.org.mx/app/api/indicadores/desarrolladores/jsonxml/INDICATOR/1002000013/es/19036/false/BISE/2.0/"
"Natalidad y mortalidad","Hijos por grupo de edad de la madre","15-19",NA,"15-19","6207129648","Promedio de hijos nacidos vivos por grupo de edad: 15-19","Promedio","19007","Aramberri","https://www.inegi.org.mx/app/api/indicadores/desarrolladores/jsonxml/INDICATOR/6207129648/es/19007/false/BISE/2.0/"
"Natalidad y mortalidad","Hijos por grupo de edad de la madre","15-19",NA,"15-19","6207129648","Promedio de hijos nacidos vivos por grupo de edad: 15-19","Promedio","19014","Doctor Arroyo","https://www.inegi.org.mx/app/api/indicadores/desarrolladores/jsonxml/INDICATOR/6207129648/es/19014/false/BISE/2.0/"
"Natalidad y mortalidad","Hijos por grupo de edad de la madre","15-19",NA,"15-19","6207129648","Promedio de hijos nacidos vivos por grupo de edad: 15-19","Promedio","19024","General Zaragoza","https://www.inegi.org.mx/app/api/indicadores/desarrolladores/jsonxml/INDICATOR/6207129648/es/19024/false/BISE/2.0/"
"Natalidad y mortalidad","Hijos por grupo de edad de la madre","15-19",NA,"15-19","6207129648","Promedio de hijos nacidos vivos por grupo de edad: 15-19","Promedio","19036","Mier y Noriega","https://www.inegi.org.mx/app/api/indicadores/desarrolladores/jsonxml/INDICATOR/6207129648/es/19036/false/BISE/2.0/"
"Natalidad y mortalidad","Hijos por grupo de edad de la madre","20-24",NA,"20-24","6207129649","Promedio de hijos nacidos vivos por grupo de edad: 20-24","Promedio","19007","Aramberri","https://www.inegi.org.mx/app/api/indicadores/desarrolladores/jsonxml/INDICATOR/6207129649/es/19007/false/BISE/2.0/"
"Natalidad y mortalidad","Hijos por grupo de edad de la madre","20-24",NA,"20-24","6207129649","Promedio de hijos nacidos vivos por grupo de edad: 20-24","Promedio","19014","Doctor Arroyo","https://www.inegi.org.mx/app/api/indicadores/desarrolladores/jsonxml/INDICATOR/6207129649/es/19014/false/BISE/2.0/"
"Natalidad y mortalidad","Hijos por grupo de edad de la madre","20-24",NA,"20-24","6207129649","Promedio de hijos nacidos vivos por grupo de edad: 20-24","Promedio","19024","General Zaragoza","https://www.inegi.org.mx/app/api/indicadores/desarrolladores/jsonxml/INDICATOR/6207129649/es/19024/false/BISE/2.0/"
"Natalidad y mortalidad","Hijos por grupo de edad de la madre","20-24",NA,"20-24","6207129649","Promedio de hijos nacidos vivos por grupo de edad: 20-24","Promedio","19036","Mier y Noriega","https://www.inegi.org.mx/app/api/indicadores/desarrolladores/jsonxml/INDICATOR/6207129649/es/19036/false/BISE/2.0/"
"Natalidad y mortalidad","Hijos por grupo de edad de la madre","25-29",NA,"25-29","6207129650","Promedio de hijos nacidos vivos por grupo de edad: 25-29","Promedio","19007","Aramberri","https://www.inegi.org.mx/app/api/indicadores/desarrolladores/jsonxml/INDICATOR/6207129650/es/19007/false/BISE/2.0/"
"Natalidad y mortalidad","Hijos por grupo de edad de la madre","25-29",NA,"25-29","6207129650","Promedio de hijos nacidos vivos por grupo de edad: 25-29","Promedio","19014","Doctor Arroyo","https://www.inegi.org.mx/app/api/indicadores/desarrolladores/jsonxml/INDICATOR/6207129650/es/19014/false/BISE/2.0/"
"Natalidad y mortalidad","Hijos por grupo de edad de la madre","25-29",NA,"25-29","6207129650","Promedio de hijos nacidos vivos por grupo de edad: 25-29","Promedio","19024","General Zaragoza","https://www.inegi.org.mx/app/api/indicadores/desarrolladores/jsonxml/INDICATOR/6207129650/es/19024/false/BISE/2.0/"
"Natalidad y mortalidad","Hijos por grupo de edad de la madre","25-29",NA,"25-29","6207129650","Promedio de hijos nacidos vivos por grupo de edad: 25-29","Promedio","19036","Mier y Noriega","https://www.inegi.org.mx/app/api/indicadores/desarrolladores/jsonxml/INDICATOR/6207129650/es/19036/false/BISE/2.0/"
"Natalidad y mortalidad","Hijos por grupo de edad de la madre","30-34",NA,"30-34","6207129651","Promedio de hijos nacidos vivos por grupo de edad: 30-34","Promedio","19007","Aramberri","https://www.inegi.org.mx/app/api/indicadores/desarrolladores/jsonxml/INDICATOR/6207129651/es/19007/false/BISE/2.0/"
"Natalidad y mortalidad","Hijos por grupo de edad de la madre","30-34",NA,"30-34","6207129651","Promedio de hijos nacidos vivos por grupo de edad: 30-34","Promedio","19014","Doctor Arroyo","https://www.inegi.org.mx/app/api/indicadores/desarrolladores/jsonxml/INDICATOR/6207129651/es/19014/false/BISE/2.0/"
"Natalidad y mortalidad","Hijos por grupo de edad de la madre","30-34",NA,"30-34","6207129651","Promedio de hijos nacidos vivos por grupo de edad: 30-34","Promedio","19024","General Zaragoza","https://www.inegi.org.mx/app/api/indicadores/desarrolladores/jsonxml/INDICATOR/6207129651/es/19024/false/BISE/2.0/"
"Natalidad y mortalidad","Hijos por grupo de edad de la madre","30-34",NA,"30-34","6207129651","Promedio de hijos nacidos vivos por grupo de edad: 30-34","Promedio","19036","Mier y Noriega","https://www.inegi.org.mx/app/api/indicadores/desarrolladores/jsonxml/INDICATOR/6207129651/es/19036/false/BISE/2.0/"
"Natalidad y mortalidad","Hijos por grupo de edad de la madre","35-39",NA,"35-39","6207129652","Promedio de hijos nacidos vivos por grupo de edad: 35-39","Promedio","19007","Aramberri","https://www.inegi.org.mx/app/api/indicadores/desarrolladores/jsonxml/INDICATOR/6207129652/es/19007/false/BISE/2.0/"
"Natalidad y mortalidad","Hijos por grupo de edad de la madre","35-39",NA,"35-39","6207129652","Promedio de hijos nacidos vivos por grupo de edad: 35-39","Promedio","19014","Doctor Arroyo","https://www.inegi.org.mx/app/api/indicadores/desarrolladores/jsonxml/INDICATOR/6207129652/es/19014/false/BISE/2.0/"
"Natalidad y mortalidad","Hijos por grupo de edad de la madre","35-39",NA,"35-39","6207129652","Promedio de hijos nacidos vivos por grupo de edad: 35-39","Promedio","19024","General Zaragoza","https://www.inegi.org.mx/app/api/indicadores/desarrolladores/jsonxml/INDICATOR/6207129652/es/19024/false/BISE/2.0/"
"Natalidad y mortalidad","Hijos por grupo de edad de la madre","35-39",NA,"35-39","6207129652","Promedio de hijos nacidos vivos por grupo de edad: 35-39","Promedio","19036","Mier y Noriega","https://www.inegi.org.mx/app/api/indicadores/desarrolladores/jsonxml/INDICATOR/6207129652/es/19036/false/BISE/2.0/"
"Natalidad y mortalidad","Hijos por grupo de edad de la madre","40-44",NA,"40-44","6207129653","Promedio de hijos nacidos vivos por grupo de edad: 40-44","Promedio","19007","Aramberri","https://www.inegi.org.mx/app/api/indicadores/desarrolladores/jsonxml/INDICATOR/6207129653/es/19007/false/BISE/2.0/"
"Natalidad y mortalidad","Hijos por grupo de edad de la madre","40-44",NA,"40-44","6207129653","Promedio de hijos nacidos vivos por grupo de edad: 40-44","Promedio","19014","Doctor Arroyo","https://www.inegi.org.mx/app/api/indicadores/desarrolladores/jsonxml/INDICATOR/6207129653/es/19014/false/BISE/2.0/"
"Natalidad y mortalidad","Hijos por grupo de edad de la madre","40-44",NA,"40-44","6207129653","Promedio de hijos nacidos vivos por grupo de edad: 40-44","Promedio","19024","General Zaragoza","https://www.inegi.org.mx/app/api/indicadores/desarrolladores/jsonxml/INDICATOR/6207129653/es/19024/false/BISE/2.0/"
"Natalidad y mortalidad","Hijos por grupo de edad de la madre","40-44",NA,"40-44","6207129653","Promedio de hijos nacidos vivos por grupo de edad: 40-44","Promedio","19036","Mier y Noriega","https://www.inegi.org.mx/app/api/indicadores/desarrolladores/jsonxml/INDICATOR/6207129653/es/19036/false/BISE/2.0/"
"Natalidad y mortalidad","Hijos por grupo de edad de la madre","45-49",NA,"45-49","6207129654","Promedio de hijos nacidos vivos por grupo de edad: 45-49","Promedio","19007","Aramberri","https://www.inegi.org.mx/app/api/indicadores/desarrolladores/jsonxml/INDICATOR/6207129654/es/19007/false/BISE/2.0/"
"Natalidad y mortalidad","Hijos por grupo de edad de la madre","45-49",NA,"45-49","6207129654","Promedio de hijos nacidos vivos por grupo de edad: 45-49","Promedio","19014","Doctor Arroyo","https://www.inegi.org.mx/app/api/indicadores/desarrolladores/jsonxml/INDICATOR/6207129654/es/19014/false/BISE/2.0/"
"Natalidad y mortalidad","Hijos por grupo de edad de la madre","45-49",NA,"45-49","6207129654","Promedio de hijos nacidos vivos por grupo de edad: 45-49","Promedio","19024","General Zaragoza","https://www.inegi.org.mx/app/api/indicadores/desarrolladores/jsonxml/INDICATOR/6207129654/es/19024/false/BISE/2.0/"
"Natalidad y mortalidad","Hijos por grupo de edad de la madre","45-49",NA,"45-49","6207129654","Promedio de hijos nacidos vivos por grupo de edad: 45-49","Promedio","19036","Mier y Noriega","https://www.inegi.org.mx/app/api/indicadores/desarrolladores/jsonxml/INDICATOR/6207129654/es/19036/false/BISE/2.0/"
"Natalidad y mortalidad","Defunciones registradas","Defunciones registradas",NA,NA,"1002000030","Defunciones registradas","Defunciones registradas","19007","Aramberri","https://www.inegi.org.mx/app/api/indicadores/desarrolladores/jsonxml/INDICATOR/1002000030/es/19007/false/BISE/2.0/"
"Natalidad y mortalidad","Defunciones registradas","Defunciones registradas",NA,NA,"1002000030","Defunciones registradas","Defunciones registradas","19014","Doctor Arroyo","https://www.inegi.org.mx/app/api/indicadores/desarrolladores/jsonxml/INDICATOR/1002000030/es/19014/false/BISE/2.0/"
"Natalidad y mortalidad","Defunciones registradas","Defunciones registradas",NA,NA,"1002000030","Defunciones registradas","Defunciones registradas","19024","General Zaragoza","https://www.inegi.org.mx/app/api/indicadores/desarrolladores/jsonxml/INDICATOR/1002000030/es/19024/false/BISE/2.0/"
"Natalidad y mortalidad","Defunciones registradas","Defunciones registradas",NA,NA,"1002000030","Defunciones registradas","Defunciones registradas","19036","Mier y Noriega","https://www.inegi.org.mx/app/api/indicadores/desarrolladores/jsonxml/INDICATOR/1002000030/es/19036/false/BISE/2.0/"
"Migración","Flujos migratorios","Inmigrantes",NA,NA,"6200205252","Población de 5 años y más inmigrante","Personas","19007","Aramberri","https://www.inegi.org.mx/app/api/indicadores/desarrolladores/jsonxml/INDICATOR/6200205252/es/19007/false/BISE/2.0/"
"Migración","Flujos migratorios","Inmigrantes",NA,NA,"6200205252","Población de 5 años y más inmigrante","Personas","19014","Doctor Arroyo","https://www.inegi.org.mx/app/api/indicadores/desarrolladores/jsonxml/INDICATOR/6200205252/es/19014/false/BISE/2.0/"
"Migración","Flujos migratorios","Inmigrantes",NA,NA,"6200205252","Población de 5 años y más inmigrante","Personas","19024","General Zaragoza","https://www.inegi.org.mx/app/api/indicadores/desarrolladores/jsonxml/INDICATOR/6200205252/es/19024/false/BISE/2.0/"
"Migración","Flujos migratorios","Inmigrantes",NA,NA,"6200205252","Población de 5 años y más inmigrante","Personas","19036","Mier y Noriega","https://www.inegi.org.mx/app/api/indicadores/desarrolladores/jsonxml/INDICATOR/6200205252/es/19036/false/BISE/2.0/"
"Migración","Flujos migratorios","Emigrantes",NA,NA,"6200205277","Población de 5 años y más emigrante","Personas","19007","Aramberri","https://www.inegi.org.mx/app/api/indicadores/desarrolladores/jsonxml/INDICATOR/6200205277/es/19007/false/BISE/2.0/"
"Migración","Flujos migratorios","Emigrantes",NA,NA,"6200205277","Población de 5 años y más emigrante","Personas","19014","Doctor Arroyo","https://www.inegi.org.mx/app/api/indicadores/desarrolladores/jsonxml/INDICATOR/6200205277/es/19014/false/BISE/2.0/"
"Migración","Flujos migratorios","Emigrantes",NA,NA,"6200205277","Población de 5 años y más emigrante","Personas","19024","General Zaragoza","https://www.inegi.org.mx/app/api/indicadores/desarrolladores/jsonxml/INDICATOR/6200205277/es/19024/false/BISE/2.0/"
"Migración","Flujos migratorios","Emigrantes",NA,NA,"6200205277","Población de 5 años y más emigrante","Personas","19036","Mier y Noriega","https://www.inegi.org.mx/app/api/indicadores/desarrolladores/jsonxml/INDICATOR/6200205277/es/19036/false/BISE/2.0/"
"Migración","Causas de la migración","Trabajo",NA,NA,"6207129643","Porcentaje de la población de 5 y más años migrante según causa: Trabajo","Porcentaje","19007","Aramberri","https://www.inegi.org.mx/app/api/indicadores/desarrolladores/jsonxml/INDICATOR/6207129643/es/19007/false/BISE/2.0/"
"Migración","Causas de la migración","Trabajo",NA,NA,"6207129643","Porcentaje de la población de 5 y más años migrante según causa: Trabajo","Porcentaje","19014","Doctor Arroyo","https://www.inegi.org.mx/app/api/indicadores/desarrolladores/jsonxml/INDICATOR/6207129643/es/19014/false/BISE/2.0/"
"Migración","Causas de la migración","Trabajo",NA,NA,"6207129643","Porcentaje de la población de 5 y más años migrante según causa: Trabajo","Porcentaje","19024","General Zaragoza","https://www.inegi.org.mx/app/api/indicadores/desarrolladores/jsonxml/INDICATOR/6207129643/es/19024/false/BISE/2.0/"
"Migración","Causas de la migración","Trabajo",NA,NA,"6207129643","Porcentaje de la población de 5 y más años migrante según causa: Trabajo","Porcentaje","19036","Mier y Noriega","https://www.inegi.org.mx/app/api/indicadores/desarrolladores/jsonxml/INDICATOR/6207129643/es/19036/false/BISE/2.0/"
"Migración","Causas de la migración","Familiar",NA,NA,"6207129644","Porcentaje de la población de 5 y más años migrante según causa: Familiar","Porcentaje","19007","Aramberri","https://www.inegi.org.mx/app/api/indicadores/desarrolladores/jsonxml/INDICATOR/6207129644/es/19007/false/BISE/2.0/"
"Migración","Causas de la migración","Familiar",NA,NA,"6207129644","Porcentaje de la población de 5 y más años migrante según causa: Familiar","Porcentaje","19014","Doctor Arroyo","https://www.inegi.org.mx/app/api/indicadores/desarrolladores/jsonxml/INDICATOR/6207129644/es/19014/false/BISE/2.0/"
"Migración","Causas de la migración","Familiar",NA,NA,"6207129644","Porcentaje de la población de 5 y más años migrante según causa: Familiar","Porcentaje","19024","General Zaragoza","https://www.inegi.org.mx/app/api/indicadores/desarrolladores/jsonxml/INDICATOR/6207129644/es/19024/false/BISE/2.0/"
"Migración","Causas de la migración","Familiar",NA,NA,"6207129644","Porcentaje de la población de 5 y más años migrante según causa: Familiar","Porcentaje","19036","Mier y Noriega","https://www.inegi.org.mx/app/api/indicadores/desarrolladores/jsonxml/INDICATOR/6207129644/es/19036/false/BISE/2.0/"
"Migración","Causas de la migración","Educativa",NA,NA,"6207129645","Porcentaje de la población de 5 y más años migrante según causa: Educativa","Porcentaje","19007","Aramberri","https://www.inegi.org.mx/app/api/indicadores/desarrolladores/jsonxml/INDICATOR/6207129645/es/19007/false/BISE/2.0/"
"Migración","Causas de la migración","Educativa",NA,NA,"6207129645","Porcentaje de la población de 5 y más años migrante según causa: Educativa","Porcentaje","19014","Doctor Arroyo","https://www.inegi.org.mx/app/api/indicadores/desarrolladores/jsonxml/INDICATOR/6207129645/es/19014/false/BISE/2.0/"
"Migración","Causas de la migración","Educativa",NA,NA,"6207129645","Porcentaje de la población de 5 y más años migrante según causa: Educativa","Porcentaje","19024","General Zaragoza","https://www.inegi.org.mx/app/api/indicadores/desarrolladores/jsonxml/INDICATOR/6207129645/es/19024/false/BISE/2.0/"
"Migración","Causas de la migración","Educativa",NA,NA,"6207129645","Porcentaje de la población de 5 y más años migrante según causa: Educativa","Porcentaje","19036","Mier y Noriega","https://www.inegi.org.mx/app/api/indicadores/desarrolladores/jsonxml/INDICATOR/6207129645/es/19036/false/BISE/2.0/"
"Migración","Causas de la migración","Inseguridad o violencia",NA,NA,"6207129646","Porcentaje de la población de 5 y más años migrante según causa: Inseguridad delictiva o violencia","Porcentaje","19007","Aramberri","https://www.inegi.org.mx/app/api/indicadores/desarrolladores/jsonxml/INDICATOR/6207129646/es/19007/false/BISE/2.0/"
"Migración","Causas de la migración","Inseguridad o violencia",NA,NA,"6207129646","Porcentaje de la población de 5 y más años migrante según causa: Inseguridad delictiva o violencia","Porcentaje","19014","Doctor Arroyo","https://www.inegi.org.mx/app/api/indicadores/desarrolladores/jsonxml/INDICATOR/6207129646/es/19014/false/BISE/2.0/"
"Migración","Causas de la migración","Inseguridad o violencia",NA,NA,"6207129646","Porcentaje de la población de 5 y más años migrante según causa: Inseguridad delictiva o violencia","Porcentaje","19024","General Zaragoza","https://www.inegi.org.mx/app/api/indicadores/desarrolladores/jsonxml/INDICATOR/6207129646/es/19024/false/BISE/2.0/"
"Migración","Causas de la migración","Inseguridad o violencia",NA,NA,"6207129646","Porcentaje de la población de 5 y más años migrante según causa: Inseguridad delictiva o violencia","Porcentaje","19036","Mier y Noriega","https://www.inegi.org.mx/app/api/indicadores/desarrolladores/jsonxml/INDICATOR/6207129646/es/19036/false/BISE/2.0/"
"Migración","Causas de la migración","Otra causa",NA,NA,"6207129647","Porcentaje de la población de 5 y más años migrante según causa: Otra causa","Porcentaje","19007","Aramberri","https://www.inegi.org.mx/app/api/indicadores/desarrolladores/jsonxml/INDICATOR/6207129647/es/19007/false/BISE/2.0/"
"Migración","Causas de la migración","Otra causa",NA,NA,"6207129647","Porcentaje de la población de 5 y más años migrante según causa: Otra causa","Porcentaje","19014","Doctor Arroyo","https://www.inegi.org.mx/app/api/indicadores/desarrolladores/jsonxml/INDICATOR/6207129647/es/19014/false/BISE/2.0/"
"Migración","Causas de la migración","Otra causa",NA,NA,"6207129647","Porcentaje de la población de 5 y más años migrante según causa: Otra causa","Porcentaje","19024","General Zaragoza","https://www.inegi.org.mx/app/api/indicadores/desarrolladores/jsonxml/INDICATOR/6207129647/es/19024/false/BISE/2.0/"
"Migración","Causas de la migración","Otra causa",NA,NA,"6207129647","Porcentaje de la población de 5 y más años migrante según causa: Otra causa","Porcentaje","19036","Mier y Noriega","https://www.inegi.org.mx/app/api/indicadores/desarrolladores/jsonxml/INDICATOR/6207129647/es/19036/false/BISE/2.0/"
"Salud","Afiliación a servicios de salud","Seguro Popular",NA,NA,"6200240323","Porcentaje de la población derechohabiente en el Seguro popular","Porcentaje","19007","Aramberri","https://www.inegi.org.mx/app/api/indicadores/desarrolladores/jsonxml/INDICATOR/6200240323/es/19007/false/BISE/2.0/"
"Salud","Afiliación a servicios de salud","Seguro Popular",NA,NA,"6200240323","Porcentaje de la población derechohabiente en el Seguro popular","Porcentaje","19014","Doctor Arroyo","https://www.inegi.org.mx/app/api/indicadores/desarrolladores/jsonxml/INDICATOR/6200240323/es/19014/false/BISE/2.0/"
"Salud","Afiliación a servicios de salud","Seguro Popular",NA,NA,"6200240323","Porcentaje de la población derechohabiente en el Seguro popular","Porcentaje","19024","General Zaragoza","https://www.inegi.org.mx/app/api/indicadores/desarrolladores/jsonxml/INDICATOR/6200240323/es/19024/false/BISE/2.0/"
"Salud","Afiliación a servicios de salud","Seguro Popular",NA,NA,"6200240323","Porcentaje de la población derechohabiente en el Seguro popular","Porcentaje","19036","Mier y Noriega","https://www.inegi.org.mx/app/api/indicadores/desarrolladores/jsonxml/INDICATOR/6200240323/es/19036/false/BISE/2.0/"
"Salud","Afiliación a servicios de salud","PEMEX, SDN o SM",NA,NA,"6200240414","Porcentaje de la población derechohabiente en PEMEX, SDN o SM","Porcentaje","19007","Aramberri","https://www.inegi.org.mx/app/api/indicadores/desarrolladores/jsonxml/INDICATOR/6200240414/es/19007/false/BISE/2.0/"
"Salud","Afiliación a servicios de salud","PEMEX, SDN o SM",NA,NA,"6200240414","Porcentaje de la población derechohabiente en PEMEX, SDN o SM","Porcentaje","19014","Doctor Arroyo","https://www.inegi.org.mx/app/api/indicadores/desarrolladores/jsonxml/INDICATOR/6200240414/es/19014/false/BISE/2.0/"
"Salud","Afiliación a servicios de salud","PEMEX, SDN o SM",NA,NA,"6200240414","Porcentaje de la población derechohabiente en PEMEX, SDN o SM","Porcentaje","19024","General Zaragoza","https://www.inegi.org.mx/app/api/indicadores/desarrolladores/jsonxml/INDICATOR/6200240414/es/19024/false/BISE/2.0/"
"Salud","Afiliación a servicios de salud","PEMEX, SDN o SM",NA,NA,"6200240414","Porcentaje de la población derechohabiente en PEMEX, SDN o SM","Porcentaje","19036","Mier y Noriega","https://www.inegi.org.mx/app/api/indicadores/desarrolladores/jsonxml/INDICATOR/6200240414/es/19036/false/BISE/2.0/"
"Salud","Afiliación a servicios de salud","Servicios médicos privados",NA,NA,"6200240416","Porcentaje de la población usuaria de servicios de salud en instituciones de servicios médicos privados","Porcentaje","19007","Aramberri","https://www.inegi.org.mx/app/api/indicadores/desarrolladores/jsonxml/INDICATOR/6200240416/es/19007/false/BISE/2.0/"
"Salud","Afiliación a servicios de salud","Servicios médicos privados",NA,NA,"6200240416","Porcentaje de la población usuaria de servicios de salud en instituciones de servicios médicos privados","Porcentaje","19014","Doctor Arroyo","https://www.inegi.org.mx/app/api/indicadores/desarrolladores/jsonxml/INDICATOR/6200240416/es/19014/false/BISE/2.0/"
"Salud","Afiliación a servicios de salud","Servicios médicos privados",NA,NA,"6200240416","Porcentaje de la población usuaria de servicios de salud en instituciones de servicios médicos privados","Porcentaje","19024","General Zaragoza","https://www.inegi.org.mx/app/api/indicadores/desarrolladores/jsonxml/INDICATOR/6200240416/es/19024/false/BISE/2.0/"
"Salud","Afiliación a servicios de salud","Servicios médicos privados",NA,NA,"6200240416","Porcentaje de la población usuaria de servicios de salud en instituciones de servicios médicos privados","Porcentaje","19036","Mier y Noriega","https://www.inegi.org.mx/app/api/indicadores/desarrolladores/jsonxml/INDICATOR/6200240416/es/19036/false/BISE/2.0/"
"Salud","Afiliación a servicios de salud","ISSSTE",NA,NA,"6200240421","Porcentaje de la población derechohabiente en el ISSSTE","Porcentaje","19007","Aramberri","https://www.inegi.org.mx/app/api/indicadores/desarrolladores/jsonxml/INDICATOR/6200240421/es/19007/false/BISE/2.0/"
"Salud","Afiliación a servicios de salud","ISSSTE",NA,NA,"6200240421","Porcentaje de la población derechohabiente en el ISSSTE","Porcentaje","19014","Doctor Arroyo","https://www.inegi.org.mx/app/api/indicadores/desarrolladores/jsonxml/INDICATOR/6200240421/es/19014/false/BISE/2.0/"
"Salud","Afiliación a servicios de salud","ISSSTE",NA,NA,"6200240421","Porcentaje de la población derechohabiente en el ISSSTE","Porcentaje","19024","General Zaragoza","https://www.inegi.org.mx/app/api/indicadores/desarrolladores/jsonxml/INDICATOR/6200240421/es/19024/false/BISE/2.0/"
"Salud","Afiliación a servicios de salud","ISSSTE",NA,NA,"6200240421","Porcentaje de la población derechohabiente en el ISSSTE","Porcentaje","19036","Mier y Noriega","https://www.inegi.org.mx/app/api/indicadores/desarrolladores/jsonxml/INDICATOR/6200240421/es/19036/false/BISE/2.0/"
"Salud","Afiliación a servicios de salud","IMSS",NA,NA,"6200240471","Porcentaje de la población derechohabiente en el IMSS","Porcentaje","19007","Aramberri","https://www.inegi.org.mx/app/api/indicadores/desarrolladores/jsonxml/INDICATOR/6200240471/es/19007/false/BISE/2.0/"
"Salud","Afiliación a servicios de salud","IMSS",NA,NA,"6200240471","Porcentaje de la población derechohabiente en el IMSS","Porcentaje","19014","Doctor Arroyo","https://www.inegi.org.mx/app/api/indicadores/desarrolladores/jsonxml/INDICATOR/6200240471/es/19014/false/BISE/2.0/"
"Salud","Afiliación a servicios de salud","IMSS",NA,NA,"6200240471","Porcentaje de la población derechohabiente en el IMSS","Porcentaje","19024","General Zaragoza","https://www.inegi.org.mx/app/api/indicadores/desarrolladores/jsonxml/INDICATOR/6200240471/es/19024/false/BISE/2.0/"
"Salud","Afiliación a servicios de salud","IMSS",NA,NA,"6200240471","Porcentaje de la población derechohabiente en el IMSS","Porcentaje","19036","Mier y Noriega","https://www.inegi.org.mx/app/api/indicadores/desarrolladores/jsonxml/INDICATOR/6200240471/es/19036/false/BISE/2.0/"
"Salud","Afiliación a servicios de salud","Seguro privado",NA,NA,"6207019013","Porcentaje de población afiliada a seguro privado","Porcentaje","19007","Aramberri","https://www.inegi.org.mx/app/api/indicadores/desarrolladores/jsonxml/INDICATOR/6207019013/es/19007/false/BISE/2.0/"
"Salud","Afiliación a servicios de salud","Seguro privado",NA,NA,"6207019013","Porcentaje de población afiliada a seguro privado","Porcentaje","19014","Doctor Arroyo","https://www.inegi.org.mx/app/api/indicadores/desarrolladores/jsonxml/INDICATOR/6207019013/es/19014/false/BISE/2.0/"
"Salud","Afiliación a servicios de salud","Seguro privado",NA,NA,"6207019013","Porcentaje de población afiliada a seguro privado","Porcentaje","19024","General Zaragoza","https://www.inegi.org.mx/app/api/indicadores/desarrolladores/jsonxml/INDICATOR/6207019013/es/19024/false/BISE/2.0/"
"Salud","Afiliación a servicios de salud","Seguro privado",NA,NA,"6207019013","Porcentaje de población afiliada a seguro privado","Porcentaje","19036","Mier y Noriega","https://www.inegi.org.mx/app/api/indicadores/desarrolladores/jsonxml/INDICATOR/6207019013/es/19036/false/BISE/2.0/"
"Salud","Afiliación a servicios de salud","Otra institución",NA,NA,"6207019017","Porcentaje de población afiliada a otra institución","Porcentaje","19007","Aramberri","https://www.inegi.org.mx/app/api/indicadores/desarrolladores/jsonxml/INDICATOR/6207019017/es/19007/false/BISE/2.0/"
"Salud","Afiliación a servicios de salud","Otra institución",NA,NA,"6207019017","Porcentaje de población afiliada a otra institución","Porcentaje","19014","Doctor Arroyo","https://www.inegi.org.mx/app/api/indicadores/desarrolladores/jsonxml/INDICATOR/6207019017/es/19014/false/BISE/2.0/"
"Salud","Afiliación a servicios de salud","Otra institución",NA,NA,"6207019017","Porcentaje de población afiliada a otra institución","Porcentaje","19024","General Zaragoza","https://www.inegi.org.mx/app/api/indicadores/desarrolladores/jsonxml/INDICATOR/6207019017/es/19024/false/BISE/2.0/"
"Salud","Afiliación a servicios de salud","Otra institución",NA,NA,"6207019017","Porcentaje de población afiliada a otra institución","Porcentaje","19036","Mier y Noriega","https://www.inegi.org.mx/app/api/indicadores/desarrolladores/jsonxml/INDICATOR/6207019017/es/19036/false/BISE/2.0/"
"Salud","Afiliación a servicios de salud","Afiliada a algún servicio",NA,NA,"6207019018","Porcentaje de población afiliada a servicios de salud","Porcentaje","19007","Aramberri","https://www.inegi.org.mx/app/api/indicadores/desarrolladores/jsonxml/INDICATOR/6207019018/es/19007/false/BISE/2.0/"
"Salud","Afiliación a servicios de salud","Afiliada a algún servicio",NA,NA,"6207019018","Porcentaje de población afiliada a servicios de salud","Porcentaje","19014","Doctor Arroyo","https://www.inegi.org.mx/app/api/indicadores/desarrolladores/jsonxml/INDICATOR/6207019018/es/19014/false/BISE/2.0/"
"Salud","Afiliación a servicios de salud","Afiliada a algún servicio",NA,NA,"6207019018","Porcentaje de población afiliada a servicios de salud","Porcentaje","19024","General Zaragoza","https://www.inegi.org.mx/app/api/indicadores/desarrolladores/jsonxml/INDICATOR/6207019018/es/19024/false/BISE/2.0/"
"Salud","Afiliación a servicios de salud","Afiliada a algún servicio",NA,NA,"6207019018","Porcentaje de población afiliada a servicios de salud","Porcentaje","19036","Mier y Noriega","https://www.inegi.org.mx/app/api/indicadores/desarrolladores/jsonxml/INDICATOR/6207019018/es/19036/false/BISE/2.0/"
"Salud","Afiliación a servicios de salud","IMSS-BIENESTAR",NA,NA,"6207129818","Porcentaje de la población derechohabiente en Instituto de Salud para el Bienestar (IMSS-PROSPERA o IMSS-BIENESTAR)","Porcentaje","19007","Aramberri","https://www.inegi.org.mx/app/api/indicadores/desarrolladores/jsonxml/INDICATOR/6207129818/es/19007/false/BISE/2.0/"
"Salud","Afiliación a servicios de salud","IMSS-BIENESTAR",NA,NA,"6207129818","Porcentaje de la población derechohabiente en Instituto de Salud para el Bienestar (IMSS-PROSPERA o IMSS-BIENESTAR)","Porcentaje","19014","Doctor Arroyo","https://www.inegi.org.mx/app/api/indicadores/desarrolladores/jsonxml/INDICATOR/6207129818/es/19014/false/BISE/2.0/"
"Salud","Afiliación a servicios de salud","IMSS-BIENESTAR",NA,NA,"6207129818","Porcentaje de la población derechohabiente en Instituto de Salud para el Bienestar (IMSS-PROSPERA o IMSS-BIENESTAR)","Porcentaje","19024","General Zaragoza","https://www.inegi.org.mx/app/api/indicadores/desarrolladores/jsonxml/INDICATOR/6207129818/es/19024/false/BISE/2.0/"
"Salud","Afiliación a servicios de salud","IMSS-BIENESTAR",NA,NA,"6207129818","Porcentaje de la población derechohabiente en Instituto de Salud para el Bienestar (IMSS-PROSPERA o IMSS-BIENESTAR)","Porcentaje","19036","Mier y Noriega","https://www.inegi.org.mx/app/api/indicadores/desarrolladores/jsonxml/INDICATOR/6207129818/es/19036/false/BISE/2.0/"
"Salud","Discapacidad","Escuchar",NA,NA,"6200205260","Población con limitación en la actividad para escuchar","Personas","19007","Aramberri","https://www.inegi.org.mx/app/api/indicadores/desarrolladores/jsonxml/INDICATOR/6200205260/es/19007/false/BISE/2.0/"
"Salud","Discapacidad","Hablar o comunicarse",NA,NA,"6200205261","Población con limitación en la actividad para hablar o comunicarse","Personas","19007","Aramberri","https://www.inegi.org.mx/app/api/indicadores/desarrolladores/jsonxml/INDICATOR/6200205261/es/19007/false/BISE/2.0/"
"Salud","Discapacidad","Caminar o moverse",NA,NA,"6200205263","Población con limitación en la actividad para caminar o moverse","Personas","19007","Aramberri","https://www.inegi.org.mx/app/api/indicadores/desarrolladores/jsonxml/INDICATOR/6200205263/es/19007/false/BISE/2.0/"
"Salud","Discapacidad","Ver",NA,NA,"6200205280","Población con limitación en la actividad para ver","Personas","19007","Aramberri","https://www.inegi.org.mx/app/api/indicadores/desarrolladores/jsonxml/INDICATOR/6200205280/es/19007/false/BISE/2.0/"
"Salud","Discapacidad","Mental",NA,NA,"6200205286","Población con limitación en la actividad mental","Personas","19007","Aramberri","https://www.inegi.org.mx/app/api/indicadores/desarrolladores/jsonxml/INDICATOR/6200205286/es/19007/false/BISE/2.0/"
"Salud","Discapacidad","Escuchar",NA,NA,"6200205260","Población con limitación en la actividad para escuchar","Personas","19014","Doctor Arroyo","https://www.inegi.org.mx/app/api/indicadores/desarrolladores/jsonxml/INDICATOR/6200205260/es/19014/false/BISE/2.0/"
"Salud","Discapacidad","Hablar o comunicarse",NA,NA,"6200205261","Población con limitación en la actividad para hablar o comunicarse","Personas","19014","Doctor Arroyo","https://www.inegi.org.mx/app/api/indicadores/desarrolladores/jsonxml/INDICATOR/6200205261/es/19014/false/BISE/2.0/"
"Salud","Discapacidad","Caminar o moverse",NA,NA,"6200205263","Población con limitación en la actividad para caminar o moverse","Personas","19014","Doctor Arroyo","https://www.inegi.org.mx/app/api/indicadores/desarrolladores/jsonxml/INDICATOR/6200205263/es/19014/false/BISE/2.0/"
"Salud","Discapacidad","Ver",NA,NA,"6200205280","Población con limitación en la actividad para ver","Personas","19014","Doctor Arroyo","https://www.inegi.org.mx/app/api/indicadores/desarrolladores/jsonxml/INDICATOR/6200205280/es/19014/false/BISE/2.0/"
"Salud","Discapacidad","Mental",NA,NA,"6200205286","Población con limitación en la actividad mental","Personas","19014","Doctor Arroyo","https://www.inegi.org.mx/app/api/indicadores/desarrolladores/jsonxml/INDICATOR/6200205286/es/19014/false/BISE/2.0/"
"Salud","Discapacidad","Escuchar",NA,NA,"6200205260","Población con limitación en la actividad para escuchar","Personas","19024","General Zaragoza","https://www.inegi.org.mx/app/api/indicadores/desarrolladores/jsonxml/INDICATOR/6200205260/es/19024/false/BISE/2.0/"
"Salud","Discapacidad","Hablar o comunicarse",NA,NA,"6200205261","Población con limitación en la actividad para hablar o comunicarse","Personas","19024","General Zaragoza","https://www.inegi.org.mx/app/api/indicadores/desarrolladores/jsonxml/INDICATOR/6200205261/es/19024/false/BISE/2.0/"
"Salud","Discapacidad","Caminar o moverse",NA,NA,"6200205263","Población con limitación en la actividad para caminar o moverse","Personas","19024","General Zaragoza","https://www.inegi.org.mx/app/api/indicadores/desarrolladores/jsonxml/INDICATOR/6200205263/es/19024/false/BISE/2.0/"
"Salud","Discapacidad","Ver",NA,NA,"6200205280","Población con limitación en la actividad para ver","Personas","19024","General Zaragoza","https://www.inegi.org.mx/app/api/indicadores/desarrolladores/jsonxml/INDICATOR/6200205280/es/19024/false/BISE/2.0/"
"Salud","Discapacidad","Mental",NA,NA,"6200205286","Población con limitación en la actividad mental","Personas","19024","General Zaragoza","https://www.inegi.org.mx/app/api/indicadores/desarrolladores/jsonxml/INDICATOR/6200205286/es/19024/false/BISE/2.0/"
"Salud","Discapacidad","Escuchar",NA,NA,"6200205260","Población con limitación en la actividad para escuchar","Personas","19036","Mier y Noriega","https://www.inegi.org.mx/app/api/indicadores/desarrolladores/jsonxml/INDICATOR/6200205260/es/19036/false/BISE/2.0/"
"Salud","Discapacidad","Hablar o comunicarse",NA,NA,"6200205261","Población con limitación en la actividad para hablar o comunicarse","Personas","19036","Mier y Noriega","https://www.inegi.org.mx/app/api/indicadores/desarrolladores/jsonxml/INDICATOR/6200205261/es/19036/false/BISE/2.0/"
"Salud","Discapacidad","Caminar o moverse",NA,NA,"6200205263","Población con limitación en la actividad para caminar o moverse","Personas","19036","Mier y Noriega","https://www.inegi.org.mx/app/api/indicadores/desarrolladores/jsonxml/INDICATOR/6200205263/es/19036/false/BISE/2.0/"
"Salud","Discapacidad","Ver",NA,NA,"6200205280","Población con limitación en la actividad para ver","Personas","19036","Mier y Noriega","https://www.inegi.org.mx/app/api/indicadores/desarrolladores/jsonxml/INDICATOR/6200205280/es/19036/false/BISE/2.0/"
"Salud","Discapacidad","Mental",NA,NA,"6200205286","Población con limitación en la actividad mental","Personas","19036","Mier y Noriega","https://www.inegi.org.mx/app/api/indicadores/desarrolladores/jsonxml/INDICATOR/6200205286/es/19036/false/BISE/2.0/"
"Hogares y vivienda","Jefatura del hogar","Jefatura masculina",NA,NA,"1002000019","Hogares con jefatura masculina","Hogares","19007","Aramberri","https://www.inegi.org.mx/app/api/indicadores/desarrolladores/jsonxml/INDICATOR/1002000019/es/19007/false/BISE/2.0/"
"Hogares y vivienda","Jefatura del hogar","Jefatura masculina",NA,NA,"1002000019","Hogares con jefatura masculina","Hogares","19014","Doctor Arroyo","https://www.inegi.org.mx/app/api/indicadores/desarrolladores/jsonxml/INDICATOR/1002000019/es/19014/false/BISE/2.0/"
"Hogares y vivienda","Jefatura del hogar","Jefatura masculina",NA,NA,"1002000019","Hogares con jefatura masculina","Hogares","19024","General Zaragoza","https://www.inegi.org.mx/app/api/indicadores/desarrolladores/jsonxml/INDICATOR/1002000019/es/19024/false/BISE/2.0/"
"Hogares y vivienda","Jefatura del hogar","Jefatura masculina",NA,NA,"1002000019","Hogares con jefatura masculina","Hogares","19036","Mier y Noriega","https://www.inegi.org.mx/app/api/indicadores/desarrolladores/jsonxml/INDICATOR/1002000019/es/19036/false/BISE/2.0/"
"Hogares y vivienda","Jefatura del hogar","Jefatura femenina",NA,NA,"1002000020","Hogares con jefatura femenina","Hogares","19007","Aramberri","https://www.inegi.org.mx/app/api/indicadores/desarrolladores/jsonxml/INDICATOR/1002000020/es/19007/false/BISE/2.0/"
"Hogares y vivienda","Jefatura del hogar","Jefatura femenina",NA,NA,"1002000020","Hogares con jefatura femenina","Hogares","19014","Doctor Arroyo","https://www.inegi.org.mx/app/api/indicadores/desarrolladores/jsonxml/INDICATOR/1002000020/es/19014/false/BISE/2.0/"
"Hogares y vivienda","Jefatura del hogar","Jefatura femenina",NA,NA,"1002000020","Hogares con jefatura femenina","Hogares","19024","General Zaragoza","https://www.inegi.org.mx/app/api/indicadores/desarrolladores/jsonxml/INDICATOR/1002000020/es/19024/false/BISE/2.0/"
"Hogares y vivienda","Jefatura del hogar","Jefatura femenina",NA,NA,"1002000020","Hogares con jefatura femenina","Hogares","19036","Mier y Noriega","https://www.inegi.org.mx/app/api/indicadores/desarrolladores/jsonxml/INDICATOR/1002000020/es/19036/false/BISE/2.0/"
"Educación","Educación","Tasa de alfabetización (15 a 24 años)",NA,NA,"1002000050","Tasa de alfabetización de las personas de 15 a 24 años","Tasa","19007","Aramberri","https://www.inegi.org.mx/app/api/indicadores/desarrolladores/jsonxml/INDICATOR/1002000050/es/19007/false/BISE/2.0/"
"Educación","Educación","Tasa de alfabetización (15 a 24 años)",NA,NA,"1002000050","Tasa de alfabetización de las personas de 15 a 24 años","Tasa","19014","Doctor Arroyo","https://www.inegi.org.mx/app/api/indicadores/desarrolladores/jsonxml/INDICATOR/1002000050/es/19014/false/BISE/2.0/"
"Educación","Educación","Tasa de alfabetización (15 a 24 años)",NA,NA,"1002000050","Tasa de alfabetización de las personas de 15 a 24 años","Tasa","19024","General Zaragoza","https://www.inegi.org.mx/app/api/indicadores/desarrolladores/jsonxml/INDICATOR/1002000050/es/19024/false/BISE/2.0/"
"Educación","Educación","Tasa de alfabetización (15 a 24 años)",NA,NA,"1002000050","Tasa de alfabetización de las personas de 15 a 24 años","Tasa","19036","Mier y Noriega","https://www.inegi.org.mx/app/api/indicadores/desarrolladores/jsonxml/INDICATOR/1002000050/es/19036/false/BISE/2.0/"
"Educación","Educación","Asistencia escolar (5 años y más)",NA,NA,"1005000012","Población de 5 años y más que asiste a la escuela","Personas","19007","Aramberri","https://www.inegi.org.mx/app/api/indicadores/desarrolladores/jsonxml/INDICATOR/1005000012/es/19007/false/BISE/2.0/"
"Educación","Educación","Asistencia escolar (5 años y más)",NA,NA,"1005000012","Población de 5 años y más que asiste a la escuela","Personas","19014","Doctor Arroyo","https://www.inegi.org.mx/app/api/indicadores/desarrolladores/jsonxml/INDICATOR/1005000012/es/19014/false/BISE/2.0/"
"Educación","Educación","Asistencia escolar (5 años y más)",NA,NA,"1005000012","Población de 5 años y más que asiste a la escuela","Personas","19024","General Zaragoza","https://www.inegi.org.mx/app/api/indicadores/desarrolladores/jsonxml/INDICATOR/1005000012/es/19024/false/BISE/2.0/"
"Educación","Educación","Asistencia escolar (5 años y más)",NA,NA,"1005000012","Población de 5 años y más que asiste a la escuela","Personas","19036","Mier y Noriega","https://www.inegi.org.mx/app/api/indicadores/desarrolladores/jsonxml/INDICATOR/1005000012/es/19036/false/BISE/2.0/"
"Educación","Educación","Grado promedio de escolaridad",NA,NA,"1005000038","Grado promedio de escolaridad de la población de 15 y más años","Años de escolaridad","19007","Aramberri","https://www.inegi.org.mx/app/api/indicadores/desarrolladores/jsonxml/INDICATOR/1005000038/es/19007/false/BISE/2.0/"
"Educación","Educación","Grado promedio de escolaridad",NA,NA,"1005000038","Grado promedio de escolaridad de la población de 15 y más años","Años de escolaridad","19014","Doctor Arroyo","https://www.inegi.org.mx/app/api/indicadores/desarrolladores/jsonxml/INDICATOR/1005000038/es/19014/false/BISE/2.0/"
"Educación","Educación","Grado promedio de escolaridad",NA,NA,"1005000038","Grado promedio de escolaridad de la población de 15 y más años","Años de escolaridad","19024","General Zaragoza","https://www.inegi.org.mx/app/api/indicadores/desarrolladores/jsonxml/INDICATOR/1005000038/es/19024/false/BISE/2.0/"
"Educación","Educación","Grado promedio de escolaridad",NA,NA,"1005000038","Grado promedio de escolaridad de la población de 15 y más años","Años de escolaridad","19036","Mier y Noriega","https://www.inegi.org.mx/app/api/indicadores/desarrolladores/jsonxml/INDICATOR/1005000038/es/19036/false/BISE/2.0/"
"Educación","Educación","% sin escolaridad",NA,NA,"6207019020","Porcentaje de población de 15 años y más sin escolaridad","Porcentaje","19007","Aramberri","https://www.inegi.org.mx/app/api/indicadores/desarrolladores/jsonxml/INDICATOR/6207019020/es/19007/false/BISE/2.0/"
"Educación","Educación","% sin escolaridad",NA,NA,"6207019020","Porcentaje de población de 15 años y más sin escolaridad","Porcentaje","19014","Doctor Arroyo","https://www.inegi.org.mx/app/api/indicadores/desarrolladores/jsonxml/INDICATOR/6207019020/es/19014/false/BISE/2.0/"
"Educación","Educación","% sin escolaridad",NA,NA,"6207019020","Porcentaje de población de 15 años y más sin escolaridad","Porcentaje","19024","General Zaragoza","https://www.inegi.org.mx/app/api/indicadores/desarrolladores/jsonxml/INDICATOR/6207019020/es/19024/false/BISE/2.0/"
"Educación","Educación","% sin escolaridad",NA,NA,"6207019020","Porcentaje de población de 15 años y más sin escolaridad","Porcentaje","19036","Mier y Noriega","https://www.inegi.org.mx/app/api/indicadores/desarrolladores/jsonxml/INDICATOR/6207019020/es/19036/false/BISE/2.0/"
"Educación","Educación","% con media superior",NA,NA,"6200240314","Porcentaje de la población de 15 años y más con instrucción media superior","Porcentaje","19007","Aramberri","https://www.inegi.org.mx/app/api/indicadores/desarrolladores/jsonxml/INDICATOR/6200240314/es/19007/false/BISE/2.0/"
"Educación","Educación","% con media superior",NA,NA,"6200240314","Porcentaje de la población de 15 años y más con instrucción media superior","Porcentaje","19014","Doctor Arroyo","https://www.inegi.org.mx/app/api/indicadores/desarrolladores/jsonxml/INDICATOR/6200240314/es/19014/false/BISE/2.0/"
"Educación","Educación","% con media superior",NA,NA,"6200240314","Porcentaje de la población de 15 años y más con instrucción media superior","Porcentaje","19024","General Zaragoza","https://www.inegi.org.mx/app/api/indicadores/desarrolladores/jsonxml/INDICATOR/6200240314/es/19024/false/BISE/2.0/"
"Educación","Educación","% con media superior",NA,NA,"6200240314","Porcentaje de la población de 15 años y más con instrucción media superior","Porcentaje","19036","Mier y Noriega","https://www.inegi.org.mx/app/api/indicadores/desarrolladores/jsonxml/INDICATOR/6200240314/es/19036/false/BISE/2.0/"
"Educación","Educación","% con instrucción superior",NA,NA,"6200240365","Porcentaje de la población de 15 años y más con instrucción superior","Porcentaje","19007","Aramberri","https://www.inegi.org.mx/app/api/indicadores/desarrolladores/jsonxml/INDICATOR/6200240365/es/19007/false/BISE/2.0/"
"Educación","Educación","% con instrucción superior",NA,NA,"6200240365","Porcentaje de la población de 15 años y más con instrucción superior","Porcentaje","19014","Doctor Arroyo","https://www.inegi.org.mx/app/api/indicadores/desarrolladores/jsonxml/INDICATOR/6200240365/es/19014/false/BISE/2.0/"
"Educación","Educación","% con instrucción superior",NA,NA,"6200240365","Porcentaje de la población de 15 años y más con instrucción superior","Porcentaje","19024","General Zaragoza","https://www.inegi.org.mx/app/api/indicadores/desarrolladores/jsonxml/INDICATOR/6200240365/es/19024/false/BISE/2.0/"
"Educación","Educación","% con instrucción superior",NA,NA,"6200240365","Porcentaje de la población de 15 años y más con instrucción superior","Porcentaje","19036","Mier y Noriega","https://www.inegi.org.mx/app/api/indicadores/desarrolladores/jsonxml/INDICATOR/6200240365/es/19036/false/BISE/2.0/"
"Educación","Educación","% sin instrucción",NA,NA,"6200240447","Porcentaje de la población de 15 años y más sin instrucción","Porcentaje","19007","Aramberri","https://www.inegi.org.mx/app/api/indicadores/desarrolladores/jsonxml/INDICATOR/6200240447/es/19007/false/BISE/2.0/"
"Educación","Educación","% sin instrucción",NA,NA,"6200240447","Porcentaje de la población de 15 años y más sin instrucción","Porcentaje","19014","Doctor Arroyo","https://www.inegi.org.mx/app/api/indicadores/desarrolladores/jsonxml/INDICATOR/6200240447/es/19014/false/BISE/2.0/"
"Educación","Educación","% sin instrucción",NA,NA,"6200240447","Porcentaje de la población de 15 años y más sin instrucción","Porcentaje","19024","General Zaragoza","https://www.inegi.org.mx/app/api/indicadores/desarrolladores/jsonxml/INDICATOR/6200240447/es/19024/false/BISE/2.0/"
"Educación","Educación","% sin instrucción",NA,NA,"6200240447","Porcentaje de la población de 15 años y más sin instrucción","Porcentaje","19036","Mier y Noriega","https://www.inegi.org.mx/app/api/indicadores/desarrolladores/jsonxml/INDICATOR/6200240447/es/19036/false/BISE/2.0/"
"Educación","Educación","% con escolaridad básica",NA,NA,"6207019031","Porcentaje de población de 15 años y más con escolaridad básica","Porcentaje","19007","Aramberri","https://www.inegi.org.mx/app/api/indicadores/desarrolladores/jsonxml/INDICATOR/6207019031/es/19007/false/BISE/2.0/"
"Educación","Educación","% con escolaridad básica",NA,NA,"6207019031","Porcentaje de población de 15 años y más con escolaridad básica","Porcentaje","19014","Doctor Arroyo","https://www.inegi.org.mx/app/api/indicadores/desarrolladores/jsonxml/INDICATOR/6207019031/es/19014/false/BISE/2.0/"
"Educación","Educación","% con escolaridad básica",NA,NA,"6207019031","Porcentaje de población de 15 años y más con escolaridad básica","Porcentaje","19024","General Zaragoza","https://www.inegi.org.mx/app/api/indicadores/desarrolladores/jsonxml/INDICATOR/6207019031/es/19024/false/BISE/2.0/"
"Educación","Educación","% con escolaridad básica",NA,NA,"6207019031","Porcentaje de población de 15 años y más con escolaridad básica","Porcentaje","19036","Mier y Noriega","https://www.inegi.org.mx/app/api/indicadores/desarrolladores/jsonxml/INDICATOR/6207019031/es/19036/false/BISE/2.0/"
"Educación","Educación","% de 6 a 14 años que no sabe leer y escribir",NA,NA,"6207049067","Población de 6 a 14 años que no sabe leer y escribir","Porcentaje","19007","Aramberri","https://www.inegi.org.mx/app/api/indicadores/desarrolladores/jsonxml/INDICATOR/6207049067/es/19007/false/BISE/2.0/"
"Educación","Educación","% de 6 a 14 años que no sabe leer y escribir",NA,NA,"6207049067","Población de 6 a 14 años que no sabe leer y escribir","Porcentaje","19014","Doctor Arroyo","https://www.inegi.org.mx/app/api/indicadores/desarrolladores/jsonxml/INDICATOR/6207049067/es/19014/false/BISE/2.0/"
"Educación","Educación","% de 6 a 14 años que no sabe leer y escribir",NA,NA,"6207049067","Población de 6 a 14 años que no sabe leer y escribir","Porcentaje","19024","General Zaragoza","https://www.inegi.org.mx/app/api/indicadores/desarrolladores/jsonxml/INDICATOR/6207049067/es/19024/false/BISE/2.0/"
"Educación","Educación","% de 6 a 14 años que no sabe leer y escribir",NA,NA,"6207049067","Población de 6 a 14 años que no sabe leer y escribir","Porcentaje","19036","Mier y Noriega","https://www.inegi.org.mx/app/api/indicadores/desarrolladores/jsonxml/INDICATOR/6207049067/es/19036/false/BISE/2.0/"
