"eje","subtema","categoria","sexo","grupo_edad","id","indicador","unidad","cve_area","lugar","periodo","anio","trimestre","fecha","valor"
"Educación","Educación","Tasa de alfabetización (15 a 24 años)",NA,NA,"1002000050","Tasa de alfabetización de las personas de 15 a 24 años","Tasa","00","Nacional","1995",1995,NA,1995-01-01,95.8
"Educación","Educación","Tasa de alfabetización (15 a 24 años)",NA,NA,"1002000050","Tasa de alfabetización de las personas de 15 a 24 años","Tasa","00","Nacional","2000",2000,NA,2000-01-01,96.5
"Educación","Educación","Tasa de alfabetización (15 a 24 años)",NA,NA,"1002000050","Tasa de alfabetización de las personas de 15 a 24 años","Tasa","00","Nacional","2005",2005,NA,2005-01-01,97.5
"Educación","Educación","Tasa de alfabetización (15 a 24 años)",NA,NA,"1002000050","Tasa de alfabetización de las personas de 15 a 24 años","Tasa","00","Nacional","2010",2010,NA,2010-01-01,98.43452
"Educación","Educación","Tasa de alfabetización (15 a 24 años)",NA,NA,"1002000050","Tasa de alfabetización de las personas de 15 a 24 años","Tasa","00","Nacional","2015",2015,NA,2015-01-01,98.207687
"Educación","Educación","Tasa de alfabetización (15 a 24 años)",NA,NA,"1002000050","Tasa de alfabetización de las personas de 15 a 24 años","Tasa","00","Nacional","2020",2020,NA,2020-01-01,98.6924169235309
"Educación","Educación","Tasa de alfabetización (15 a 24 años)",NA,NA,"1002000050","Tasa de alfabetización de las personas de 15 a 24 años","Tasa","00","Nacional","2025",2025,NA,2025-01-01,98.9176314632398
"Educación","Educación","Tasa de alfabetización (15 a 24 años)",NA,NA,"1002000050","Tasa de alfabetización de las personas de 15 a 24 años","Tasa","19","Nuevo León","1995",1995,NA,1995-01-01,98.7
"Educación","Educación","Tasa de alfabetización (15 a 24 años)",NA,NA,"1002000050","Tasa de alfabetización de las personas de 15 a 24 años","Tasa","19","Nuevo León","2000",2000,NA,2000-01-01,98.9
"Educación","Educación","Tasa de alfabetización (15 a 24 años)",NA,NA,"1002000050","Tasa de alfabetización de las personas de 15 a 24 años","Tasa","19","Nuevo León","2005",2005,NA,2005-01-01,99.1
"Educación","Educación","Tasa de alfabetización (15 a 24 años)",NA,NA,"1002000050","Tasa de alfabetización de las personas de 15 a 24 años","Tasa","19","Nuevo León","2010",2010,NA,2010-01-01,99.55324
"Educación","Educación","Tasa de alfabetización (15 a 24 años)",NA,NA,"1002000050","Tasa de alfabetización de las personas de 15 a 24 años","Tasa","19","Nuevo León","2015",2015,NA,2015-01-01,98.594721
"Educación","Educación","Tasa de alfabetización (15 a 24 años)",NA,NA,"1002000050","Tasa de alfabetización de las personas de 15 a 24 años","Tasa","19","Nuevo León","2020",2020,NA,2020-01-01,98.7955585709864
"Educación","Educación","Tasa de alfabetización (15 a 24 años)",NA,NA,"1002000050","Tasa de alfabetización de las personas de 15 a 24 años","Tasa","19","Nuevo León","2025",2025,NA,2025-01-01,98.994721773861
"Educación","Educación","Tasa de alfabetización (15 a 24 años)",NA,NA,"1002000050","Tasa de alfabetización de las personas de 15 a 24 años","Tasa","19007","Aramberri","1995",1995,NA,1995-01-01,96.1
"Educación","Educación","Tasa de alfabetización (15 a 24 años)",NA,NA,"1002000050","Tasa de alfabetización de las personas de 15 a 24 años","Tasa","19007","Aramberri","2000",2000,NA,2000-01-01,95.6
"Educación","Educación","Tasa de alfabetización (15 a 24 años)",NA,NA,"1002000050","Tasa de alfabetización de las personas de 15 a 24 años","Tasa","19007","Aramberri","2005",2005,NA,2005-01-01,97.1
"Educación","Educación","Tasa de alfabetización (15 a 24 años)",NA,NA,"1002000050","Tasa de alfabetización de las personas de 15 a 24 años","Tasa","19007","Aramberri","2010",2010,NA,2010-01-01,98.22931
"Educación","Educación","Tasa de alfabetización (15 a 24 años)",NA,NA,"1002000050","Tasa de alfabetización de las personas de 15 a 24 años","Tasa","19007","Aramberri","2015",2015,NA,2015-01-01,97.73964
"Educación","Educación","Tasa de alfabetización (15 a 24 años)",NA,NA,"1002000050","Tasa de alfabetización de las personas de 15 a 24 años","Tasa","19007","Aramberri","2020",2020,NA,2020-01-01,98.8470066518847
"Educación","Educación","Tasa de alfabetización (15 a 24 años)",NA,NA,"1002000050","Tasa de alfabetización de las personas de 15 a 24 años","Tasa","19007","Aramberri","2025",2025,NA,2025-01-01,99.0948070509766
"Educación","Educación","Tasa de alfabetización (15 a 24 años)",NA,NA,"1002000050","Tasa de alfabetización de las personas de 15 a 24 años","Tasa","19014","Doctor Arroyo","1995",1995,NA,1995-01-01,94
"Educación","Educación","Tasa de alfabetización (15 a 24 años)",NA,NA,"1002000050","Tasa de alfabetización de las personas de 15 a 24 años","Tasa","19014","Doctor Arroyo","2000",2000,NA,2000-01-01,95.5
"Educación","Educación","Tasa de alfabetización (15 a 24 años)",NA,NA,"1002000050","Tasa de alfabetización de las personas de 15 a 24 años","Tasa","19014","Doctor Arroyo","2005",2005,NA,2005-01-01,97.5
"Educación","Educación","Tasa de alfabetización (15 a 24 años)",NA,NA,"1002000050","Tasa de alfabetización de las personas de 15 a 24 años","Tasa","19014","Doctor Arroyo","2010",2010,NA,2010-01-01,98.67849
"Educación","Educación","Tasa de alfabetización (15 a 24 años)",NA,NA,"1002000050","Tasa de alfabetización de las personas de 15 a 24 años","Tasa","19014","Doctor Arroyo","2015",2015,NA,2015-01-01,97.289504
"Educación","Educación","Tasa de alfabetización (15 a 24 años)",NA,NA,"1002000050","Tasa de alfabetización de las personas de 15 a 24 años","Tasa","19014","Doctor Arroyo","2020",2020,NA,2020-01-01,98.3130434782609
"Educación","Educación","Tasa de alfabetización (15 a 24 años)",NA,NA,"1002000050","Tasa de alfabetización de las personas de 15 a 24 años","Tasa","19014","Doctor Arroyo","2025",2025,NA,2025-01-01,98.8692688971499
"Educación","Educación","Tasa de alfabetización (15 a 24 años)",NA,NA,"1002000050","Tasa de alfabetización de las personas de 15 a 24 años","Tasa","19024","General Zaragoza","1995",1995,NA,1995-01-01,96
"Educación","Educación","Tasa de alfabetización (15 a 24 años)",NA,NA,"1002000050","Tasa de alfabetización de las personas de 15 a 24 años","Tasa","19024","General Zaragoza","2000",2000,NA,2000-01-01,96.2
"Educación","Educación","Tasa de alfabetización (15 a 24 años)",NA,NA,"1002000050","Tasa de alfabetización de las personas de 15 a 24 años","Tasa","19024","General Zaragoza","2005",2005,NA,2005-01-01,96.8
"Educación","Educación","Tasa de alfabetización (15 a 24 años)",NA,NA,"1002000050","Tasa de alfabetización de las personas de 15 a 24 años","Tasa","19024","General Zaragoza","2010",2010,NA,2010-01-01,99.03568
"Educación","Educación","Tasa de alfabetización (15 a 24 años)",NA,NA,"1002000050","Tasa de alfabetización de las personas de 15 a 24 años","Tasa","19024","General Zaragoza","2015",2015,NA,2015-01-01,98.554913
"Educación","Educación","Tasa de alfabetización (15 a 24 años)",NA,NA,"1002000050","Tasa de alfabetización de las personas de 15 a 24 años","Tasa","19024","General Zaragoza","2020",2020,NA,2020-01-01,98.8593155893536
"Educación","Educación","Tasa de alfabetización (15 a 24 años)",NA,NA,"1002000050","Tasa de alfabetización de las personas de 15 a 24 años","Tasa","19024","General Zaragoza","2025",2025,NA,2025-01-01,98.80174291939
"Educación","Educación","Tasa de alfabetización (15 a 24 años)",NA,NA,"1002000050","Tasa de alfabetización de las personas de 15 a 24 años","Tasa","19036","Mier y Noriega","1995",1995,NA,1995-01-01,93
"Educación","Educación","Tasa de alfabetización (15 a 24 años)",NA,NA,"1002000050","Tasa de alfabetización de las personas de 15 a 24 años","Tasa","19036","Mier y Noriega","2000",2000,NA,2000-01-01,94.9
"Educación","Educación","Tasa de alfabetización (15 a 24 años)",NA,NA,"1002000050","Tasa de alfabetización de las personas de 15 a 24 años","Tasa","19036","Mier y Noriega","2005",2005,NA,2005-01-01,96.2
"Educación","Educación","Tasa de alfabetización (15 a 24 años)",NA,NA,"1002000050","Tasa de alfabetización de las personas de 15 a 24 años","Tasa","19036","Mier y Noriega","2010",2010,NA,2010-01-01,98.56
"Educación","Educación","Tasa de alfabetización (15 a 24 años)",NA,NA,"1002000050","Tasa de alfabetización de las personas de 15 a 24 años","Tasa","19036","Mier y Noriega","2015",2015,NA,2015-01-01,97.565217
"Educación","Educación","Tasa de alfabetización (15 a 24 años)",NA,NA,"1002000050","Tasa de alfabetización de las personas de 15 a 24 años","Tasa","19036","Mier y Noriega","2020",2020,NA,2020-01-01,99.1836734693878
"Educación","Educación","Tasa de alfabetización (15 a 24 años)",NA,NA,"1002000050","Tasa de alfabetización de las personas de 15 a 24 años","Tasa","19036","Mier y Noriega","2025",2025,NA,2025-01-01,99.4304312449145
"Educación","Educación","Asistencia escolar (5 años y más)",NA,NA,"1005000012","Población de 5 años y más que asiste a la escuela","Personas","00","Nacional","2000",2000,NA,2000-01-01,27030706
"Educación","Educación","Asistencia escolar (5 años y más)",NA,NA,"1005000012","Población de 5 años y más que asiste a la escuela","Personas","00","Nacional","2005",2005,NA,2005-01-01,28588713
"Educación","Educación","Asistencia escolar (5 años y más)",NA,NA,"1005000012","Población de 5 años y más que asiste a la escuela","Personas","00","Nacional","2010",2010,NA,2010-01-01,30482938
"Educación","Educación","Asistencia escolar (5 años y más)",NA,NA,"1005000012","Población de 5 años y más que asiste a la escuela","Personas","00","Nacional","2020",2020,NA,2020-01-01,31688007
"Educación","Educación","Asistencia escolar (5 años y más)",NA,NA,"1005000012","Población de 5 años y más que asiste a la escuela","Personas","19","Nuevo León","2000",2000,NA,2000-01-01,992104
"Educación","Educación","Asistencia escolar (5 años y más)",NA,NA,"1005000012","Población de 5 años y más que asiste a la escuela","Personas","19","Nuevo León","2005",2005,NA,2005-01-01,1064687
"Educación","Educación","Asistencia escolar (5 años y más)",NA,NA,"1005000012","Población de 5 años y más que asiste a la escuela","Personas","19","Nuevo León","2010",2010,NA,2010-01-01,1175287
"Educación","Educación","Asistencia escolar (5 años y más)",NA,NA,"1005000012","Población de 5 años y más que asiste a la escuela","Personas","19","Nuevo León","2020",2020,NA,2020-01-01,1385926
"Educación","Educación","Asistencia escolar (5 años y más)",NA,NA,"1005000012","Población de 5 años y más que asiste a la escuela","Personas","19007","Aramberri","2000",2000,NA,2000-01-01,3581
"Educación","Educación","Asistencia escolar (5 años y más)",NA,NA,"1005000012","Población de 5 años y más que asiste a la escuela","Personas","19007","Aramberri","2005",2005,NA,2005-01-01,3594
"Educación","Educación","Asistencia escolar (5 años y más)",NA,NA,"1005000012","Población de 5 años y más que asiste a la escuela","Personas","19007","Aramberri","2010",2010,NA,2010-01-01,4078
"Educación","Educación","Asistencia escolar (5 años y más)",NA,NA,"1005000012","Población de 5 años y más que asiste a la escuela","Personas","19007","Aramberri","2020",2020,NA,2020-01-01,3853
"Educación","Educación","Asistencia escolar (5 años y más)",NA,NA,"1005000012","Población de 5 años y más que asiste a la escuela","Personas","19014","Doctor Arroyo","2000",2000,NA,2000-01-01,8889
"Educación","Educación","Asistencia escolar (5 años y más)",NA,NA,"1005000012","Población de 5 años y más que asiste a la escuela","Personas","19014","Doctor Arroyo","2005",2005,NA,2005-01-01,8145
"Educación","Educación","Asistencia escolar (5 años y más)",NA,NA,"1005000012","Población de 5 años y más que asiste a la escuela","Personas","19014","Doctor Arroyo","2010",2010,NA,2010-01-01,9037
"Educación","Educación","Asistencia escolar (5 años y más)",NA,NA,"1005000012","Población de 5 años y más que asiste a la escuela","Personas","19014","Doctor Arroyo","2020",2020,NA,2020-01-01,9511
"Educación","Educación","Asistencia escolar (5 años y más)",NA,NA,"1005000012","Población de 5 años y más que asiste a la escuela","Personas","19024","General Zaragoza","2000",2000,NA,2000-01-01,1501
"Educación","Educación","Asistencia escolar (5 años y más)",NA,NA,"1005000012","Población de 5 años y más que asiste a la escuela","Personas","19024","General Zaragoza","2005",2005,NA,2005-01-01,1610
"Educación","Educación","Asistencia escolar (5 años y más)",NA,NA,"1005000012","Población de 5 años y más que asiste a la escuela","Personas","19024","General Zaragoza","2010",2010,NA,2010-01-01,1754
"Educación","Educación","Asistencia escolar (5 años y más)",NA,NA,"1005000012","Población de 5 años y más que asiste a la escuela","Personas","19024","General Zaragoza","2020",2020,NA,2020-01-01,1706
"Educación","Educación","Asistencia escolar (5 años y más)",NA,NA,"1005000012","Población de 5 años y más que asiste a la escuela","Personas","19036","Mier y Noriega","2000",2000,NA,2000-01-01,1934
"Educación","Educación","Asistencia escolar (5 años y más)",NA,NA,"1005000012","Población de 5 años y más que asiste a la escuela","Personas","19036","Mier y Noriega","2005",2005,NA,2005-01-01,1663
"Educación","Educación","Asistencia escolar (5 años y más)",NA,NA,"1005000012","Población de 5 años y más que asiste a la escuela","Personas","19036","Mier y Noriega","2010",2010,NA,2010-01-01,1849
"Educación","Educación","Asistencia escolar (5 años y más)",NA,NA,"1005000012","Población de 5 años y más que asiste a la escuela","Personas","19036","Mier y Noriega","2020",2020,NA,2020-01-01,1981
"Educación","Educación","Grado promedio de escolaridad",NA,NA,"1005000038","Grado promedio de escolaridad de la población de 15 y más años","Años de escolaridad","00","Nacional","2000",2000,NA,2000-01-01,7.5
"Educación","Educación","Grado promedio de escolaridad",NA,NA,"1005000038","Grado promedio de escolaridad de la población de 15 y más años","Años de escolaridad","00","Nacional","2005",2005,NA,2005-01-01,8.1
"Educación","Educación","Grado promedio de escolaridad",NA,NA,"1005000038","Grado promedio de escolaridad de la población de 15 y más años","Años de escolaridad","00","Nacional","2010",2010,NA,2010-01-01,8.63
"Educación","Educación","Grado promedio de escolaridad",NA,NA,"1005000038","Grado promedio de escolaridad de la población de 15 y más años","Años de escolaridad","00","Nacional","2015",2015,NA,2015-01-01,9.16184342150625
"Educación","Educación","Grado promedio de escolaridad",NA,NA,"1005000038","Grado promedio de escolaridad de la población de 15 y más años","Años de escolaridad","00","Nacional","2020",2020,NA,2020-01-01,9.73805046766345
"Educación","Educación","Grado promedio de escolaridad",NA,NA,"1005000038","Grado promedio de escolaridad de la población de 15 y más años","Años de escolaridad","00","Nacional","2025",2025,NA,2025-01-01,10.2649995633386
"Educación","Educación","Grado promedio de escolaridad",NA,NA,"1005000038","Grado promedio de escolaridad de la población de 15 y más años","Años de escolaridad","19","Nuevo León","2000",2000,NA,2000-01-01,8.8
"Educación","Educación","Grado promedio de escolaridad",NA,NA,"1005000038","Grado promedio de escolaridad de la población de 15 y más años","Años de escolaridad","19","Nuevo León","2005",2005,NA,2005-01-01,9.5
"Educación","Educación","Grado promedio de escolaridad",NA,NA,"1005000038","Grado promedio de escolaridad de la población de 15 y más años","Años de escolaridad","19","Nuevo León","2010",2010,NA,2010-01-01,9.81
"Educación","Educación","Grado promedio de escolaridad",NA,NA,"1005000038","Grado promedio de escolaridad de la población de 15 y más años","Años de escolaridad","19","Nuevo León","2015",2015,NA,2015-01-01,10.2749558573754
"Educación","Educación","Grado promedio de escolaridad",NA,NA,"1005000038","Grado promedio de escolaridad de la población de 15 y más años","Años de escolaridad","19","Nuevo León","2020",2020,NA,2020-01-01,10.7409594523138
"Educación","Educación","Grado promedio de escolaridad",NA,NA,"1005000038","Grado promedio de escolaridad de la población de 15 y más años","Años de escolaridad","19","Nuevo León","2025",2025,NA,2025-01-01,11.2815899219546
"Educación","Educación","Grado promedio de escolaridad",NA,NA,"1005000038","Grado promedio de escolaridad de la población de 15 y más años","Años de escolaridad","19007","Aramberri","2000",2000,NA,2000-01-01,5.3
"Educación","Educación","Grado promedio de escolaridad",NA,NA,"1005000038","Grado promedio de escolaridad de la población de 15 y más años","Años de escolaridad","19007","Aramberri","2005",2005,NA,2005-01-01,5.8
"Educación","Educación","Grado promedio de escolaridad",NA,NA,"1005000038","Grado promedio de escolaridad de la población de 15 y más años","Años de escolaridad","19007","Aramberri","2010",2010,NA,2010-01-01,6.31
"Educación","Educación","Grado promedio de escolaridad",NA,NA,"1005000038","Grado promedio de escolaridad de la población de 15 y más años","Años de escolaridad","19007","Aramberri","2015",2015,NA,2015-01-01,6.815175
"Educación","Educación","Grado promedio de escolaridad",NA,NA,"1005000038","Grado promedio de escolaridad de la población de 15 y más años","Años de escolaridad","19007","Aramberri","2020",2020,NA,2020-01-01,7.52233273056058
"Educación","Educación","Grado promedio de escolaridad",NA,NA,"1005000038","Grado promedio de escolaridad de la población de 15 y más años","Años de escolaridad","19007","Aramberri","2025",2025,NA,2025-01-01,8.03993102822397
"Educación","Educación","Grado promedio de escolaridad",NA,NA,"1005000038","Grado promedio de escolaridad de la población de 15 y más años","Años de escolaridad","19014","Doctor Arroyo","2000",2000,NA,2000-01-01,5.2
"Educación","Educación","Grado promedio de escolaridad",NA,NA,"1005000038","Grado promedio de escolaridad de la población de 15 y más años","Años de escolaridad","19014","Doctor Arroyo","2005",2005,NA,2005-01-01,5.7
"Educación","Educación","Grado promedio de escolaridad",NA,NA,"1005000038","Grado promedio de escolaridad de la población de 15 y más años","Años de escolaridad","19014","Doctor Arroyo","2010",2010,NA,2010-01-01,6.13
"Educación","Educación","Grado promedio de escolaridad",NA,NA,"1005000038","Grado promedio de escolaridad de la población de 15 y más años","Años de escolaridad","19014","Doctor Arroyo","2015",2015,NA,2015-01-01,6.8253376
"Educación","Educación","Grado promedio de escolaridad",NA,NA,"1005000038","Grado promedio de escolaridad de la población de 15 y más años","Años de escolaridad","19014","Doctor Arroyo","2020",2020,NA,2020-01-01,7.45275762261607
"Educación","Educación","Grado promedio de escolaridad",NA,NA,"1005000038","Grado promedio de escolaridad de la población de 15 y más años","Años de escolaridad","19014","Doctor Arroyo","2025",2025,NA,2025-01-01,8.04233700254022
"Educación","Educación","Grado promedio de escolaridad",NA,NA,"1005000038","Grado promedio de escolaridad de la población de 15 y más años","Años de escolaridad","19024","General Zaragoza","2000",2000,NA,2000-01-01,5.3
"Educación","Educación","Grado promedio de escolaridad",NA,NA,"1005000038","Grado promedio de escolaridad de la población de 15 y más años","Años de escolaridad","19024","General Zaragoza","2005",2005,NA,2005-01-01,5.8
"Educación","Educación","Grado promedio de escolaridad",NA,NA,"1005000038","Grado promedio de escolaridad de la población de 15 y más años","Años de escolaridad","19024","General Zaragoza","2010",2010,NA,2010-01-01,6.48
"Educación","Educación","Grado promedio de escolaridad",NA,NA,"1005000038","Grado promedio de escolaridad de la población de 15 y más años","Años de escolaridad","19024","General Zaragoza","2015",2015,NA,2015-01-01,7.1014742
"Educación","Educación","Grado promedio de escolaridad",NA,NA,"1005000038","Grado promedio de escolaridad de la población de 15 y más años","Años de escolaridad","19024","General Zaragoza","2020",2020,NA,2020-01-01,7.96330690826727
"Educación","Educación","Grado promedio de escolaridad",NA,NA,"1005000038","Grado promedio de escolaridad de la población de 15 y más años","Años de escolaridad","19024","General Zaragoza","2025",2025,NA,2025-01-01,8.27523353839143
"Educación","Educación","Grado promedio de escolaridad",NA,NA,"1005000038","Grado promedio de escolaridad de la población de 15 y más años","Años de escolaridad","19036","Mier y Noriega","2000",2000,NA,2000-01-01,4.4
"Educación","Educación","Grado promedio de escolaridad",NA,NA,"1005000038","Grado promedio de escolaridad de la población de 15 y más años","Años de escolaridad","19036","Mier y Noriega","2005",2005,NA,2005-01-01,5
"Educación","Educación","Grado promedio de escolaridad",NA,NA,"1005000038","Grado promedio de escolaridad de la población de 15 y más años","Años de escolaridad","19036","Mier y Noriega","2010",2010,NA,2010-01-01,5.3
"Educación","Educación","Grado promedio de escolaridad",NA,NA,"1005000038","Grado promedio de escolaridad de la población de 15 y más años","Años de escolaridad","19036","Mier y Noriega","2015",2015,NA,2015-01-01,5.7276843
"Educación","Educación","Grado promedio de escolaridad",NA,NA,"1005000038","Grado promedio de escolaridad de la población de 15 y más años","Años de escolaridad","19036","Mier y Noriega","2020",2020,NA,2020-01-01,6.59073132577239
"Educación","Educación","Grado promedio de escolaridad",NA,NA,"1005000038","Grado promedio de escolaridad de la población de 15 y más años","Años de escolaridad","19036","Mier y Noriega","2025",2025,NA,2025-01-01,7.17135050741608
"Educación","Educación","% con media superior",NA,NA,"6200240314","Porcentaje de la población de 15 años y más con instrucción media superior","Porcentaje","00","Nacional","2010",2010,NA,2010-01-01,19.3
"Educación","Educación","% con media superior",NA,NA,"6200240314","Porcentaje de la población de 15 años y más con instrucción media superior","Porcentaje","00","Nacional","2015",2015,NA,2015-01-01,21.669587
"Educación","Educación","% con media superior",NA,NA,"6200240314","Porcentaje de la población de 15 años y más con instrucción media superior","Porcentaje","00","Nacional","2020",2020,NA,2020-01-01,23.957896673986
"Educación","Educación","% con media superior",NA,NA,"6200240314","Porcentaje de la población de 15 años y más con instrucción media superior","Porcentaje","00","Nacional","2025",2025,NA,2025-01-01,25.839794881322
"Educación","Educación","% con media superior",NA,NA,"6200240314","Porcentaje de la población de 15 años y más con instrucción media superior","Porcentaje","19","Nuevo León","2015",2015,NA,2015-01-01,22.838405
"Educación","Educación","% con media superior",NA,NA,"6200240314","Porcentaje de la población de 15 años y más con instrucción media superior","Porcentaje","19","Nuevo León","2020",2020,NA,2020-01-01,25.4757162255049
"Educación","Educación","% con media superior",NA,NA,"6200240314","Porcentaje de la población de 15 años y más con instrucción media superior","Porcentaje","19","Nuevo León","2025",2025,NA,2025-01-01,26.9235872997618
"Educación","Educación","% con media superior",NA,NA,"6200240314","Porcentaje de la población de 15 años y más con instrucción media superior","Porcentaje","19007","Aramberri","2015",2015,NA,2015-01-01,14.001751
"Educación","Educación","% con media superior",NA,NA,"6200240314","Porcentaje de la población de 15 años y más con instrucción media superior","Porcentaje","19007","Aramberri","2020",2020,NA,2020-01-01,17.6433408577878
"Educación","Educación","% con media superior",NA,NA,"6200240314","Porcentaje de la población de 15 años y más con instrucción media superior","Porcentaje","19007","Aramberri","2025",2025,NA,2025-01-01,20.2863096856029
"Educación","Educación","% con media superior",NA,NA,"6200240314","Porcentaje de la población de 15 años y más con instrucción media superior","Porcentaje","19014","Doctor Arroyo","2015",2015,NA,2015-01-01,12.145956
"Educación","Educación","% con media superior",NA,NA,"6200240314","Porcentaje de la población de 15 años y más con instrucción media superior","Porcentaje","19014","Doctor Arroyo","2020",2020,NA,2020-01-01,15.3226443408893
"Educación","Educación","% con media superior",NA,NA,"6200240314","Porcentaje de la población de 15 años y más con instrucción media superior","Porcentaje","19014","Doctor Arroyo","2025",2025,NA,2025-01-01,18.3564603801613
"Educación","Educación","% con media superior",NA,NA,"6200240314","Porcentaje de la población de 15 años y más con instrucción media superior","Porcentaje","19024","General Zaragoza","2015",2015,NA,2015-01-01,14.962167
"Educación","Educación","% con media superior",NA,NA,"6200240314","Porcentaje de la población de 15 años y más con instrucción media superior","Porcentaje","19024","General Zaragoza","2020",2020,NA,2020-01-01,20.3837471783296
"Educación","Educación","% con media superior",NA,NA,"6200240314","Porcentaje de la población de 15 años y más con instrucción media superior","Porcentaje","19024","General Zaragoza","2025",2025,NA,2025-01-01,20.7992733878292
"Educación","Educación","% con media superior",NA,NA,"6200240314","Porcentaje de la población de 15 años y más con instrucción media superior","Porcentaje","19036","Mier y Noriega","2015",2015,NA,2015-01-01,7.7813505
"Educación","Educación","% con media superior",NA,NA,"6200240314","Porcentaje de la población de 15 años y más con instrucción media superior","Porcentaje","19036","Mier y Noriega","2020",2020,NA,2020-01-01,12.9517483883571
"Educación","Educación","% con media superior",NA,NA,"6200240314","Porcentaje de la población de 15 años y más con instrucción media superior","Porcentaje","19036","Mier y Noriega","2025",2025,NA,2025-01-01,16.2636505460218
"Educación","Educación","% con instrucción superior",NA,NA,"6200240365","Porcentaje de la población de 15 años y más con instrucción superior","Porcentaje","00","Nacional","2010",2010,NA,2010-01-01,16.5
"Educación","Educación","% con instrucción superior",NA,NA,"6200240365","Porcentaje de la población de 15 años y más con instrucción superior","Porcentaje","00","Nacional","2015",2015,NA,2015-01-01,18.630381
"Educación","Educación","% con instrucción superior",NA,NA,"6200240365","Porcentaje de la población de 15 años y más con instrucción superior","Porcentaje","00","Nacional","2020",2020,NA,2020-01-01,21.5852248638655
"Educación","Educación","% con instrucción superior",NA,NA,"6200240365","Porcentaje de la población de 15 años y más con instrucción superior","Porcentaje","00","Nacional","2025",2025,NA,2025-01-01,24.5044690957531
"Educación","Educación","% con instrucción superior",NA,NA,"6200240365","Porcentaje de la población de 15 años y más con instrucción superior","Porcentaje","19","Nuevo León","2015",2015,NA,2015-01-01,24.172711
"Educación","Educación","% con instrucción superior",NA,NA,"6200240365","Porcentaje de la población de 15 años y más con instrucción superior","Porcentaje","19","Nuevo León","2020",2020,NA,2020-01-01,26.2274388566847
"Educación","Educación","% con instrucción superior",NA,NA,"6200240365","Porcentaje de la población de 15 años y más con instrucción superior","Porcentaje","19","Nuevo León","2025",2025,NA,2025-01-01,29.4364640261921
"Educación","Educación","% con instrucción superior",NA,NA,"6200240365","Porcentaje de la población de 15 años y más con instrucción superior","Porcentaje","19007","Aramberri","2015",2015,NA,2015-01-01,6.1208406
"Educación","Educación","% con instrucción superior",NA,NA,"6200240365","Porcentaje de la población de 15 años y más con instrucción superior","Porcentaje","19007","Aramberri","2020",2020,NA,2020-01-01,7.87358916478555
"Educación","Educación","% con instrucción superior",NA,NA,"6200240365","Porcentaje de la población de 15 años y más con instrucción superior","Porcentaje","19007","Aramberri","2025",2025,NA,2025-01-01,8.73425749750838
"Educación","Educación","% con instrucción superior",NA,NA,"6200240365","Porcentaje de la población de 15 años y más con instrucción superior","Porcentaje","19014","Doctor Arroyo","2015",2015,NA,2015-01-01,6.0219444
"Educación","Educación","% con instrucción superior",NA,NA,"6200240365","Porcentaje de la población de 15 años y más con instrucción superior","Porcentaje","19014","Doctor Arroyo","2020",2020,NA,2020-01-01,8.40375957665271
"Educación","Educación","% con instrucción superior",NA,NA,"6200240365","Porcentaje de la población de 15 años y más con instrucción superior","Porcentaje","19014","Doctor Arroyo","2025",2025,NA,2025-01-01,9.17316587325703
"Educación","Educación","% con instrucción superior",NA,NA,"6200240365","Porcentaje de la población de 15 años y más con instrucción superior","Porcentaje","19024","General Zaragoza","2015",2015,NA,2015-01-01,5.198926
"Educación","Educación","% con instrucción superior",NA,NA,"6200240365","Porcentaje de la población de 15 años y más con instrucción superior","Porcentaje","19024","General Zaragoza","2020",2020,NA,2020-01-01,7.72009029345372
"Educación","Educación","% con instrucción superior",NA,NA,"6200240365","Porcentaje de la población de 15 años y más con instrucción superior","Porcentaje","19024","General Zaragoza","2025",2025,NA,2025-01-01,8.83287920072661
"Educación","Educación","% con instrucción superior",NA,NA,"6200240365","Porcentaje de la población de 15 años y más con instrucción superior","Porcentaje","19036","Mier y Noriega","2015",2015,NA,2015-01-01,0.8145766
"Educación","Educación","% con instrucción superior",NA,NA,"6200240365","Porcentaje de la población de 15 años y más con instrucción superior","Porcentaje","19036","Mier y Noriega","2020",2020,NA,2020-01-01,1.83629615159211
"Educación","Educación","% con instrucción superior",NA,NA,"6200240365","Porcentaje de la población de 15 años y más con instrucción superior","Porcentaje","19036","Mier y Noriega","2025",2025,NA,2025-01-01,2.51560062402496
"Educación","Educación","% sin instrucción",NA,NA,"6200240447","Porcentaje de la población de 15 años y más sin instrucción","Porcentaje","00","Nacional","2010",2010,NA,2010-01-01,7.2
"Educación","Educación","% sin instrucción",NA,NA,"6200240447","Porcentaje de la población de 15 años y más sin instrucción","Porcentaje","00","Nacional","2015",2015,NA,2015-01-01,5.82772838373973
"Educación","Educación","% sin instrucción",NA,NA,"6200240447","Porcentaje de la población de 15 años y más sin instrucción","Porcentaje","00","Nacional","2020",2020,NA,2020-01-01,5.15181546265177
"Educación","Educación","% sin instrucción",NA,NA,"6200240447","Porcentaje de la población de 15 años y más sin instrucción","Porcentaje","00","Nacional","2025",2025,NA,2025-01-01,4.10309923202941
"Educación","Educación","% sin instrucción",NA,NA,"6200240447","Porcentaje de la población de 15 años y más sin instrucción","Porcentaje","19","Nuevo León","2020",2020,NA,2020-01-01,1.98954950007549
"Educación","Educación","% sin instrucción",NA,NA,"6200240447","Porcentaje de la población de 15 años y más sin instrucción","Porcentaje","19","Nuevo León","2025",2025,NA,2025-01-01,1.42029015811562
"Educación","Educación","% sin instrucción",NA,NA,"6200240447","Porcentaje de la población de 15 años y más sin instrucción","Porcentaje","19007","Aramberri","2020",2020,NA,2020-01-01,7.58465011286682
"Educación","Educación","% sin instrucción",NA,NA,"6200240447","Porcentaje de la población de 15 años y más sin instrucción","Porcentaje","19007","Aramberri","2025",2025,NA,2025-01-01,6.6594183201957
"Educación","Educación","% sin instrucción",NA,NA,"6200240447","Porcentaje de la población de 15 años y más sin instrucción","Porcentaje","19014","Doctor Arroyo","2020",2020,NA,2020-01-01,9.39499249664324
"Educación","Educación","% sin instrucción",NA,NA,"6200240447","Porcentaje de la población de 15 años y más sin instrucción","Porcentaje","19014","Doctor Arroyo","2025",2025,NA,2025-01-01,6.9718761605726
"Educación","Educación","% sin instrucción",NA,NA,"6200240447","Porcentaje de la población de 15 años y más sin instrucción","Porcentaje","19024","General Zaragoza","2020",2020,NA,2020-01-01,4.33408577878104
"Educación","Educación","% sin instrucción",NA,NA,"6200240447","Porcentaje de la población de 15 años y más sin instrucción","Porcentaje","19024","General Zaragoza","2025",2025,NA,2025-01-01,5.92643051771117
"Educación","Educación","% sin instrucción",NA,NA,"6200240447","Porcentaje de la población de 15 años y más sin instrucción","Porcentaje","19036","Mier y Noriega","2020",2020,NA,2020-01-01,10.158234030084
"Educación","Educación","% sin instrucción",NA,NA,"6200240447","Porcentaje de la población de 15 años y más sin instrucción","Porcentaje","19036","Mier y Noriega","2025",2025,NA,2025-01-01,11.1544461778471
"Educación","Educación","% sin escolaridad",NA,NA,"6207019020","Porcentaje de población de 15 años y más sin escolaridad","Porcentaje","00","Nacional","2015",2015,NA,2015-01-01,5.8277284
"Educación","Educación","% sin escolaridad",NA,NA,"6207019020","Porcentaje de población de 15 años y más sin escolaridad","Porcentaje","00","Nacional","2020",2020,NA,2020-01-01,4.92750285326371
"Educación","Educación","% sin escolaridad",NA,NA,"6207019020","Porcentaje de población de 15 años y más sin escolaridad","Porcentaje","00","Nacional","2025",2025,NA,2025-01-01,3.89997918726143
"Educación","Educación","% sin escolaridad",NA,NA,"6207019020","Porcentaje de población de 15 años y más sin escolaridad","Porcentaje","19","Nuevo León","2015",2015,NA,2015-01-01,2.1501193
"Educación","Educación","% sin escolaridad",NA,NA,"6207019020","Porcentaje de población de 15 años y más sin escolaridad","Porcentaje","19","Nuevo León","2020",2020,NA,2020-01-01,1.77959990531059
"Educación","Educación","% sin escolaridad",NA,NA,"6207019020","Porcentaje de población de 15 años y más sin escolaridad","Porcentaje","19","Nuevo León","2025",2025,NA,2025-01-01,1.25280927566629
"Educación","Educación","% sin escolaridad",NA,NA,"6207019020","Porcentaje de población de 15 años y más sin escolaridad","Porcentaje","19007","Aramberri","2015",2015,NA,2015-01-01,9.7022767
"Educación","Educación","% sin escolaridad",NA,NA,"6207019020","Porcentaje de población de 15 años y más sin escolaridad","Porcentaje","19007","Aramberri","2020",2020,NA,2020-01-01,7.2686230248307
"Educación","Educación","% sin escolaridad",NA,NA,"6207019020","Porcentaje de población de 15 años y más sin escolaridad","Porcentaje","19007","Aramberri","2025",2025,NA,2025-01-01,6.0976714686962
"Educación","Educación","% sin escolaridad",NA,NA,"6207019020","Porcentaje de población de 15 años y más sin escolaridad","Porcentaje","19014","Doctor Arroyo","2015",2015,NA,2015-01-01,9.3008421
"Educación","Educación","% sin escolaridad",NA,NA,"6207019020","Porcentaje de población de 15 años y más sin escolaridad","Porcentaje","19014","Doctor Arroyo","2020",2020,NA,2020-01-01,8.49853881999842
"Educación","Educación","% sin escolaridad",NA,NA,"6207019020","Porcentaje de población de 15 años y más sin escolaridad","Porcentaje","19014","Doctor Arroyo","2025",2025,NA,2025-01-01,5.82396434720956
"Educación","Educación","% sin escolaridad",NA,NA,"6207019020","Porcentaje de población de 15 años y más sin escolaridad","Porcentaje","19024","General Zaragoza","2015",2015,NA,2015-01-01,5.8335367
"Educación","Educación","% sin escolaridad",NA,NA,"6207019020","Porcentaje de población de 15 años y más sin escolaridad","Porcentaje","19024","General Zaragoza","2020",2020,NA,2020-01-01,4.08577878103837
"Educación","Educación","% sin escolaridad",NA,NA,"6207019020","Porcentaje de población de 15 años y más sin escolaridad","Porcentaje","19024","General Zaragoza","2025",2025,NA,2025-01-01,4.72297910990009
"Educación","Educación","% sin escolaridad",NA,NA,"6207019020","Porcentaje de población de 15 años y más sin escolaridad","Porcentaje","19036","Mier y Noriega","2015",2015,NA,2015-01-01,12.904609
"Educación","Educación","% sin escolaridad",NA,NA,"6207019020","Porcentaje de población de 15 años y más sin escolaridad","Porcentaje","19036","Mier y Noriega","2020",2020,NA,2020-01-01,9.84567298300449
"Educación","Educación","% sin escolaridad",NA,NA,"6207019020","Porcentaje de población de 15 años y más sin escolaridad","Porcentaje","19036","Mier y Noriega","2025",2025,NA,2025-01-01,10.374414976599
"Educación","Educación","% con escolaridad básica",NA,NA,"6207019031","Porcentaje de población de 15 años y más con escolaridad básica","Porcentaje","00","Nacional","2015",2015,NA,2015-01-01,53.463372
"Educación","Educación","% con escolaridad básica",NA,NA,"6207019031","Porcentaje de población de 15 años y más con escolaridad básica","Porcentaje","00","Nacional","2020",2020,NA,2020-01-01,49.3360891102246
"Educación","Educación","% con escolaridad básica",NA,NA,"6207019031","Porcentaje de población de 15 años y más con escolaridad básica","Porcentaje","00","Nacional","2025",2025,NA,2025-01-01,45.555843640656
"Educación","Educación","% con escolaridad básica",NA,NA,"6207019031","Porcentaje de población de 15 años y más con escolaridad básica","Porcentaje","19","Nuevo León","2015",2015,NA,2015-01-01,50.449585
"Educación","Educación","% con escolaridad básica",NA,NA,"6207019031","Porcentaje de población de 15 años y más con escolaridad básica","Porcentaje","19","Nuevo León","2020",2020,NA,2020-01-01,46.0634565010256
"Educación","Educación","% con escolaridad básica",NA,NA,"6207019031","Porcentaje de población de 15 años y más con escolaridad básica","Porcentaje","19","Nuevo León","2025",2025,NA,2025-01-01,42.0034815113571
"Educación","Educación","% con escolaridad básica",NA,NA,"6207019031","Porcentaje de población de 15 años y más con escolaridad básica","Porcentaje","19007","Aramberri","2015",2015,NA,2015-01-01,69.74606
"Educación","Educación","% con escolaridad básica",NA,NA,"6207019031","Porcentaje de población de 15 años y más con escolaridad básica","Porcentaje","19007","Aramberri","2020",2020,NA,2020-01-01,67.1241534988713
"Educación","Educación","% con escolaridad básica",NA,NA,"6207019031","Porcentaje de población de 15 años y más con escolaridad básica","Porcentaje","19007","Aramberri","2025",2025,NA,2025-01-01,64.7911570173054
"Educación","Educación","% con escolaridad básica",NA,NA,"6207019031","Porcentaje de población de 15 años y más con escolaridad básica","Porcentaje","19014","Doctor Arroyo","2015",2015,NA,2015-01-01,71.89334
"Educación","Educación","% con escolaridad básica",NA,NA,"6207019031","Porcentaje de población de 15 años y más con escolaridad básica","Porcentaje","19014","Doctor Arroyo","2020",2020,NA,2020-01-01,67.3998894242161
"Educación","Educación","% con escolaridad básica",NA,NA,"6207019031","Porcentaje de población de 15 años y más con escolaridad básica","Porcentaje","19014","Doctor Arroyo","2025",2025,NA,2025-01-01,66.4269556703467
"Educación","Educación","% con escolaridad básica",NA,NA,"6207019031","Porcentaje de población de 15 años y más con escolaridad básica","Porcentaje","19024","General Zaragoza","2015",2015,NA,2015-01-01,73.61484
"Educación","Educación","% con escolaridad básica",NA,NA,"6207019031","Porcentaje de población de 15 años y más con escolaridad básica","Porcentaje","19024","General Zaragoza","2020",2020,NA,2020-01-01,67.5169300225734
"Educación","Educación","% con escolaridad básica",NA,NA,"6207019031","Porcentaje de población de 15 años y más con escolaridad básica","Porcentaje","19024","General Zaragoza","2025",2025,NA,2025-01-01,65.3950953678474
"Educación","Educación","% con escolaridad básica",NA,NA,"6207019031","Porcentaje de población de 15 años y más con escolaridad básica","Porcentaje","19036","Mier y Noriega","2015",2015,NA,2015-01-01,78.199357
"Educación","Educación","% con escolaridad básica",NA,NA,"6207019031","Porcentaje de población de 15 años y más con escolaridad básica","Porcentaje","19036","Mier y Noriega","2020",2020,NA,2020-01-01,75.3467474116038
"Educación","Educación","% con escolaridad básica",NA,NA,"6207019031","Porcentaje de población de 15 años y más con escolaridad básica","Porcentaje","19036","Mier y Noriega","2025",2025,NA,2025-01-01,70.8073322932917
"Educación","Educación","% de 6 a 14 años que no sabe leer y escribir",NA,NA,"6207049067","Población de 6 a 14 años que no sabe leer y escribir","Porcentaje","00","Nacional","2000",2000,NA,2000-01-01,12.3428437134694
"Educación","Educación","% de 6 a 14 años que no sabe leer y escribir",NA,NA,"6207049067","Población de 6 a 14 años que no sabe leer y escribir","Porcentaje","00","Nacional","2010",2010,NA,2010-01-01,11.2360251721575
"Educación","Educación","% de 6 a 14 años que no sabe leer y escribir",NA,NA,"6207049067","Población de 6 a 14 años que no sabe leer y escribir","Porcentaje","00","Nacional","2015",2015,NA,2015-01-01,8.34935373684738
"Educación","Educación","% de 6 a 14 años que no sabe leer y escribir",NA,NA,"6207049067","Población de 6 a 14 años que no sabe leer y escribir","Porcentaje","00","Nacional","2020",2020,NA,2020-01-01,1871713
"Educación","Educación","% de 6 a 14 años que no sabe leer y escribir",NA,NA,"6207049067","Población de 6 a 14 años que no sabe leer y escribir","Porcentaje","19","Nuevo León","2000",2000,NA,2000-01-01,6.87642588423709
"Educación","Educación","% de 6 a 14 años que no sabe leer y escribir",NA,NA,"6207049067","Población de 6 a 14 años que no sabe leer y escribir","Porcentaje","19","Nuevo León","2010",2010,NA,2010-01-01,7.67875476246117
"Educación","Educación","% de 6 a 14 años que no sabe leer y escribir",NA,NA,"6207049067","Población de 6 a 14 años que no sabe leer y escribir","Porcentaje","19","Nuevo León","2015",2015,NA,2015-01-01,6.22849772420037
"Educación","Educación","% de 6 a 14 años que no sabe leer y escribir",NA,NA,"6207049067","Población de 6 a 14 años que no sabe leer y escribir","Porcentaje","19","Nuevo León","2020",2020,NA,2020-01-01,63377
"Educación","Educación","% de 6 a 14 años que no sabe leer y escribir",NA,NA,"6207049067","Población de 6 a 14 años que no sabe leer y escribir","Porcentaje","19007","Aramberri","2020",2020,NA,2020-01-01,200
"Educación","Educación","% de 6 a 14 años que no sabe leer y escribir",NA,NA,"6207049067","Población de 6 a 14 años que no sabe leer y escribir","Porcentaje","19014","Doctor Arroyo","2020",2020,NA,2020-01-01,581
"Educación","Educación","% de 6 a 14 años que no sabe leer y escribir",NA,NA,"6207049067","Población de 6 a 14 años que no sabe leer y escribir","Porcentaje","19024","General Zaragoza","2020",2020,NA,2020-01-01,109
"Educación","Educación","% de 6 a 14 años que no sabe leer y escribir",NA,NA,"6207049067","Población de 6 a 14 años que no sabe leer y escribir","Porcentaje","19036","Mier y Noriega","2020",2020,NA,2020-01-01,137
"Empleo y ocupación","Condición de actividad","Económicamente activa",NA,NA,"6207019030","Porcentaje de población de 12 años y más económicamente activa","Porcentaje","00","Nacional","2015",2015,NA,2015-01-01,50.256054
"Empleo y ocupación","Condición de actividad","Económicamente activa",NA,NA,"6207019030","Porcentaje de población de 12 años y más económicamente activa","Porcentaje","00","Nacional","2020",2020,NA,2020-01-01,61.9544186402307
"Empleo y ocupación","Condición de actividad","Económicamente activa",NA,NA,"6207019030","Porcentaje de población de 12 años y más económicamente activa","Porcentaje","00","Nacional","2025",2025,NA,2025-01-01,55.129535975095
"Empleo y ocupación","Condición de actividad","Económicamente activa",NA,NA,"6207019030","Porcentaje de población de 12 años y más económicamente activa","Porcentaje","19","Nuevo León","2015",2015,NA,2015-01-01,52.953013
"Empleo y ocupación","Condición de actividad","Económicamente activa",NA,NA,"6207019030","Porcentaje de población de 12 años y más económicamente activa","Porcentaje","19","Nuevo León","2020",2020,NA,2020-01-01,61.421171095768
"Empleo y ocupación","Condición de actividad","Económicamente activa",NA,NA,"6207019030","Porcentaje de población de 12 años y más económicamente activa","Porcentaje","19","Nuevo León","2025",2025,NA,2025-01-01,55.9433056959715
"Empleo y ocupación","Condición de actividad","Económicamente activa",NA,NA,"6207019030","Porcentaje de población de 12 años y más económicamente activa","Porcentaje","19007","Aramberri","2015",2015,NA,2015-01-01,33.671253
"Empleo y ocupación","Condición de actividad","Económicamente activa",NA,NA,"6207019030","Porcentaje de población de 12 años y más económicamente activa","Porcentaje","19007","Aramberri","2020",2020,NA,2020-01-01,51.8688469881529
"Empleo y ocupación","Condición de actividad","Económicamente activa",NA,NA,"6207019030","Porcentaje de población de 12 años y más económicamente activa","Porcentaje","19007","Aramberri","2025",2025,NA,2025-01-01,44.0013518080432
"Empleo y ocupación","Condición de actividad","Económicamente activa",NA,NA,"6207019030","Porcentaje de población de 12 años y más económicamente activa","Porcentaje","19014","Doctor Arroyo","2015",2015,NA,2015-01-01,35.129461
"Empleo y ocupación","Condición de actividad","Económicamente activa",NA,NA,"6207019030","Porcentaje de población de 12 años y más económicamente activa","Porcentaje","19014","Doctor Arroyo","2020",2020,NA,2020-01-01,54.6115977702165
"Empleo y ocupación","Condición de actividad","Económicamente activa",NA,NA,"6207019030","Porcentaje de población de 12 años y más económicamente activa","Porcentaje","19014","Doctor Arroyo","2025",2025,NA,2025-01-01,44.5496586654921
"Empleo y ocupación","Condición de actividad","Económicamente activa",NA,NA,"6207019030","Porcentaje de población de 12 años y más económicamente activa","Porcentaje","19024","General Zaragoza","2015",2015,NA,2015-01-01,28.95318
"Empleo y ocupación","Condición de actividad","Económicamente activa",NA,NA,"6207019030","Porcentaje de población de 12 años y más económicamente activa","Porcentaje","19024","General Zaragoza","2020",2020,NA,2020-01-01,47.5824859929446
"Empleo y ocupación","Condición de actividad","Económicamente activa",NA,NA,"6207019030","Porcentaje de población de 12 años y más económicamente activa","Porcentaje","19024","General Zaragoza","2025",2025,NA,2025-01-01,43.6628511966701
"Empleo y ocupación","Condición de actividad","Económicamente activa",NA,NA,"6207019030","Porcentaje de población de 12 años y más económicamente activa","Porcentaje","19036","Mier y Noriega","2015",2015,NA,2015-01-01,26.278797
"Empleo y ocupación","Condición de actividad","Económicamente activa",NA,NA,"6207019030","Porcentaje de población de 12 años y más económicamente activa","Porcentaje","19036","Mier y Noriega","2020",2020,NA,2020-01-01,41.6033904291012
"Empleo y ocupación","Condición de actividad","Económicamente activa",NA,NA,"6207019030","Porcentaje de población de 12 años y más económicamente activa","Porcentaje","19036","Mier y Noriega","2025",2025,NA,2025-01-01,28.8099084544965
"Empleo y ocupación","Condición de actividad","No económicamente activa",NA,NA,"6207019035","Porcentaje de la población de 12 años y más No Económicamente Activa","Porcentaje","00","Nacional","2015",2015,NA,2015-01-01,49.373726
"Empleo y ocupación","Condición de actividad","No económicamente activa",NA,NA,"6207019035","Porcentaje de la población de 12 años y más No Económicamente Activa","Porcentaje","00","Nacional","2020",2020,NA,2020-01-01,37.6921878253908
"Empleo y ocupación","Condición de actividad","No económicamente activa",NA,NA,"6207019035","Porcentaje de la población de 12 años y más No Económicamente Activa","Porcentaje","00","Nacional","2025",2025,NA,2025-01-01,44.5778838658207
"Empleo y ocupación","Condición de actividad","No económicamente activa",NA,NA,"6207019035","Porcentaje de la población de 12 años y más No Económicamente Activa","Porcentaje","19","Nuevo León","2015",2015,NA,2015-01-01,46.75236
"Empleo y ocupación","Condición de actividad","No económicamente activa",NA,NA,"6207019035","Porcentaje de la población de 12 años y más No Económicamente Activa","Porcentaje","19","Nuevo León","2020",2020,NA,2020-01-01,38.1991211330671
"Empleo y ocupación","Condición de actividad","No económicamente activa",NA,NA,"6207019035","Porcentaje de la población de 12 años y más No Económicamente Activa","Porcentaje","19","Nuevo León","2025",2025,NA,2025-01-01,43.7737851444478
"Empleo y ocupación","Condición de actividad","No económicamente activa",NA,NA,"6207019035","Porcentaje de la población de 12 años y más No Económicamente Activa","Porcentaje","19007","Aramberri","2015",2015,NA,2015-01-01,65.733366
"Empleo y ocupación","Condición de actividad","No económicamente activa",NA,NA,"6207019035","Porcentaje de la población de 12 años y más No Económicamente Activa","Porcentaje","19007","Aramberri","2020",2020,NA,2020-01-01,47.7056565993659
"Empleo y ocupación","Condición de actividad","No económicamente activa",NA,NA,"6207019035","Porcentaje de la población de 12 años y más No Económicamente Activa","Porcentaje","19007","Aramberri","2025",2025,NA,2025-01-01,55.8212233862791
"Empleo y ocupación","Condición de actividad","No económicamente activa",NA,NA,"6207019035","Porcentaje de la población de 12 años y más No Económicamente Activa","Porcentaje","19014","Doctor Arroyo","2015",2015,NA,2015-01-01,64.532307
"Empleo y ocupación","Condición de actividad","No económicamente activa",NA,NA,"6207019035","Porcentaje de la población de 12 años y más No Económicamente Activa","Porcentaje","19014","Doctor Arroyo","2020",2020,NA,2020-01-01,45.1784550785492
"Empleo y ocupación","Condición de actividad","No económicamente activa",NA,NA,"6207019035","Porcentaje de la población de 12 años y más No Económicamente Activa","Porcentaje","19014","Doctor Arroyo","2025",2025,NA,2025-01-01,55.2552930443263
"Empleo y ocupación","Condición de actividad","No económicamente activa",NA,NA,"6207019035","Porcentaje de la población de 12 años y más No Económicamente Activa","Porcentaje","19024","General Zaragoza","2015",2015,NA,2015-01-01,70.627208
"Empleo y ocupación","Condición de actividad","No económicamente activa",NA,NA,"6207019035","Porcentaje de la población de 12 años y más No Económicamente Activa","Porcentaje","19024","General Zaragoza","2020",2020,NA,2020-01-01,52.3137580410874
"Empleo y ocupación","Condición de actividad","No económicamente activa",NA,NA,"6207019035","Porcentaje de la población de 12 años y más No Económicamente Activa","Porcentaje","19024","General Zaragoza","2025",2025,NA,2025-01-01,55.9833506763787
"Empleo y ocupación","Condición de actividad","No económicamente activa",NA,NA,"6207019035","Porcentaje de la población de 12 años y más No Económicamente Activa","Porcentaje","19036","Mier y Noriega","2015",2015,NA,2015-01-01,73.096447
"Empleo y ocupación","Condición de actividad","No económicamente activa",NA,NA,"6207019035","Porcentaje de la población de 12 años y más No Económicamente Activa","Porcentaje","19036","Mier y Noriega","2020",2020,NA,2020-01-01,57.866855023839
"Empleo y ocupación","Condición de actividad","No económicamente activa",NA,NA,"6207019035","Porcentaje de la población de 12 años y más No Económicamente Activa","Porcentaje","19036","Mier y Noriega","2025",2025,NA,2025-01-01,71.0644408544247
"Empleo y ocupación","Participación por sexo","Mujeres","Mujeres",NA,"6207019040","Porcentaje de la población femenina de 12 años y más económicamente activa","Porcentaje","00","Nacional","2015",2015,NA,2015-01-01,34.64044
"Empleo y ocupación","Participación por sexo","Mujeres","Mujeres",NA,"6207019040","Porcentaje de la población femenina de 12 años y más económicamente activa","Porcentaje","00","Nacional","2020",2020,NA,2020-01-01,40.8879654634623
"Empleo y ocupación","Participación por sexo","Mujeres","Mujeres",NA,"6207019040","Porcentaje de la población femenina de 12 años y más económicamente activa","Porcentaje","00","Nacional","2025",2025,NA,2025-01-01,39.012526329349
"Empleo y ocupación","Participación por sexo","Mujeres","Mujeres",NA,"6207019040","Porcentaje de la población femenina de 12 años y más económicamente activa","Porcentaje","19","Nuevo León","2015",2015,NA,2015-01-01,34.259182
"Empleo y ocupación","Participación por sexo","Mujeres","Mujeres",NA,"6207019040","Porcentaje de la población femenina de 12 años y más económicamente activa","Porcentaje","19","Nuevo León","2020",2020,NA,2020-01-01,38.8366119811894
"Empleo y ocupación","Participación por sexo","Mujeres","Mujeres",NA,"6207019040","Porcentaje de la población femenina de 12 años y más económicamente activa","Porcentaje","19","Nuevo León","2025",2025,NA,2025-01-01,37.3931048488567
"Empleo y ocupación","Participación por sexo","Mujeres","Mujeres",NA,"6207019040","Porcentaje de la población femenina de 12 años y más económicamente activa","Porcentaje","19007","Aramberri","2015",2015,NA,2015-01-01,16.869773
"Empleo y ocupación","Participación por sexo","Mujeres","Mujeres",NA,"6207019040","Porcentaje de la población femenina de 12 años y más económicamente activa","Porcentaje","19007","Aramberri","2020",2020,NA,2020-01-01,28.7598520186585
"Empleo y ocupación","Participación por sexo","Mujeres","Mujeres",NA,"6207019040","Porcentaje de la población femenina de 12 años y más económicamente activa","Porcentaje","19007","Aramberri","2025",2025,NA,2025-01-01,23.57910906298
"Empleo y ocupación","Participación por sexo","Mujeres","Mujeres",NA,"6207019040","Porcentaje de la población femenina de 12 años y más económicamente activa","Porcentaje","19014","Doctor Arroyo","2015",2015,NA,2015-01-01,21.779548
"Empleo y ocupación","Participación por sexo","Mujeres","Mujeres",NA,"6207019040","Porcentaje de la población femenina de 12 años y más económicamente activa","Porcentaje","19014","Doctor Arroyo","2020",2020,NA,2020-01-01,30.476569231789
"Empleo y ocupación","Participación por sexo","Mujeres","Mujeres",NA,"6207019040","Porcentaje de la población femenina de 12 años y más económicamente activa","Porcentaje","19014","Doctor Arroyo","2025",2025,NA,2025-01-01,25.5843513876138
"Empleo y ocupación","Participación por sexo","Mujeres","Mujeres",NA,"6207019040","Porcentaje de la población femenina de 12 años y más económicamente activa","Porcentaje","19024","General Zaragoza","2015",2015,NA,2015-01-01,20.366133
"Empleo y ocupación","Participación por sexo","Mujeres","Mujeres",NA,"6207019040","Porcentaje de la población femenina de 12 años y más económicamente activa","Porcentaje","19024","General Zaragoza","2020",2020,NA,2020-01-01,29.5246402093328
"Empleo y ocupación","Participación por sexo","Mujeres","Mujeres",NA,"6207019040","Porcentaje de la población femenina de 12 años y más económicamente activa","Porcentaje","19024","General Zaragoza","2025",2025,NA,2025-01-01,21.1153479504289
"Empleo y ocupación","Participación por sexo","Mujeres","Mujeres",NA,"6207019040","Porcentaje de la población femenina de 12 años y más económicamente activa","Porcentaje","19036","Mier y Noriega","2015",2015,NA,2015-01-01,15.007429
"Empleo y ocupación","Participación por sexo","Mujeres","Mujeres",NA,"6207019040","Porcentaje de la población femenina de 12 años y más económicamente activa","Porcentaje","19036","Mier y Noriega","2020",2020,NA,2020-01-01,22.5382003395586
"Empleo y ocupación","Participación por sexo","Mujeres","Mujeres",NA,"6207019040","Porcentaje de la población femenina de 12 años y más económicamente activa","Porcentaje","19036","Mier y Noriega","2025",2025,NA,2025-01-01,17.6947040498442
"Empleo y ocupación","Participación por sexo","Hombres","Hombres",NA,"6207019043","Porcentaje de la población masculina de 12 años y más económicamente activa","Porcentaje","00","Nacional","2015",2015,NA,2015-01-01,65.35956
"Empleo y ocupación","Participación por sexo","Hombres","Hombres",NA,"6207019043","Porcentaje de la población masculina de 12 años y más económicamente activa","Porcentaje","00","Nacional","2020",2020,NA,2020-01-01,59.1120345365377
"Empleo y ocupación","Participación por sexo","Hombres","Hombres",NA,"6207019043","Porcentaje de la población masculina de 12 años y más económicamente activa","Porcentaje","00","Nacional","2025",2025,NA,2025-01-01,60.9874736706509
"Empleo y ocupación","Participación por sexo","Hombres","Hombres",NA,"6207019043","Porcentaje de la población masculina de 12 años y más económicamente activa","Porcentaje","19","Nuevo León","2015",2015,NA,2015-01-01,65.740818
"Empleo y ocupación","Participación por sexo","Hombres","Hombres",NA,"6207019043","Porcentaje de la población masculina de 12 años y más económicamente activa","Porcentaje","19","Nuevo León","2020",2020,NA,2020-01-01,61.1633880188106
"Empleo y ocupación","Participación por sexo","Hombres","Hombres",NA,"6207019043","Porcentaje de la población masculina de 12 años y más económicamente activa","Porcentaje","19","Nuevo León","2025",2025,NA,2025-01-01,62.6068951511432
"Empleo y ocupación","Participación por sexo","Hombres","Hombres",NA,"6207019043","Porcentaje de la población masculina de 12 años y más económicamente activa","Porcentaje","19007","Aramberri","2015",2015,NA,2015-01-01,83.130227
"Empleo y ocupación","Participación por sexo","Hombres","Hombres",NA,"6207019043","Porcentaje de la población masculina de 12 años y más económicamente activa","Porcentaje","19007","Aramberri","2020",2020,NA,2020-01-01,71.2401479813415
"Empleo y ocupación","Participación por sexo","Hombres","Hombres",NA,"6207019043","Porcentaje de la población masculina de 12 años y más económicamente activa","Porcentaje","19007","Aramberri","2025",2025,NA,2025-01-01,76.4208909370199
"Empleo y ocupación","Participación por sexo","Hombres","Hombres",NA,"6207019043","Porcentaje de la población masculina de 12 años y más económicamente activa","Porcentaje","19014","Doctor Arroyo","2015",2015,NA,2015-01-01,78.220452
"Empleo y ocupación","Participación por sexo","Hombres","Hombres",NA,"6207019043","Porcentaje de la población masculina de 12 años y más económicamente activa","Porcentaje","19014","Doctor Arroyo","2020",2020,NA,2020-01-01,69.523430768211
"Empleo y ocupación","Participación por sexo","Hombres","Hombres",NA,"6207019043","Porcentaje de la población masculina de 12 años y más económicamente activa","Porcentaje","19014","Doctor Arroyo","2025",2025,NA,2025-01-01,74.4156486123861
"Empleo y ocupación","Participación por sexo","Hombres","Hombres",NA,"6207019043","Porcentaje de la población masculina de 12 años y más económicamente activa","Porcentaje","19024","General Zaragoza","2015",2015,NA,2015-01-01,79.633867
"Empleo y ocupación","Participación por sexo","Hombres","Hombres",NA,"6207019043","Porcentaje de la población masculina de 12 años y más económicamente activa","Porcentaje","19024","General Zaragoza","2020",2020,NA,2020-01-01,70.4753597906672
"Empleo y ocupación","Participación por sexo","Hombres","Hombres",NA,"6207019043","Porcentaje de la población masculina de 12 años y más económicamente activa","Porcentaje","19024","General Zaragoza","2025",2025,NA,2025-01-01,78.884652049571
"Empleo y ocupación","Participación por sexo","Hombres","Hombres",NA,"6207019043","Porcentaje de la población masculina de 12 años y más económicamente activa","Porcentaje","19036","Mier y Noriega","2015",2015,NA,2015-01-01,84.992571
"Empleo y ocupación","Participación por sexo","Hombres","Hombres",NA,"6207019043","Porcentaje de la población masculina de 12 años y más económicamente activa","Porcentaje","19036","Mier y Noriega","2020",2020,NA,2020-01-01,77.4617996604414
"Empleo y ocupación","Participación por sexo","Hombres","Hombres",NA,"6207019043","Porcentaje de la población masculina de 12 años y más económicamente activa","Porcentaje","19036","Mier y Noriega","2025",2025,NA,2025-01-01,82.3052959501557
"Empleo y ocupación","Población no económicamente activa","Se dedica a los quehaceres del hogar",NA,NA,"6207019064","Porcentaje de la población de 12 años y más no económicamente activa que se dedica a los quehaceres del hogar","Porcentaje","00","Nacional","2015",2015,NA,2015-01-01,46.684544
"Empleo y ocupación","Población no económicamente activa","Se dedica a los quehaceres del hogar",NA,NA,"6207019064","Porcentaje de la población de 12 años y más no económicamente activa que se dedica a los quehaceres del hogar","Porcentaje","00","Nacional","2020",2020,NA,2020-01-01,43.9391499797275
"Empleo y ocupación","Población no económicamente activa","Se dedica a los quehaceres del hogar",NA,NA,"6207019064","Porcentaje de la población de 12 años y más no económicamente activa que se dedica a los quehaceres del hogar","Porcentaje","00","Nacional","2025",2025,NA,2025-01-01,44.1055060925346
"Empleo y ocupación","Población no económicamente activa","Se dedica a los quehaceres del hogar",NA,NA,"6207019064","Porcentaje de la población de 12 años y más no económicamente activa que se dedica a los quehaceres del hogar","Porcentaje","19","Nuevo León","2015",2015,NA,2015-01-01,45.475796
"Empleo y ocupación","Población no económicamente activa","Se dedica a los quehaceres del hogar",NA,NA,"6207019064","Porcentaje de la población de 12 años y más no económicamente activa que se dedica a los quehaceres del hogar","Porcentaje","19","Nuevo León","2020",2020,NA,2020-01-01,42.9962807735092
"Empleo y ocupación","Población no económicamente activa","Se dedica a los quehaceres del hogar",NA,NA,"6207019064","Porcentaje de la población de 12 años y más no económicamente activa que se dedica a los quehaceres del hogar","Porcentaje","19","Nuevo León","2025",2025,NA,2025-01-01,41.7063034793157
"Empleo y ocupación","Población no económicamente activa","Se dedica a los quehaceres del hogar",NA,NA,"6207019064","Porcentaje de la población de 12 años y más no económicamente activa que se dedica a los quehaceres del hogar","Porcentaje","19007","Aramberri","2015",2015,NA,2015-01-01,49.351285
"Empleo y ocupación","Población no económicamente activa","Se dedica a los quehaceres del hogar",NA,NA,"6207019064","Porcentaje de la población de 12 años y más no económicamente activa que se dedica a los quehaceres del hogar","Porcentaje","19007","Aramberri","2020",2020,NA,2020-01-01,51.4690451206716
"Empleo y ocupación","Población no económicamente activa","Se dedica a los quehaceres del hogar",NA,NA,"6207019064","Porcentaje de la población de 12 años y más no económicamente activa que se dedica a los quehaceres del hogar","Porcentaje","19007","Aramberri","2025",2025,NA,2025-01-01,55.8044498259421
"Empleo y ocupación","Población no económicamente activa","Se dedica a los quehaceres del hogar",NA,NA,"6207019064","Porcentaje de la población de 12 años y más no económicamente activa que se dedica a los quehaceres del hogar","Porcentaje","19014","Doctor Arroyo","2015",2015,NA,2015-01-01,45.237665
"Empleo y ocupación","Población no económicamente activa","Se dedica a los quehaceres del hogar",NA,NA,"6207019064","Porcentaje de la población de 12 años y más no económicamente activa que se dedica a los quehaceres del hogar","Porcentaje","19014","Doctor Arroyo","2020",2020,NA,2020-01-01,53.9860588093903
"Empleo y ocupación","Población no económicamente activa","Se dedica a los quehaceres del hogar",NA,NA,"6207019064","Porcentaje de la población de 12 años y más no económicamente activa que se dedica a los quehaceres del hogar","Porcentaje","19014","Doctor Arroyo","2025",2025,NA,2025-01-01,54.4921430198132
"Empleo y ocupación","Población no económicamente activa","Se dedica a los quehaceres del hogar",NA,NA,"6207019064","Porcentaje de la población de 12 años y más no económicamente activa que se dedica a los quehaceres del hogar","Porcentaje","19024","General Zaragoza","2015",2015,NA,2015-01-01,43.683552
"Empleo y ocupación","Población no económicamente activa","Se dedica a los quehaceres del hogar",NA,NA,"6207019064","Porcentaje de la población de 12 años y más no económicamente activa que se dedica a los quehaceres del hogar","Porcentaje","19024","General Zaragoza","2020",2020,NA,2020-01-01,48.5124950416501
"Empleo y ocupación","Población no económicamente activa","Se dedica a los quehaceres del hogar",NA,NA,"6207019064","Porcentaje de la población de 12 años y más no económicamente activa que se dedica a los quehaceres del hogar","Porcentaje","19024","General Zaragoza","2025",2025,NA,2025-01-01,56.6171003717472
"Empleo y ocupación","Población no económicamente activa","Se dedica a los quehaceres del hogar",NA,NA,"6207019064","Porcentaje de la población de 12 años y más no económicamente activa que se dedica a los quehaceres del hogar","Porcentaje","19036","Mier y Noriega","2015",2015,NA,2015-01-01,49.198718
"Empleo y ocupación","Población no económicamente activa","Se dedica a los quehaceres del hogar",NA,NA,"6207019064","Porcentaje de la población de 12 años y más no económicamente activa que se dedica a los quehaceres del hogar","Porcentaje","19036","Mier y Noriega","2020",2020,NA,2020-01-01,57.2474824534635
"Empleo y ocupación","Población no económicamente activa","Se dedica a los quehaceres del hogar",NA,NA,"6207019064","Porcentaje de la población de 12 años y más no económicamente activa que se dedica a los quehaceres del hogar","Porcentaje","19036","Mier y Noriega","2025",2025,NA,2025-01-01,47.7393281131598
"Empleo y ocupación","Población no económicamente activa","Limitación física o mental para trabajar",NA,NA,"6207019070","Porcentaje de la población de 12 años y más no económicamente activa con alguna limitación física o mental que les impide trabajar","Porcentaje","00","Nacional","2015",2015,NA,2015-01-01,3.4596388
"Empleo y ocupación","Población no económicamente activa","Limitación física o mental para trabajar",NA,NA,"6207019070","Porcentaje de la población de 12 años y más no económicamente activa con alguna limitación física o mental que les impide trabajar","Porcentaje","00","Nacional","2020",2020,NA,2020-01-01,3.75041622394145
"Empleo y ocupación","Población no económicamente activa","Limitación física o mental para trabajar",NA,NA,"6207019070","Porcentaje de la población de 12 años y más no económicamente activa con alguna limitación física o mental que les impide trabajar","Porcentaje","00","Nacional","2025",2025,NA,2025-01-01,3.41091582223867
"Empleo y ocupación","Población no económicamente activa","Limitación física o mental para trabajar",NA,NA,"6207019070","Porcentaje de la población de 12 años y más no económicamente activa con alguna limitación física o mental que les impide trabajar","Porcentaje","19","Nuevo León","2015",2015,NA,2015-01-01,2.22
"Empleo y ocupación","Población no económicamente activa","Limitación física o mental para trabajar",NA,NA,"6207019070","Porcentaje de la población de 12 años y más no económicamente activa con alguna limitación física o mental que les impide trabajar","Porcentaje","19","Nuevo León","2020",2020,NA,2020-01-01,1.94349247727451
"Empleo y ocupación","Población no económicamente activa","Limitación física o mental para trabajar",NA,NA,"6207019070","Porcentaje de la población de 12 años y más no económicamente activa con alguna limitación física o mental que les impide trabajar","Porcentaje","19","Nuevo León","2025",2025,NA,2025-01-01,1.73876812301843
"Empleo y ocupación","Población no económicamente activa","Limitación física o mental para trabajar",NA,NA,"6207019070","Porcentaje de la población de 12 años y más no económicamente activa con alguna limitación física o mental que les impide trabajar","Porcentaje","19007","Aramberri","2015",2015,NA,2015-01-01,4.8102815
"Empleo y ocupación","Población no económicamente activa","Limitación física o mental para trabajar",NA,NA,"6207019070","Porcentaje de la población de 12 años y más no económicamente activa con alguna limitación física o mental que les impide trabajar","Porcentaje","19007","Aramberri","2020",2020,NA,2020-01-01,5.00174886323889
"Empleo y ocupación","Población no económicamente activa","Limitación física o mental para trabajar",NA,NA,"6207019070","Porcentaje de la población de 12 años y más no económicamente activa con alguna limitación física o mental que les impide trabajar","Porcentaje","19007","Aramberri","2025",2025,NA,2025-01-01,3.95035568336612
"Empleo y ocupación","Población no económicamente activa","Limitación física o mental para trabajar",NA,NA,"6207019070","Porcentaje de la población de 12 años y más no económicamente activa con alguna limitación física o mental que les impide trabajar","Porcentaje","19014","Doctor Arroyo","2015",2015,NA,2015-01-01,2.0242183
"Empleo y ocupación","Población no económicamente activa","Limitación física o mental para trabajar",NA,NA,"6207019070","Porcentaje de la población de 12 años y más no económicamente activa con alguna limitación física o mental que les impide trabajar","Porcentaje","19014","Doctor Arroyo","2020",2020,NA,2020-01-01,5.00761156958577
"Empleo y ocupación","Población no económicamente activa","Limitación física o mental para trabajar",NA,NA,"6207019070","Porcentaje de la población de 12 años y más no económicamente activa con alguna limitación física o mental que les impide trabajar","Porcentaje","19014","Doctor Arroyo","2025",2025,NA,2025-01-01,3.86016852653154
"Empleo y ocupación","Población no económicamente activa","Limitación física o mental para trabajar",NA,NA,"6207019070","Porcentaje de la población de 12 años y más no económicamente activa con alguna limitación física o mental que les impide trabajar","Porcentaje","19024","General Zaragoza","2015",2015,NA,2015-01-01,2.2201376
"Empleo y ocupación","Población no económicamente activa","Limitación física o mental para trabajar",NA,NA,"6207019070","Porcentaje de la población de 12 años y más no económicamente activa con alguna limitación física o mental que les impide trabajar","Porcentaje","19024","General Zaragoza","2020",2020,NA,2020-01-01,2.77667592225307
"Empleo y ocupación","Población no económicamente activa","Limitación física o mental para trabajar",NA,NA,"6207019070","Porcentaje de la población de 12 años y más no económicamente activa con alguna limitación física o mental que les impide trabajar","Porcentaje","19024","General Zaragoza","2025",2025,NA,2025-01-01,1.74721189591078
"Empleo y ocupación","Población no económicamente activa","Limitación física o mental para trabajar",NA,NA,"6207019070","Porcentaje de la población de 12 años y más no económicamente activa con alguna limitación física o mental que les impide trabajar","Porcentaje","19036","Mier y Noriega","2015",2015,NA,2015-01-01,2.4839744
"Empleo y ocupación","Población no económicamente activa","Limitación física o mental para trabajar",NA,NA,"6207019070","Porcentaje de la población de 12 años y más no económicamente activa con alguna limitación física o mental que les impide trabajar","Porcentaje","19036","Mier y Noriega","2020",2020,NA,2020-01-01,5.00457735733903
"Empleo y ocupación","Población no económicamente activa","Limitación física o mental para trabajar",NA,NA,"6207019070","Porcentaje de la población de 12 años y más no económicamente activa con alguna limitación física o mental que les impide trabajar","Porcentaje","19036","Mier y Noriega","2025",2025,NA,2025-01-01,1.06087395807022
"Hogares y vivienda","Jefatura del hogar","Jefatura masculina",NA,NA,"1002000019","Hogares con jefatura masculina","Hogares","00","Nacional","2000",2000,NA,2000-01-01,17671681
"Hogares y vivienda","Jefatura del hogar","Jefatura masculina",NA,NA,"1002000019","Hogares con jefatura masculina","Hogares","00","Nacional","2005",2005,NA,2005-01-01,19085966
"Hogares y vivienda","Jefatura del hogar","Jefatura masculina",NA,NA,"1002000019","Hogares con jefatura masculina","Hogares","00","Nacional","2010",2010,NA,2010-01-01,21243167
"Hogares y vivienda","Jefatura del hogar","Jefatura masculina",NA,NA,"1002000019","Hogares con jefatura masculina","Hogares","00","Nacional","2015",2015,NA,2015-01-01,22683498
"Hogares y vivienda","Jefatura del hogar","Jefatura masculina",NA,NA,"1002000019","Hogares con jefatura masculina","Hogares","00","Nacional","2020",2020,NA,2020-01-01,23744158
"Hogares y vivienda","Jefatura del hogar","Jefatura masculina",NA,NA,"1002000019","Hogares con jefatura masculina","Hogares","00","Nacional","2025",2025,NA,2025-01-01,25533363
"Hogares y vivienda","Jefatura del hogar","Jefatura masculina",NA,NA,"1002000019","Hogares con jefatura masculina","Hogares","19","Nuevo León","2000",2000,NA,2000-01-01,765900
"Hogares y vivienda","Jefatura del hogar","Jefatura masculina",NA,NA,"1002000019","Hogares con jefatura masculina","Hogares","19","Nuevo León","2005",2005,NA,2005-01-01,846559
"Hogares y vivienda","Jefatura del hogar","Jefatura masculina",NA,NA,"1002000019","Hogares con jefatura masculina","Hogares","19","Nuevo León","2010",2010,NA,2010-01-01,958936
"Hogares y vivienda","Jefatura del hogar","Jefatura masculina",NA,NA,"1002000019","Hogares con jefatura masculina","Hogares","19","Nuevo León","2015",2015,NA,2015-01-01,1064511
"Hogares y vivienda","Jefatura del hogar","Jefatura masculina",NA,NA,"1002000019","Hogares con jefatura masculina","Hogares","19","Nuevo León","2020",2020,NA,2020-01-01,1203712
"Hogares y vivienda","Jefatura del hogar","Jefatura masculina",NA,NA,"1002000019","Hogares con jefatura masculina","Hogares","19","Nuevo León","2025",2025,NA,2025-01-01,1365766
"Hogares y vivienda","Jefatura del hogar","Jefatura masculina",NA,NA,"1002000019","Hogares con jefatura masculina","Hogares","19007","Aramberri","2000",2000,NA,2000-01-01,3055
"Hogares y vivienda","Jefatura del hogar","Jefatura masculina",NA,NA,"1002000019","Hogares con jefatura masculina","Hogares","19007","Aramberri","2005",2005,NA,2005-01-01,3191
"Hogares y vivienda","Jefatura del hogar","Jefatura masculina",NA,NA,"1002000019","Hogares con jefatura masculina","Hogares","19007","Aramberri","2010",2010,NA,2010-01-01,3267
"Hogares y vivienda","Jefatura del hogar","Jefatura masculina",NA,NA,"1002000019","Hogares con jefatura masculina","Hogares","19007","Aramberri","2020",2020,NA,2020-01-01,3369
"Hogares y vivienda","Jefatura del hogar","Jefatura masculina",NA,NA,"1002000019","Hogares con jefatura masculina","Hogares","19007","Aramberri","2025",2025,NA,2025-01-01,3415
"Hogares y vivienda","Jefatura del hogar","Jefatura masculina",NA,NA,"1002000019","Hogares con jefatura masculina","Hogares","19014","Doctor Arroyo","2000",2000,NA,2000-01-01,6298
"Hogares y vivienda","Jefatura del hogar","Jefatura masculina",NA,NA,"1002000019","Hogares con jefatura masculina","Hogares","19014","Doctor Arroyo","2005",2005,NA,2005-01-01,6537
"Hogares y vivienda","Jefatura del hogar","Jefatura masculina",NA,NA,"1002000019","Hogares con jefatura masculina","Hogares","19014","Doctor Arroyo","2010",2010,NA,2010-01-01,7012
"Hogares y vivienda","Jefatura del hogar","Jefatura masculina",NA,NA,"1002000019","Hogares con jefatura masculina","Hogares","19014","Doctor Arroyo","2020",2020,NA,2020-01-01,6786
"Hogares y vivienda","Jefatura del hogar","Jefatura masculina",NA,NA,"1002000019","Hogares con jefatura masculina","Hogares","19014","Doctor Arroyo","2025",2025,NA,2025-01-01,8356
"Hogares y vivienda","Jefatura del hogar","Jefatura masculina",NA,NA,"1002000019","Hogares con jefatura masculina","Hogares","19024","General Zaragoza","2000",2000,NA,2000-01-01,1061
"Hogares y vivienda","Jefatura del hogar","Jefatura masculina",NA,NA,"1002000019","Hogares con jefatura masculina","Hogares","19024","General Zaragoza","2005",2005,NA,2005-01-01,1142
"Hogares y vivienda","Jefatura del hogar","Jefatura masculina",NA,NA,"1002000019","Hogares con jefatura masculina","Hogares","19024","General Zaragoza","2010",2010,NA,2010-01-01,1199
"Hogares y vivienda","Jefatura del hogar","Jefatura masculina",NA,NA,"1002000019","Hogares con jefatura masculina","Hogares","19024","General Zaragoza","2020",2020,NA,2020-01-01,1135
"Hogares y vivienda","Jefatura del hogar","Jefatura masculina",NA,NA,"1002000019","Hogares con jefatura masculina","Hogares","19024","General Zaragoza","2025",2025,NA,2025-01-01,1340
"Hogares y vivienda","Jefatura del hogar","Jefatura masculina",NA,NA,"1002000019","Hogares con jefatura masculina","Hogares","19036","Mier y Noriega","2000",2000,NA,2000-01-01,1226
"Hogares y vivienda","Jefatura del hogar","Jefatura masculina",NA,NA,"1002000019","Hogares con jefatura masculina","Hogares","19036","Mier y Noriega","2005",2005,NA,2005-01-01,1337
"Hogares y vivienda","Jefatura del hogar","Jefatura masculina",NA,NA,"1002000019","Hogares con jefatura masculina","Hogares","19036","Mier y Noriega","2010",2010,NA,2010-01-01,1305
"Hogares y vivienda","Jefatura del hogar","Jefatura masculina",NA,NA,"1002000019","Hogares con jefatura masculina","Hogares","19036","Mier y Noriega","2020",2020,NA,2020-01-01,1361
"Hogares y vivienda","Jefatura del hogar","Jefatura masculina",NA,NA,"1002000019","Hogares con jefatura masculina","Hogares","19036","Mier y Noriega","2025",2025,NA,2025-01-01,1325
"Hogares y vivienda","Jefatura del hogar","Jefatura femenina",NA,NA,"1002000020","Hogares con jefatura femenina","Hogares","00","Nacional","2000",2000,NA,2000-01-01,4597235
"Hogares y vivienda","Jefatura del hogar","Jefatura femenina",NA,NA,"1002000020","Hogares con jefatura femenina","Hogares","00","Nacional","2005",2005,NA,2005-01-01,5717659
"Hogares y vivienda","Jefatura del hogar","Jefatura femenina",NA,NA,"1002000020","Hogares con jefatura femenina","Hogares","00","Nacional","2010",2010,NA,2010-01-01,6916206
"Hogares y vivienda","Jefatura del hogar","Jefatura femenina",NA,NA,"1002000020","Hogares con jefatura femenina","Hogares","00","Nacional","2015",2015,NA,2015-01-01,9266211
"Hogares y vivienda","Jefatura del hogar","Jefatura femenina",NA,NA,"1002000020","Hogares con jefatura femenina","Hogares","00","Nacional","2020",2020,NA,2020-01-01,11474983
"Hogares y vivienda","Jefatura del hogar","Jefatura femenina",NA,NA,"1002000020","Hogares con jefatura femenina","Hogares","00","Nacional","2025",2025,NA,2025-01-01,14165879
"Hogares y vivienda","Jefatura del hogar","Jefatura femenina",NA,NA,"1002000020","Hogares con jefatura femenina","Hogares","19","Nuevo León","2000",2000,NA,2000-01-01,149504
"Hogares y vivienda","Jefatura del hogar","Jefatura femenina",NA,NA,"1002000020","Hogares con jefatura femenina","Hogares","19","Nuevo León","2005",2005,NA,2005-01-01,185078
"Hogares y vivienda","Jefatura del hogar","Jefatura femenina",NA,NA,"1002000020","Hogares con jefatura femenina","Hogares","19","Nuevo León","2010",2010,NA,2010-01-01,232178
"Hogares y vivienda","Jefatura del hogar","Jefatura femenina",NA,NA,"1002000020","Hogares con jefatura femenina","Hogares","19","Nuevo León","2015",2015,NA,2015-01-01,329031
"Hogares y vivienda","Jefatura del hogar","Jefatura femenina",NA,NA,"1002000020","Hogares con jefatura femenina","Hogares","19","Nuevo León","2020",2020,NA,2020-01-01,451544
"Hogares y vivienda","Jefatura del hogar","Jefatura femenina",NA,NA,"1002000020","Hogares con jefatura femenina","Hogares","19","Nuevo León","2025",2025,NA,2025-01-01,570171
"Hogares y vivienda","Jefatura del hogar","Jefatura femenina",NA,NA,"1002000020","Hogares con jefatura femenina","Hogares","19007","Aramberri","2000",2000,NA,2000-01-01,439
"Hogares y vivienda","Jefatura del hogar","Jefatura femenina",NA,NA,"1002000020","Hogares con jefatura femenina","Hogares","19007","Aramberri","2005",2005,NA,2005-01-01,497
"Hogares y vivienda","Jefatura del hogar","Jefatura femenina",NA,NA,"1002000020","Hogares con jefatura femenina","Hogares","19007","Aramberri","2010",2010,NA,2010-01-01,778
"Hogares y vivienda","Jefatura del hogar","Jefatura femenina",NA,NA,"1002000020","Hogares con jefatura femenina","Hogares","19007","Aramberri","2020",2020,NA,2020-01-01,904
"Hogares y vivienda","Jefatura del hogar","Jefatura femenina",NA,NA,"1002000020","Hogares con jefatura femenina","Hogares","19007","Aramberri","2025",2025,NA,2025-01-01,1011
"Hogares y vivienda","Jefatura del hogar","Jefatura femenina",NA,NA,"1002000020","Hogares con jefatura femenina","Hogares","19014","Doctor Arroyo","2000",2000,NA,2000-01-01,1283
"Hogares y vivienda","Jefatura del hogar","Jefatura femenina",NA,NA,"1002000020","Hogares con jefatura femenina","Hogares","19014","Doctor Arroyo","2005",2005,NA,2005-01-01,1246
"Hogares y vivienda","Jefatura del hogar","Jefatura femenina",NA,NA,"1002000020","Hogares con jefatura femenina","Hogares","19014","Doctor Arroyo","2010",2010,NA,2010-01-01,1455
"Hogares y vivienda","Jefatura del hogar","Jefatura femenina",NA,NA,"1002000020","Hogares con jefatura femenina","Hogares","19014","Doctor Arroyo","2020",2020,NA,2020-01-01,2441
"Hogares y vivienda","Jefatura del hogar","Jefatura femenina",NA,NA,"1002000020","Hogares con jefatura femenina","Hogares","19014","Doctor Arroyo","2025",2025,NA,2025-01-01,2764
"Hogares y vivienda","Jefatura del hogar","Jefatura femenina",NA,NA,"1002000020","Hogares con jefatura femenina","Hogares","19024","General Zaragoza","2000",2000,NA,2000-01-01,181
"Hogares y vivienda","Jefatura del hogar","Jefatura femenina",NA,NA,"1002000020","Hogares con jefatura femenina","Hogares","19024","General Zaragoza","2005",2005,NA,2005-01-01,173
"Hogares y vivienda","Jefatura del hogar","Jefatura femenina",NA,NA,"1002000020","Hogares con jefatura femenina","Hogares","19024","General Zaragoza","2010",2010,NA,2010-01-01,227
"Hogares y vivienda","Jefatura del hogar","Jefatura femenina",NA,NA,"1002000020","Hogares con jefatura femenina","Hogares","19024","General Zaragoza","2020",2020,NA,2020-01-01,521
"Hogares y vivienda","Jefatura del hogar","Jefatura femenina",NA,NA,"1002000020","Hogares con jefatura femenina","Hogares","19024","General Zaragoza","2025",2025,NA,2025-01-01,400
"Hogares y vivienda","Jefatura del hogar","Jefatura femenina",NA,NA,"1002000020","Hogares con jefatura femenina","Hogares","19036","Mier y Noriega","2000",2000,NA,2000-01-01,278
"Hogares y vivienda","Jefatura del hogar","Jefatura femenina",NA,NA,"1002000020","Hogares con jefatura femenina","Hogares","19036","Mier y Noriega","2005",2005,NA,2005-01-01,210
"Hogares y vivienda","Jefatura del hogar","Jefatura femenina",NA,NA,"1002000020","Hogares con jefatura femenina","Hogares","19036","Mier y Noriega","2010",2010,NA,2010-01-01,264
"Hogares y vivienda","Jefatura del hogar","Jefatura femenina",NA,NA,"1002000020","Hogares con jefatura femenina","Hogares","19036","Mier y Noriega","2020",2020,NA,2020-01-01,520
"Hogares y vivienda","Jefatura del hogar","Jefatura femenina",NA,NA,"1002000020","Hogares con jefatura femenina","Hogares","19036","Mier y Noriega","2025",2025,NA,2025-01-01,519
"Migración","Flujos migratorios","Inmigrantes",NA,NA,"6200205252","Población de 5 años y más inmigrante","Personas","00","Nacional","2000",2000,NA,2000-01-01,3584957
"Migración","Flujos migratorios","Inmigrantes",NA,NA,"6200205252","Población de 5 años y más inmigrante","Personas","00","Nacional","2010",2010,NA,2010-01-01,3292310
"Migración","Flujos migratorios","Inmigrantes",NA,NA,"6200205252","Población de 5 años y más inmigrante","Personas","00","Nacional","2020",2020,NA,2020-01-01,3807844
"Migración","Flujos migratorios","Inmigrantes",NA,NA,"6200205252","Población de 5 años y más inmigrante","Personas","19","Nuevo León","2000",2000,NA,2000-01-01,128902
"Migración","Flujos migratorios","Inmigrantes",NA,NA,"6200205252","Población de 5 años y más inmigrante","Personas","19","Nuevo León","2010",2010,NA,2010-01-01,133657
"Migración","Flujos migratorios","Inmigrantes",NA,NA,"6200205252","Población de 5 años y más inmigrante","Personas","19","Nuevo León","2020",2020,NA,2020-01-01,277369
"Migración","Flujos migratorios","Inmigrantes",NA,NA,"6200205252","Población de 5 años y más inmigrante","Personas","19007","Aramberri","2020",2020,NA,2020-01-01,536
"Migración","Flujos migratorios","Inmigrantes",NA,NA,"6200205252","Población de 5 años y más inmigrante","Personas","19014","Doctor Arroyo","2020",2020,NA,2020-01-01,1013
"Migración","Flujos migratorios","Inmigrantes",NA,NA,"6200205252","Población de 5 años y más inmigrante","Personas","19024","General Zaragoza","2020",2020,NA,2020-01-01,168
"Migración","Flujos migratorios","Inmigrantes",NA,NA,"6200205252","Población de 5 años y más inmigrante","Personas","19036","Mier y Noriega","2020",2020,NA,2020-01-01,205
"Migración","Flujos migratorios","Emigrantes",NA,NA,"6200205277","Población de 5 años y más emigrante","Personas","00","Nacional","2000",2000,NA,2000-01-01,3584957
"Migración","Flujos migratorios","Emigrantes",NA,NA,"6200205277","Población de 5 años y más emigrante","Personas","00","Nacional","2010",2010,NA,2010-01-01,3292310
"Migración","Flujos migratorios","Emigrantes",NA,NA,"6200205277","Población de 5 años y más emigrante","Personas","00","Nacional","2020",2020,NA,2020-01-01,3807844
"Migración","Flujos migratorios","Emigrantes",NA,NA,"6200205277","Población de 5 años y más emigrante","Personas","19","Nuevo León","2000",2000,NA,2000-01-01,66925
"Migración","Flujos migratorios","Emigrantes",NA,NA,"6200205277","Población de 5 años y más emigrante","Personas","19","Nuevo León","2010",2010,NA,2010-01-01,76153
"Migración","Flujos migratorios","Emigrantes",NA,NA,"6200205277","Población de 5 años y más emigrante","Personas","19","Nuevo León","2020",2020,NA,2020-01-01,91433
"Migración","Flujos migratorios","Emigrantes",NA,NA,"6200205277","Población de 5 años y más emigrante","Personas","19007","Aramberri","2020",2020,NA,2020-01-01,743
"Migración","Flujos migratorios","Emigrantes",NA,NA,"6200205277","Población de 5 años y más emigrante","Personas","19014","Doctor Arroyo","2020",2020,NA,2020-01-01,1798
"Migración","Flujos migratorios","Emigrantes",NA,NA,"6200205277","Población de 5 años y más emigrante","Personas","19024","General Zaragoza","2020",2020,NA,2020-01-01,256
"Migración","Flujos migratorios","Emigrantes",NA,NA,"6200205277","Población de 5 años y más emigrante","Personas","19036","Mier y Noriega","2020",2020,NA,2020-01-01,205
"Migración","Causas de la migración","Trabajo",NA,NA,"6207129643","Porcentaje de la población de 5 y más años migrante según causa: Trabajo","Porcentaje","00","Nacional","2020",2020,NA,2020-01-01,28.8105520948713
"Migración","Causas de la migración","Trabajo",NA,NA,"6207129643","Porcentaje de la población de 5 y más años migrante según causa: Trabajo","Porcentaje","19","Nuevo León","2020",2020,NA,2020-01-01,31.1869255126441
"Migración","Causas de la migración","Trabajo",NA,NA,"6207129643","Porcentaje de la población de 5 y más años migrante según causa: Trabajo","Porcentaje","19007","Aramberri","2020",2020,NA,2020-01-01,20.7317073170732
"Migración","Causas de la migración","Trabajo",NA,NA,"6207129643","Porcentaje de la población de 5 y más años migrante según causa: Trabajo","Porcentaje","19014","Doctor Arroyo","2020",2020,NA,2020-01-01,23.5918367346939
"Migración","Causas de la migración","Trabajo",NA,NA,"6207129643","Porcentaje de la población de 5 y más años migrante según causa: Trabajo","Porcentaje","19024","General Zaragoza","2020",2020,NA,2020-01-01,19.1256830601093
"Migración","Causas de la migración","Trabajo",NA,NA,"6207129643","Porcentaje de la población de 5 y más años migrante según causa: Trabajo","Porcentaje","19036","Mier y Noriega","2020",2020,NA,2020-01-01,7.5098814229249
"Migración","Causas de la migración","Familiar",NA,NA,"6207129644","Porcentaje de la población de 5 y más años migrante según causa: Familiar","Porcentaje","00","Nacional","2020",2020,NA,2020-01-01,45.7539896261735
"Migración","Causas de la migración","Familiar",NA,NA,"6207129644","Porcentaje de la población de 5 y más años migrante según causa: Familiar","Porcentaje","19","Nuevo León","2020",2020,NA,2020-01-01,44.6107300103626
"Migración","Causas de la migración","Familiar",NA,NA,"6207129644","Porcentaje de la población de 5 y más años migrante según causa: Familiar","Porcentaje","19007","Aramberri","2020",2020,NA,2020-01-01,59.2334494773519
"Migración","Causas de la migración","Familiar",NA,NA,"6207129644","Porcentaje de la población de 5 y más años migrante según causa: Familiar","Porcentaje","19014","Doctor Arroyo","2020",2020,NA,2020-01-01,51.0204081632653
"Migración","Causas de la migración","Familiar",NA,NA,"6207129644","Porcentaje de la población de 5 y más años migrante según causa: Familiar","Porcentaje","19024","General Zaragoza","2020",2020,NA,2020-01-01,53.551912568306
"Migración","Causas de la migración","Familiar",NA,NA,"6207129644","Porcentaje de la población de 5 y más años migrante según causa: Familiar","Porcentaje","19036","Mier y Noriega","2020",2020,NA,2020-01-01,75.8893280632411
"Migración","Causas de la migración","Educativa",NA,NA,"6207129645","Porcentaje de la población de 5 y más años migrante según causa: Educativa","Porcentaje","00","Nacional","2020",2020,NA,2020-01-01,6.72382481501752
"Migración","Causas de la migración","Educativa",NA,NA,"6207129645","Porcentaje de la población de 5 y más años migrante según causa: Educativa","Porcentaje","19","Nuevo León","2020",2020,NA,2020-01-01,4.70529068920064
"Migración","Causas de la migración","Educativa",NA,NA,"6207129645","Porcentaje de la población de 5 y más años migrante según causa: Educativa","Porcentaje","19007","Aramberri","2020",2020,NA,2020-01-01,5.4006968641115
"Migración","Causas de la migración","Educativa",NA,NA,"6207129645","Porcentaje de la población de 5 y más años migrante según causa: Educativa","Porcentaje","19014","Doctor Arroyo","2020",2020,NA,2020-01-01,7.75510204081633
"Migración","Causas de la migración","Educativa",NA,NA,"6207129645","Porcentaje de la población de 5 y más años migrante según causa: Educativa","Porcentaje","19024","General Zaragoza","2020",2020,NA,2020-01-01,9.83606557377049
"Migración","Causas de la migración","Educativa",NA,NA,"6207129645","Porcentaje de la población de 5 y más años migrante según causa: Educativa","Porcentaje","19036","Mier y Noriega","2020",2020,NA,2020-01-01,3.95256916996047
"Migración","Causas de la migración","Inseguridad o violencia",NA,NA,"6207129646","Porcentaje de la población de 5 y más años migrante según causa: Inseguridad delictiva o violencia","Porcentaje","00","Nacional","2020",2020,NA,2020-01-01,3.97994335478458
"Migración","Causas de la migración","Inseguridad o violencia",NA,NA,"6207129646","Porcentaje de la población de 5 y más años migrante según causa: Inseguridad delictiva o violencia","Porcentaje","19","Nuevo León","2020",2020,NA,2020-01-01,1.9555994048315
"Migración","Causas de la migración","Inseguridad o violencia",NA,NA,"6207129646","Porcentaje de la población de 5 y más años migrante según causa: Inseguridad delictiva o violencia","Porcentaje","19007","Aramberri","2020",2020,NA,2020-01-01,5.57491289198606
"Migración","Causas de la migración","Inseguridad o violencia",NA,NA,"6207129646","Porcentaje de la población de 5 y más años migrante según causa: Inseguridad delictiva o violencia","Porcentaje","19014","Doctor Arroyo","2020",2020,NA,2020-01-01,3.18367346938776
"Migración","Causas de la migración","Inseguridad o violencia",NA,NA,"6207129646","Porcentaje de la población de 5 y más años migrante según causa: Inseguridad delictiva o violencia","Porcentaje","19024","General Zaragoza","2020",2020,NA,2020-01-01,10.9289617486339
"Migración","Causas de la migración","Inseguridad o violencia",NA,NA,"6207129646","Porcentaje de la población de 5 y más años migrante según causa: Inseguridad delictiva o violencia","Porcentaje","19036","Mier y Noriega","2020",2020,NA,2020-01-01,1.58102766798419
"Migración","Causas de la migración","Otra causa",NA,NA,"6207129647","Porcentaje de la población de 5 y más años migrante según causa: Otra causa","Porcentaje","00","Nacional","2020",2020,NA,2020-01-01,12.4869891659856
"Migración","Causas de la migración","Otra causa",NA,NA,"6207129647","Porcentaje de la población de 5 y más años migrante según causa: Otra causa","Porcentaje","19","Nuevo León","2020",2020,NA,2020-01-01,16.2250685100447
"Migración","Causas de la migración","Otra causa",NA,NA,"6207129647","Porcentaje de la población de 5 y más años migrante según causa: Otra causa","Porcentaje","19007","Aramberri","2020",2020,NA,2020-01-01,8.01393728222996
"Migración","Causas de la migración","Otra causa",NA,NA,"6207129647","Porcentaje de la población de 5 y más años migrante según causa: Otra causa","Porcentaje","19014","Doctor Arroyo","2020",2020,NA,2020-01-01,11.1020408163265
"Migración","Causas de la migración","Otra causa",NA,NA,"6207129647","Porcentaje de la población de 5 y más años migrante según causa: Otra causa","Porcentaje","19024","General Zaragoza","2020",2020,NA,2020-01-01,5.46448087431694
"Migración","Causas de la migración","Otra causa",NA,NA,"6207129647","Porcentaje de la población de 5 y más años migrante según causa: Otra causa","Porcentaje","19036","Mier y Noriega","2020",2020,NA,2020-01-01,8.300395256917
"Natalidad y mortalidad","Promedio de hijos nacidos vivos","Promedio de hijos nacidos vivos",NA,NA,"1002000013","Promedio de hijos nacidos vivos de las mujeres de 12 años y más","Promedio","00","Nacional","2000",2000,NA,2000-01-01,2.6
"Natalidad y mortalidad","Promedio de hijos nacidos vivos","Promedio de hijos nacidos vivos",NA,NA,"1002000013","Promedio de hijos nacidos vivos de las mujeres de 12 años y más","Promedio","00","Nacional","2005",2005,NA,2005-01-01,2.5
"Natalidad y mortalidad","Promedio de hijos nacidos vivos","Promedio de hijos nacidos vivos",NA,NA,"1002000013","Promedio de hijos nacidos vivos de las mujeres de 12 años y más","Promedio","00","Nacional","2010",2010,NA,2010-01-01,2.34
"Natalidad y mortalidad","Promedio de hijos nacidos vivos","Promedio de hijos nacidos vivos",NA,NA,"1002000013","Promedio de hijos nacidos vivos de las mujeres de 12 años y más","Promedio","00","Nacional","2020",2020,NA,2020-01-01,2.08563025986874
"Natalidad y mortalidad","Promedio de hijos nacidos vivos","Promedio de hijos nacidos vivos",NA,NA,"1002000013","Promedio de hijos nacidos vivos de las mujeres de 12 años y más","Promedio","00","Nacional","2025",2025,NA,2025-01-01,1.93160558539796
"Natalidad y mortalidad","Promedio de hijos nacidos vivos","Promedio de hijos nacidos vivos",NA,NA,"1002000013","Promedio de hijos nacidos vivos de las mujeres de 12 años y más","Promedio","19","Nuevo León","2000",2000,NA,2000-01-01,2.34
"Natalidad y mortalidad","Promedio de hijos nacidos vivos","Promedio de hijos nacidos vivos",NA,NA,"1002000013","Promedio de hijos nacidos vivos de las mujeres de 12 años y más","Promedio","19","Nuevo León","2005",2005,NA,2005-01-01,2.26
"Natalidad y mortalidad","Promedio de hijos nacidos vivos","Promedio de hijos nacidos vivos",NA,NA,"1002000013","Promedio de hijos nacidos vivos de las mujeres de 12 años y más","Promedio","19","Nuevo León","2010",2010,NA,2010-01-01,2.12
"Natalidad y mortalidad","Promedio de hijos nacidos vivos","Promedio de hijos nacidos vivos",NA,NA,"1002000013","Promedio de hijos nacidos vivos de las mujeres de 12 años y más","Promedio","19","Nuevo León","2020",2020,NA,2020-01-01,1.88448437376069
"Natalidad y mortalidad","Promedio de hijos nacidos vivos","Promedio de hijos nacidos vivos",NA,NA,"1002000013","Promedio de hijos nacidos vivos de las mujeres de 12 años y más","Promedio","19","Nuevo León","2025",2025,NA,2025-01-01,1.71164869408955
"Natalidad y mortalidad","Promedio de hijos nacidos vivos","Promedio de hijos nacidos vivos",NA,NA,"1002000013","Promedio de hijos nacidos vivos de las mujeres de 12 años y más","Promedio","19007","Aramberri","2000",2000,NA,2000-01-01,3.74
"Natalidad y mortalidad","Promedio de hijos nacidos vivos","Promedio de hijos nacidos vivos",NA,NA,"1002000013","Promedio de hijos nacidos vivos de las mujeres de 12 años y más","Promedio","19007","Aramberri","2005",2005,NA,2005-01-01,3.59
"Natalidad y mortalidad","Promedio de hijos nacidos vivos","Promedio de hijos nacidos vivos",NA,NA,"1002000013","Promedio de hijos nacidos vivos de las mujeres de 12 años y más","Promedio","19007","Aramberri","2010",2010,NA,2010-01-01,3.38
"Natalidad y mortalidad","Promedio de hijos nacidos vivos","Promedio de hijos nacidos vivos",NA,NA,"1002000013","Promedio de hijos nacidos vivos de las mujeres de 12 años y más","Promedio","19007","Aramberri","2020",2020,NA,2020-01-01,2.91103080364825
"Natalidad y mortalidad","Promedio de hijos nacidos vivos","Promedio de hijos nacidos vivos",NA,NA,"1002000013","Promedio de hijos nacidos vivos de las mujeres de 12 años y más","Promedio","19007","Aramberri","2025",2025,NA,2025-01-01,2.72612551159618
"Natalidad y mortalidad","Promedio de hijos nacidos vivos","Promedio de hijos nacidos vivos",NA,NA,"1002000013","Promedio de hijos nacidos vivos de las mujeres de 12 años y más","Promedio","19014","Doctor Arroyo","2000",2000,NA,2000-01-01,3.78
"Natalidad y mortalidad","Promedio de hijos nacidos vivos","Promedio de hijos nacidos vivos",NA,NA,"1002000013","Promedio de hijos nacidos vivos de las mujeres de 12 años y más","Promedio","19014","Doctor Arroyo","2005",2005,NA,2005-01-01,3.76
"Natalidad y mortalidad","Promedio de hijos nacidos vivos","Promedio de hijos nacidos vivos",NA,NA,"1002000013","Promedio de hijos nacidos vivos de las mujeres de 12 años y más","Promedio","19014","Doctor Arroyo","2010",2010,NA,2010-01-01,3.6
"Natalidad y mortalidad","Promedio de hijos nacidos vivos","Promedio de hijos nacidos vivos",NA,NA,"1002000013","Promedio de hijos nacidos vivos de las mujeres de 12 años y más","Promedio","19014","Doctor Arroyo","2020",2020,NA,2020-01-01,3.01833537861835
"Natalidad y mortalidad","Promedio de hijos nacidos vivos","Promedio de hijos nacidos vivos",NA,NA,"1002000013","Promedio de hijos nacidos vivos de las mujeres de 12 años y más","Promedio","19014","Doctor Arroyo","2025",2025,NA,2025-01-01,2.75590551181102
"Natalidad y mortalidad","Promedio de hijos nacidos vivos","Promedio de hijos nacidos vivos",NA,NA,"1002000013","Promedio de hijos nacidos vivos de las mujeres de 12 años y más","Promedio","19024","General Zaragoza","2000",2000,NA,2000-01-01,3.94
"Natalidad y mortalidad","Promedio de hijos nacidos vivos","Promedio de hijos nacidos vivos",NA,NA,"1002000013","Promedio de hijos nacidos vivos de las mujeres de 12 años y más","Promedio","19024","General Zaragoza","2005",2005,NA,2005-01-01,3.64
"Natalidad y mortalidad","Promedio de hijos nacidos vivos","Promedio de hijos nacidos vivos",NA,NA,"1002000013","Promedio de hijos nacidos vivos de las mujeres de 12 años y más","Promedio","19024","General Zaragoza","2010",2010,NA,2010-01-01,3.48
"Natalidad y mortalidad","Promedio de hijos nacidos vivos","Promedio de hijos nacidos vivos",NA,NA,"1002000013","Promedio de hijos nacidos vivos de las mujeres de 12 años y más","Promedio","19024","General Zaragoza","2020",2020,NA,2020-01-01,3.01671667381054
"Natalidad y mortalidad","Promedio de hijos nacidos vivos","Promedio de hijos nacidos vivos",NA,NA,"1002000013","Promedio de hijos nacidos vivos de las mujeres de 12 años y más","Promedio","19024","General Zaragoza","2025",2025,NA,2025-01-01,2.78680412371134
"Natalidad y mortalidad","Promedio de hijos nacidos vivos","Promedio de hijos nacidos vivos",NA,NA,"1002000013","Promedio de hijos nacidos vivos de las mujeres de 12 años y más","Promedio","19036","Mier y Noriega","2000",2000,NA,2000-01-01,3.97
"Natalidad y mortalidad","Promedio de hijos nacidos vivos","Promedio de hijos nacidos vivos",NA,NA,"1002000013","Promedio de hijos nacidos vivos de las mujeres de 12 años y más","Promedio","19036","Mier y Noriega","2005",2005,NA,2005-01-01,3.87
"Natalidad y mortalidad","Promedio de hijos nacidos vivos","Promedio de hijos nacidos vivos",NA,NA,"1002000013","Promedio de hijos nacidos vivos de las mujeres de 12 años y más","Promedio","19036","Mier y Noriega","2010",2010,NA,2010-01-01,4.09
"Natalidad y mortalidad","Promedio de hijos nacidos vivos","Promedio de hijos nacidos vivos",NA,NA,"1002000013","Promedio de hijos nacidos vivos de las mujeres de 12 años y más","Promedio","19036","Mier y Noriega","2020",2020,NA,2020-01-01,3.20007007708479
"Natalidad y mortalidad","Promedio de hijos nacidos vivos","Promedio de hijos nacidos vivos",NA,NA,"1002000013","Promedio de hijos nacidos vivos de las mujeres de 12 años y más","Promedio","19036","Mier y Noriega","2025",2025,NA,2025-01-01,2.9590909090909
"Natalidad y mortalidad","Nacimientos registrados","Nacimientos registrados",NA,NA,"1002000026","Nacimientos registrados","Nacimientos registrados","00","Nacional","1994",1994,NA,1994-01-01,2904389
"Natalidad y mortalidad","Nacimientos registrados","Nacimientos registrados",NA,NA,"1002000026","Nacimientos registrados","Nacimientos registrados","00","Nacional","1995",1995,NA,1995-01-01,2750444
"Natalidad y mortalidad","Nacimientos registrados","Nacimientos registrados",NA,NA,"1002000026","Nacimientos registrados","Nacimientos registrados","00","Nacional","1996",1996,NA,1996-01-01,2707718
"Natalidad y mortalidad","Nacimientos registrados","Nacimientos registrados",NA,NA,"1002000026","Nacimientos registrados","Nacimientos registrados","00","Nacional","1997",1997,NA,1997-01-01,2698425
"Natalidad y mortalidad","Nacimientos registrados","Nacimientos registrados",NA,NA,"1002000026","Nacimientos registrados","Nacimientos registrados","00","Nacional","1998",1998,NA,1998-01-01,2668428
"Natalidad y mortalidad","Nacimientos registrados","Nacimientos registrados",NA,NA,"1002000026","Nacimientos registrados","Nacimientos registrados","00","Nacional","1999",1999,NA,1999-01-01,2769089
"Natalidad y mortalidad","Nacimientos registrados","Nacimientos registrados",NA,NA,"1002000026","Nacimientos registrados","Nacimientos registrados","00","Nacional","2000",2000,NA,2000-01-01,2798339
"Natalidad y mortalidad","Nacimientos registrados","Nacimientos registrados",NA,NA,"1002000026","Nacimientos registrados","Nacimientos registrados","00","Nacional","2001",2001,NA,2001-01-01,2767610
"Natalidad y mortalidad","Nacimientos registrados","Nacimientos registrados",NA,NA,"1002000026","Nacimientos registrados","Nacimientos registrados","00","Nacional","2002",2002,NA,2002-01-01,2699084
"Natalidad y mortalidad","Nacimientos registrados","Nacimientos registrados",NA,NA,"1002000026","Nacimientos registrados","Nacimientos registrados","00","Nacional","2003",2003,NA,2003-01-01,2655894
"Natalidad y mortalidad","Nacimientos registrados","Nacimientos registrados",NA,NA,"1002000026","Nacimientos registrados","Nacimientos registrados","00","Nacional","2004",2004,NA,2004-01-01,2625056
"Natalidad y mortalidad","Nacimientos registrados","Nacimientos registrados",NA,NA,"1002000026","Nacimientos registrados","Nacimientos registrados","00","Nacional","2005",2005,NA,2005-01-01,2567906
"Natalidad y mortalidad","Nacimientos registrados","Nacimientos registrados",NA,NA,"1002000026","Nacimientos registrados","Nacimientos registrados","00","Nacional","2006",2006,NA,2006-01-01,2505939
"Natalidad y mortalidad","Nacimientos registrados","Nacimientos registrados",NA,NA,"1002000026","Nacimientos registrados","Nacimientos registrados","00","Nacional","2007",2007,NA,2007-01-01,2655083
"Natalidad y mortalidad","Nacimientos registrados","Nacimientos registrados",NA,NA,"1002000026","Nacimientos registrados","Nacimientos registrados","00","Nacional","2008",2008,NA,2008-01-01,2636110
"Natalidad y mortalidad","Nacimientos registrados","Nacimientos registrados",NA,NA,"1002000026","Nacimientos registrados","Nacimientos registrados","00","Nacional","2009",2009,NA,2009-01-01,2577214
"Natalidad y mortalidad","Nacimientos registrados","Nacimientos registrados",NA,NA,"1002000026","Nacimientos registrados","Nacimientos registrados","00","Nacional","2010",2010,NA,2010-01-01,2643908
"Natalidad y mortalidad","Nacimientos registrados","Nacimientos registrados",NA,NA,"1002000026","Nacimientos registrados","Nacimientos registrados","00","Nacional","2011",2011,NA,2011-01-01,2586287
"Natalidad y mortalidad","Nacimientos registrados","Nacimientos registrados",NA,NA,"1002000026","Nacimientos registrados","Nacimientos registrados","00","Nacional","2012",2012,NA,2012-01-01,2498880
"Natalidad y mortalidad","Nacimientos registrados","Nacimientos registrados",NA,NA,"1002000026","Nacimientos registrados","Nacimientos registrados","00","Nacional","2013",2013,NA,2013-01-01,2478889
"Natalidad y mortalidad","Nacimientos registrados","Nacimientos registrados",NA,NA,"1002000026","Nacimientos registrados","Nacimientos registrados","00","Nacional","2014",2014,NA,2014-01-01,2463420
"Natalidad y mortalidad","Nacimientos registrados","Nacimientos registrados",NA,NA,"1002000026","Nacimientos registrados","Nacimientos registrados","00","Nacional","2015",2015,NA,2015-01-01,2353596
"Natalidad y mortalidad","Nacimientos registrados","Nacimientos registrados",NA,NA,"1002000026","Nacimientos registrados","Nacimientos registrados","00","Nacional","2016",2016,NA,2016-01-01,2293708
"Natalidad y mortalidad","Nacimientos registrados","Nacimientos registrados",NA,NA,"1002000026","Nacimientos registrados","Nacimientos registrados","00","Nacional","2017",2017,NA,2017-01-01,2234039
"Natalidad y mortalidad","Nacimientos registrados","Nacimientos registrados",NA,NA,"1002000026","Nacimientos registrados","Nacimientos registrados","00","Nacional","2018",2018,NA,2018-01-01,2162535
"Natalidad y mortalidad","Nacimientos registrados","Nacimientos registrados",NA,NA,"1002000026","Nacimientos registrados","Nacimientos registrados","00","Nacional","2019",2019,NA,2019-01-01,2092214
"Natalidad y mortalidad","Nacimientos registrados","Nacimientos registrados",NA,NA,"1002000026","Nacimientos registrados","Nacimientos registrados","00","Nacional","2020",2020,NA,2020-01-01,1629211
"Natalidad y mortalidad","Nacimientos registrados","Nacimientos registrados",NA,NA,"1002000026","Nacimientos registrados","Nacimientos registrados","00","Nacional","2021",2021,NA,2021-01-01,1912178
"Natalidad y mortalidad","Nacimientos registrados","Nacimientos registrados",NA,NA,"1002000026","Nacimientos registrados","Nacimientos registrados","00","Nacional","2022",2022,NA,2022-01-01,1891388
"Natalidad y mortalidad","Nacimientos registrados","Nacimientos registrados",NA,NA,"1002000026","Nacimientos registrados","Nacimientos registrados","00","Nacional","2023",2023,NA,2023-01-01,1820888
"Natalidad y mortalidad","Nacimientos registrados","Nacimientos registrados",NA,NA,"1002000026","Nacimientos registrados","Nacimientos registrados","00","Nacional","2024",2024,NA,2024-01-01,1672227
"Natalidad y mortalidad","Nacimientos registrados","Nacimientos registrados",NA,NA,"1002000026","Nacimientos registrados","Nacimientos registrados","19","Nuevo León","1994",1994,NA,1994-01-01,86146
"Natalidad y mortalidad","Nacimientos registrados","Nacimientos registrados",NA,NA,"1002000026","Nacimientos registrados","Nacimientos registrados","19","Nuevo León","1995",1995,NA,1995-01-01,85766
"Natalidad y mortalidad","Nacimientos registrados","Nacimientos registrados",NA,NA,"1002000026","Nacimientos registrados","Nacimientos registrados","19","Nuevo León","1996",1996,NA,1996-01-01,84064
"Natalidad y mortalidad","Nacimientos registrados","Nacimientos registrados",NA,NA,"1002000026","Nacimientos registrados","Nacimientos registrados","19","Nuevo León","1997",1997,NA,1997-01-01,86893
"Natalidad y mortalidad","Nacimientos registrados","Nacimientos registrados",NA,NA,"1002000026","Nacimientos registrados","Nacimientos registrados","19","Nuevo León","1998",1998,NA,1998-01-01,90683
"Natalidad y mortalidad","Nacimientos registrados","Nacimientos registrados",NA,NA,"1002000026","Nacimientos registrados","Nacimientos registrados","19","Nuevo León","1999",1999,NA,1999-01-01,91500
"Natalidad y mortalidad","Nacimientos registrados","Nacimientos registrados",NA,NA,"1002000026","Nacimientos registrados","Nacimientos registrados","19","Nuevo León","2000",2000,NA,2000-01-01,94120
"Natalidad y mortalidad","Nacimientos registrados","Nacimientos registrados",NA,NA,"1002000026","Nacimientos registrados","Nacimientos registrados","19","Nuevo León","2001",2001,NA,2001-01-01,91712
"Natalidad y mortalidad","Nacimientos registrados","Nacimientos registrados",NA,NA,"1002000026","Nacimientos registrados","Nacimientos registrados","19","Nuevo León","2002",2002,NA,2002-01-01,91424
"Natalidad y mortalidad","Nacimientos registrados","Nacimientos registrados",NA,NA,"1002000026","Nacimientos registrados","Nacimientos registrados","19","Nuevo León","2003",2003,NA,2003-01-01,88195
"Natalidad y mortalidad","Nacimientos registrados","Nacimientos registrados",NA,NA,"1002000026","Nacimientos registrados","Nacimientos registrados","19","Nuevo León","2004",2004,NA,2004-01-01,90440
"Natalidad y mortalidad","Nacimientos registrados","Nacimientos registrados",NA,NA,"1002000026","Nacimientos registrados","Nacimientos registrados","19","Nuevo León","2005",2005,NA,2005-01-01,87645
"Natalidad y mortalidad","Nacimientos registrados","Nacimientos registrados",NA,NA,"1002000026","Nacimientos registrados","Nacimientos registrados","19","Nuevo León","2006",2006,NA,2006-01-01,87634
"Natalidad y mortalidad","Nacimientos registrados","Nacimientos registrados",NA,NA,"1002000026","Nacimientos registrados","Nacimientos registrados","19","Nuevo León","2007",2007,NA,2007-01-01,91855
"Natalidad y mortalidad","Nacimientos registrados","Nacimientos registrados",NA,NA,"1002000026","Nacimientos registrados","Nacimientos registrados","19","Nuevo León","2008",2008,NA,2008-01-01,91247
"Natalidad y mortalidad","Nacimientos registrados","Nacimientos registrados",NA,NA,"1002000026","Nacimientos registrados","Nacimientos registrados","19","Nuevo León","2009",2009,NA,2009-01-01,91490
"Natalidad y mortalidad","Nacimientos registrados","Nacimientos registrados",NA,NA,"1002000026","Nacimientos registrados","Nacimientos registrados","19","Nuevo León","2010",2010,NA,2010-01-01,94119
"Natalidad y mortalidad","Nacimientos registrados","Nacimientos registrados",NA,NA,"1002000026","Nacimientos registrados","Nacimientos registrados","19","Nuevo León","2011",2011,NA,2011-01-01,93747
"Natalidad y mortalidad","Nacimientos registrados","Nacimientos registrados",NA,NA,"1002000026","Nacimientos registrados","Nacimientos registrados","19","Nuevo León","2012",2012,NA,2012-01-01,94440
"Natalidad y mortalidad","Nacimientos registrados","Nacimientos registrados",NA,NA,"1002000026","Nacimientos registrados","Nacimientos registrados","19","Nuevo León","2013",2013,NA,2013-01-01,93710
"Natalidad y mortalidad","Nacimientos registrados","Nacimientos registrados",NA,NA,"1002000026","Nacimientos registrados","Nacimientos registrados","19","Nuevo León","2014",2014,NA,2014-01-01,93225
"Natalidad y mortalidad","Nacimientos registrados","Nacimientos registrados",NA,NA,"1002000026","Nacimientos registrados","Nacimientos registrados","19","Nuevo León","2015",2015,NA,2015-01-01,93123
"Natalidad y mortalidad","Nacimientos registrados","Nacimientos registrados",NA,NA,"1002000026","Nacimientos registrados","Nacimientos registrados","19","Nuevo León","2016",2016,NA,2016-01-01,92978
"Natalidad y mortalidad","Nacimientos registrados","Nacimientos registrados",NA,NA,"1002000026","Nacimientos registrados","Nacimientos registrados","19","Nuevo León","2017",2017,NA,2017-01-01,89115
"Natalidad y mortalidad","Nacimientos registrados","Nacimientos registrados",NA,NA,"1002000026","Nacimientos registrados","Nacimientos registrados","19","Nuevo León","2018",2018,NA,2018-01-01,93886
"Natalidad y mortalidad","Nacimientos registrados","Nacimientos registrados",NA,NA,"1002000026","Nacimientos registrados","Nacimientos registrados","19","Nuevo León","2019",2019,NA,2019-01-01,90651
"Natalidad y mortalidad","Nacimientos registrados","Nacimientos registrados",NA,NA,"1002000026","Nacimientos registrados","Nacimientos registrados","19","Nuevo León","2020",2020,NA,2020-01-01,74471
"Natalidad y mortalidad","Nacimientos registrados","Nacimientos registrados",NA,NA,"1002000026","Nacimientos registrados","Nacimientos registrados","19","Nuevo León","2021",2021,NA,2021-01-01,82114
"Natalidad y mortalidad","Nacimientos registrados","Nacimientos registrados",NA,NA,"1002000026","Nacimientos registrados","Nacimientos registrados","19","Nuevo León","2022",2022,NA,2022-01-01,82459
"Natalidad y mortalidad","Nacimientos registrados","Nacimientos registrados",NA,NA,"1002000026","Nacimientos registrados","Nacimientos registrados","19","Nuevo León","2023",2023,NA,2023-01-01,79749
"Natalidad y mortalidad","Nacimientos registrados","Nacimientos registrados",NA,NA,"1002000026","Nacimientos registrados","Nacimientos registrados","19","Nuevo León","2024",2024,NA,2024-01-01,74700
"Natalidad y mortalidad","Nacimientos registrados","Nacimientos registrados",NA,NA,"1002000026","Nacimientos registrados","Nacimientos registrados","19007","Aramberri","1994",1994,NA,1994-01-01,385
"Natalidad y mortalidad","Nacimientos registrados","Nacimientos registrados",NA,NA,"1002000026","Nacimientos registrados","Nacimientos registrados","19007","Aramberri","1995",1995,NA,1995-01-01,403
"Natalidad y mortalidad","Nacimientos registrados","Nacimientos registrados",NA,NA,"1002000026","Nacimientos registrados","Nacimientos registrados","19007","Aramberri","1996",1996,NA,1996-01-01,359
"Natalidad y mortalidad","Nacimientos registrados","Nacimientos registrados",NA,NA,"1002000026","Nacimientos registrados","Nacimientos registrados","19007","Aramberri","1997",1997,NA,1997-01-01,320
"Natalidad y mortalidad","Nacimientos registrados","Nacimientos registrados",NA,NA,"1002000026","Nacimientos registrados","Nacimientos registrados","19007","Aramberri","1998",1998,NA,1998-01-01,362
"Natalidad y mortalidad","Nacimientos registrados","Nacimientos registrados",NA,NA,"1002000026","Nacimientos registrados","Nacimientos registrados","19007","Aramberri","1999",1999,NA,1999-01-01,361
"Natalidad y mortalidad","Nacimientos registrados","Nacimientos registrados",NA,NA,"1002000026","Nacimientos registrados","Nacimientos registrados","19007","Aramberri","2000",2000,NA,2000-01-01,359
"Natalidad y mortalidad","Nacimientos registrados","Nacimientos registrados",NA,NA,"1002000026","Nacimientos registrados","Nacimientos registrados","19007","Aramberri","2001",2001,NA,2001-01-01,387
"Natalidad y mortalidad","Nacimientos registrados","Nacimientos registrados",NA,NA,"1002000026","Nacimientos registrados","Nacimientos registrados","19007","Aramberri","2002",2002,NA,2002-01-01,380
"Natalidad y mortalidad","Nacimientos registrados","Nacimientos registrados",NA,NA,"1002000026","Nacimientos registrados","Nacimientos registrados","19007","Aramberri","2003",2003,NA,2003-01-01,356
"Natalidad y mortalidad","Nacimientos registrados","Nacimientos registrados",NA,NA,"1002000026","Nacimientos registrados","Nacimientos registrados","19007","Aramberri","2004",2004,NA,2004-01-01,389
"Natalidad y mortalidad","Nacimientos registrados","Nacimientos registrados",NA,NA,"1002000026","Nacimientos registrados","Nacimientos registrados","19007","Aramberri","2005",2005,NA,2005-01-01,456
"Natalidad y mortalidad","Nacimientos registrados","Nacimientos registrados",NA,NA,"1002000026","Nacimientos registrados","Nacimientos registrados","19007","Aramberri","2006",2006,NA,2006-01-01,394
"Natalidad y mortalidad","Nacimientos registrados","Nacimientos registrados",NA,NA,"1002000026","Nacimientos registrados","Nacimientos registrados","19007","Aramberri","2007",2007,NA,2007-01-01,380
"Natalidad y mortalidad","Nacimientos registrados","Nacimientos registrados",NA,NA,"1002000026","Nacimientos registrados","Nacimientos registrados","19007","Aramberri","2008",2008,NA,2008-01-01,358
"Natalidad y mortalidad","Nacimientos registrados","Nacimientos registrados",NA,NA,"1002000026","Nacimientos registrados","Nacimientos registrados","19007","Aramberri","2009",2009,NA,2009-01-01,313
"Natalidad y mortalidad","Nacimientos registrados","Nacimientos registrados",NA,NA,"1002000026","Nacimientos registrados","Nacimientos registrados","19007","Aramberri","2010",2010,NA,2010-01-01,370
"Natalidad y mortalidad","Nacimientos registrados","Nacimientos registrados",NA,NA,"1002000026","Nacimientos registrados","Nacimientos registrados","19007","Aramberri","2011",2011,NA,2011-01-01,362
"Natalidad y mortalidad","Nacimientos registrados","Nacimientos registrados",NA,NA,"1002000026","Nacimientos registrados","Nacimientos registrados","19007","Aramberri","2012",2012,NA,2012-01-01,288
"Natalidad y mortalidad","Nacimientos registrados","Nacimientos registrados",NA,NA,"1002000026","Nacimientos registrados","Nacimientos registrados","19007","Aramberri","2013",2013,NA,2013-01-01,313
"Natalidad y mortalidad","Nacimientos registrados","Nacimientos registrados",NA,NA,"1002000026","Nacimientos registrados","Nacimientos registrados","19007","Aramberri","2014",2014,NA,2014-01-01,285
"Natalidad y mortalidad","Nacimientos registrados","Nacimientos registrados",NA,NA,"1002000026","Nacimientos registrados","Nacimientos registrados","19007","Aramberri","2015",2015,NA,2015-01-01,224
"Natalidad y mortalidad","Nacimientos registrados","Nacimientos registrados",NA,NA,"1002000026","Nacimientos registrados","Nacimientos registrados","19007","Aramberri","2016",2016,NA,2016-01-01,262
"Natalidad y mortalidad","Nacimientos registrados","Nacimientos registrados",NA,NA,"1002000026","Nacimientos registrados","Nacimientos registrados","19007","Aramberri","2017",2017,NA,2017-01-01,217
"Natalidad y mortalidad","Nacimientos registrados","Nacimientos registrados",NA,NA,"1002000026","Nacimientos registrados","Nacimientos registrados","19007","Aramberri","2018",2018,NA,2018-01-01,220
"Natalidad y mortalidad","Nacimientos registrados","Nacimientos registrados",NA,NA,"1002000026","Nacimientos registrados","Nacimientos registrados","19007","Aramberri","2019",2019,NA,2019-01-01,202
"Natalidad y mortalidad","Nacimientos registrados","Nacimientos registrados",NA,NA,"1002000026","Nacimientos registrados","Nacimientos registrados","19007","Aramberri","2020",2020,NA,2020-01-01,181
"Natalidad y mortalidad","Nacimientos registrados","Nacimientos registrados",NA,NA,"1002000026","Nacimientos registrados","Nacimientos registrados","19007","Aramberri","2021",2021,NA,2021-01-01,218
"Natalidad y mortalidad","Nacimientos registrados","Nacimientos registrados",NA,NA,"1002000026","Nacimientos registrados","Nacimientos registrados","19007","Aramberri","2022",2022,NA,2022-01-01,209
"Natalidad y mortalidad","Nacimientos registrados","Nacimientos registrados",NA,NA,"1002000026","Nacimientos registrados","Nacimientos registrados","19007","Aramberri","2023",2023,NA,2023-01-01,235
"Natalidad y mortalidad","Nacimientos registrados","Nacimientos registrados",NA,NA,"1002000026","Nacimientos registrados","Nacimientos registrados","19007","Aramberri","2024",2024,NA,2024-01-01,174
"Natalidad y mortalidad","Nacimientos registrados","Nacimientos registrados",NA,NA,"1002000026","Nacimientos registrados","Nacimientos registrados","19014","Doctor Arroyo","1994",1994,NA,1994-01-01,981
"Natalidad y mortalidad","Nacimientos registrados","Nacimientos registrados",NA,NA,"1002000026","Nacimientos registrados","Nacimientos registrados","19014","Doctor Arroyo","1995",1995,NA,1995-01-01,952
"Natalidad y mortalidad","Nacimientos registrados","Nacimientos registrados",NA,NA,"1002000026","Nacimientos registrados","Nacimientos registrados","19014","Doctor Arroyo","1996",1996,NA,1996-01-01,947
"Natalidad y mortalidad","Nacimientos registrados","Nacimientos registrados",NA,NA,"1002000026","Nacimientos registrados","Nacimientos registrados","19014","Doctor Arroyo","1997",1997,NA,1997-01-01,769
"Natalidad y mortalidad","Nacimientos registrados","Nacimientos registrados",NA,NA,"1002000026","Nacimientos registrados","Nacimientos registrados","19014","Doctor Arroyo","1998",1998,NA,1998-01-01,907
"Natalidad y mortalidad","Nacimientos registrados","Nacimientos registrados",NA,NA,"1002000026","Nacimientos registrados","Nacimientos registrados","19014","Doctor Arroyo","1999",1999,NA,1999-01-01,847
"Natalidad y mortalidad","Nacimientos registrados","Nacimientos registrados",NA,NA,"1002000026","Nacimientos registrados","Nacimientos registrados","19014","Doctor Arroyo","2000",2000,NA,2000-01-01,947
"Natalidad y mortalidad","Nacimientos registrados","Nacimientos registrados",NA,NA,"1002000026","Nacimientos registrados","Nacimientos registrados","19014","Doctor Arroyo","2001",2001,NA,2001-01-01,921
"Natalidad y mortalidad","Nacimientos registrados","Nacimientos registrados",NA,NA,"1002000026","Nacimientos registrados","Nacimientos registrados","19014","Doctor Arroyo","2002",2002,NA,2002-01-01,990
"Natalidad y mortalidad","Nacimientos registrados","Nacimientos registrados",NA,NA,"1002000026","Nacimientos registrados","Nacimientos registrados","19014","Doctor Arroyo","2003",2003,NA,2003-01-01,990
"Natalidad y mortalidad","Nacimientos registrados","Nacimientos registrados",NA,NA,"1002000026","Nacimientos registrados","Nacimientos registrados","19014","Doctor Arroyo","2004",2004,NA,2004-01-01,987
"Natalidad y mortalidad","Nacimientos registrados","Nacimientos registrados",NA,NA,"1002000026","Nacimientos registrados","Nacimientos registrados","19014","Doctor Arroyo","2005",2005,NA,2005-01-01,958
"Natalidad y mortalidad","Nacimientos registrados","Nacimientos registrados",NA,NA,"1002000026","Nacimientos registrados","Nacimientos registrados","19014","Doctor Arroyo","2006",2006,NA,2006-01-01,912
"Natalidad y mortalidad","Nacimientos registrados","Nacimientos registrados",NA,NA,"1002000026","Nacimientos registrados","Nacimientos registrados","19014","Doctor Arroyo","2007",2007,NA,2007-01-01,1009
"Natalidad y mortalidad","Nacimientos registrados","Nacimientos registrados",NA,NA,"1002000026","Nacimientos registrados","Nacimientos registrados","19014","Doctor Arroyo","2008",2008,NA,2008-01-01,931
"Natalidad y mortalidad","Nacimientos registrados","Nacimientos registrados",NA,NA,"1002000026","Nacimientos registrados","Nacimientos registrados","19014","Doctor Arroyo","2009",2009,NA,2009-01-01,914
"Natalidad y mortalidad","Nacimientos registrados","Nacimientos registrados",NA,NA,"1002000026","Nacimientos registrados","Nacimientos registrados","19014","Doctor Arroyo","2010",2010,NA,2010-01-01,978
"Natalidad y mortalidad","Nacimientos registrados","Nacimientos registrados",NA,NA,"1002000026","Nacimientos registrados","Nacimientos registrados","19014","Doctor Arroyo","2011",2011,NA,2011-01-01,915
"Natalidad y mortalidad","Nacimientos registrados","Nacimientos registrados",NA,NA,"1002000026","Nacimientos registrados","Nacimientos registrados","19014","Doctor Arroyo","2012",2012,NA,2012-01-01,747
"Natalidad y mortalidad","Nacimientos registrados","Nacimientos registrados",NA,NA,"1002000026","Nacimientos registrados","Nacimientos registrados","19014","Doctor Arroyo","2013",2013,NA,2013-01-01,750
"Natalidad y mortalidad","Nacimientos registrados","Nacimientos registrados",NA,NA,"1002000026","Nacimientos registrados","Nacimientos registrados","19014","Doctor Arroyo","2014",2014,NA,2014-01-01,739
"Natalidad y mortalidad","Nacimientos registrados","Nacimientos registrados",NA,NA,"1002000026","Nacimientos registrados","Nacimientos registrados","19014","Doctor Arroyo","2015",2015,NA,2015-01-01,697
"Natalidad y mortalidad","Nacimientos registrados","Nacimientos registrados",NA,NA,"1002000026","Nacimientos registrados","Nacimientos registrados","19014","Doctor Arroyo","2016",2016,NA,2016-01-01,682
"Natalidad y mortalidad","Nacimientos registrados","Nacimientos registrados",NA,NA,"1002000026","Nacimientos registrados","Nacimientos registrados","19014","Doctor Arroyo","2017",2017,NA,2017-01-01,666
"Natalidad y mortalidad","Nacimientos registrados","Nacimientos registrados",NA,NA,"1002000026","Nacimientos registrados","Nacimientos registrados","19014","Doctor Arroyo","2018",2018,NA,2018-01-01,670
"Natalidad y mortalidad","Nacimientos registrados","Nacimientos registrados",NA,NA,"1002000026","Nacimientos registrados","Nacimientos registrados","19014","Doctor Arroyo","2019",2019,NA,2019-01-01,631
"Natalidad y mortalidad","Nacimientos registrados","Nacimientos registrados",NA,NA,"1002000026","Nacimientos registrados","Nacimientos registrados","19014","Doctor Arroyo","2020",2020,NA,2020-01-01,585
"Natalidad y mortalidad","Nacimientos registrados","Nacimientos registrados",NA,NA,"1002000026","Nacimientos registrados","Nacimientos registrados","19014","Doctor Arroyo","2021",2021,NA,2021-01-01,587
"Natalidad y mortalidad","Nacimientos registrados","Nacimientos registrados",NA,NA,"1002000026","Nacimientos registrados","Nacimientos registrados","19014","Doctor Arroyo","2022",2022,NA,2022-01-01,629
"Natalidad y mortalidad","Nacimientos registrados","Nacimientos registrados",NA,NA,"1002000026","Nacimientos registrados","Nacimientos registrados","19014","Doctor Arroyo","2023",2023,NA,2023-01-01,585
"Natalidad y mortalidad","Nacimientos registrados","Nacimientos registrados",NA,NA,"1002000026","Nacimientos registrados","Nacimientos registrados","19014","Doctor Arroyo","2024",2024,NA,2024-01-01,599
"Natalidad y mortalidad","Nacimientos registrados","Nacimientos registrados",NA,NA,"1002000026","Nacimientos registrados","Nacimientos registrados","19024","General Zaragoza","1994",1994,NA,1994-01-01,175
"Natalidad y mortalidad","Nacimientos registrados","Nacimientos registrados",NA,NA,"1002000026","Nacimientos registrados","Nacimientos registrados","19024","General Zaragoza","1995",1995,NA,1995-01-01,174
"Natalidad y mortalidad","Nacimientos registrados","Nacimientos registrados",NA,NA,"1002000026","Nacimientos registrados","Nacimientos registrados","19024","General Zaragoza","1996",1996,NA,1996-01-01,191
"Natalidad y mortalidad","Nacimientos registrados","Nacimientos registrados",NA,NA,"1002000026","Nacimientos registrados","Nacimientos registrados","19024","General Zaragoza","1997",1997,NA,1997-01-01,165
"Natalidad y mortalidad","Nacimientos registrados","Nacimientos registrados",NA,NA,"1002000026","Nacimientos registrados","Nacimientos registrados","19024","General Zaragoza","1998",1998,NA,1998-01-01,136
"Natalidad y mortalidad","Nacimientos registrados","Nacimientos registrados",NA,NA,"1002000026","Nacimientos registrados","Nacimientos registrados","19024","General Zaragoza","1999",1999,NA,1999-01-01,182
"Natalidad y mortalidad","Nacimientos registrados","Nacimientos registrados",NA,NA,"1002000026","Nacimientos registrados","Nacimientos registrados","19024","General Zaragoza","2000",2000,NA,2000-01-01,146
"Natalidad y mortalidad","Nacimientos registrados","Nacimientos registrados",NA,NA,"1002000026","Nacimientos registrados","Nacimientos registrados","19024","General Zaragoza","2001",2001,NA,2001-01-01,162
"Natalidad y mortalidad","Nacimientos registrados","Nacimientos registrados",NA,NA,"1002000026","Nacimientos registrados","Nacimientos registrados","19024","General Zaragoza","2002",2002,NA,2002-01-01,204
"Natalidad y mortalidad","Nacimientos registrados","Nacimientos registrados",NA,NA,"1002000026","Nacimientos registrados","Nacimientos registrados","19024","General Zaragoza","2003",2003,NA,2003-01-01,145
"Natalidad y mortalidad","Nacimientos registrados","Nacimientos registrados",NA,NA,"1002000026","Nacimientos registrados","Nacimientos registrados","19024","General Zaragoza","2004",2004,NA,2004-01-01,156
"Natalidad y mortalidad","Nacimientos registrados","Nacimientos registrados",NA,NA,"1002000026","Nacimientos registrados","Nacimientos registrados","19024","General Zaragoza","2005",2005,NA,2005-01-01,147
"Natalidad y mortalidad","Nacimientos registrados","Nacimientos registrados",NA,NA,"1002000026","Nacimientos registrados","Nacimientos registrados","19024","General Zaragoza","2006",2006,NA,2006-01-01,158
"Natalidad y mortalidad","Nacimientos registrados","Nacimientos registrados",NA,NA,"1002000026","Nacimientos registrados","Nacimientos registrados","19024","General Zaragoza","2007",2007,NA,2007-01-01,151
"Natalidad y mortalidad","Nacimientos registrados","Nacimientos registrados",NA,NA,"1002000026","Nacimientos registrados","Nacimientos registrados","19024","General Zaragoza","2008",2008,NA,2008-01-01,157
"Natalidad y mortalidad","Nacimientos registrados","Nacimientos registrados",NA,NA,"1002000026","Nacimientos registrados","Nacimientos registrados","19024","General Zaragoza","2009",2009,NA,2009-01-01,154
"Natalidad y mortalidad","Nacimientos registrados","Nacimientos registrados",NA,NA,"1002000026","Nacimientos registrados","Nacimientos registrados","19024","General Zaragoza","2010",2010,NA,2010-01-01,139
"Natalidad y mortalidad","Nacimientos registrados","Nacimientos registrados",NA,NA,"1002000026","Nacimientos registrados","Nacimientos registrados","19024","General Zaragoza","2011",2011,NA,2011-01-01,153
"Natalidad y mortalidad","Nacimientos registrados","Nacimientos registrados",NA,NA,"1002000026","Nacimientos registrados","Nacimientos registrados","19024","General Zaragoza","2012",2012,NA,2012-01-01,138
"Natalidad y mortalidad","Nacimientos registrados","Nacimientos registrados",NA,NA,"1002000026","Nacimientos registrados","Nacimientos registrados","19024","General Zaragoza","2013",2013,NA,2013-01-01,132
"Natalidad y mortalidad","Nacimientos registrados","Nacimientos registrados",NA,NA,"1002000026","Nacimientos registrados","Nacimientos registrados","19024","General Zaragoza","2014",2014,NA,2014-01-01,133
"Natalidad y mortalidad","Nacimientos registrados","Nacimientos registrados",NA,NA,"1002000026","Nacimientos registrados","Nacimientos registrados","19024","General Zaragoza","2015",2015,NA,2015-01-01,114
"Natalidad y mortalidad","Nacimientos registrados","Nacimientos registrados",NA,NA,"1002000026","Nacimientos registrados","Nacimientos registrados","19024","General Zaragoza","2016",2016,NA,2016-01-01,140
"Natalidad y mortalidad","Nacimientos registrados","Nacimientos registrados",NA,NA,"1002000026","Nacimientos registrados","Nacimientos registrados","19024","General Zaragoza","2017",2017,NA,2017-01-01,106
"Natalidad y mortalidad","Nacimientos registrados","Nacimientos registrados",NA,NA,"1002000026","Nacimientos registrados","Nacimientos registrados","19024","General Zaragoza","2018",2018,NA,2018-01-01,105
"Natalidad y mortalidad","Nacimientos registrados","Nacimientos registrados",NA,NA,"1002000026","Nacimientos registrados","Nacimientos registrados","19024","General Zaragoza","2019",2019,NA,2019-01-01,114
"Natalidad y mortalidad","Nacimientos registrados","Nacimientos registrados",NA,NA,"1002000026","Nacimientos registrados","Nacimientos registrados","19024","General Zaragoza","2020",2020,NA,2020-01-01,99
"Natalidad y mortalidad","Nacimientos registrados","Nacimientos registrados",NA,NA,"1002000026","Nacimientos registrados","Nacimientos registrados","19024","General Zaragoza","2021",2021,NA,2021-01-01,111
"Natalidad y mortalidad","Nacimientos registrados","Nacimientos registrados",NA,NA,"1002000026","Nacimientos registrados","Nacimientos registrados","19024","General Zaragoza","2022",2022,NA,2022-01-01,110
"Natalidad y mortalidad","Nacimientos registrados","Nacimientos registrados",NA,NA,"1002000026","Nacimientos registrados","Nacimientos registrados","19024","General Zaragoza","2023",2023,NA,2023-01-01,108
"Natalidad y mortalidad","Nacimientos registrados","Nacimientos registrados",NA,NA,"1002000026","Nacimientos registrados","Nacimientos registrados","19024","General Zaragoza","2024",2024,NA,2024-01-01,71
"Natalidad y mortalidad","Nacimientos registrados","Nacimientos registrados",NA,NA,"1002000026","Nacimientos registrados","Nacimientos registrados","19036","Mier y Noriega","1994",1994,NA,1994-01-01,291
"Natalidad y mortalidad","Nacimientos registrados","Nacimientos registrados",NA,NA,"1002000026","Nacimientos registrados","Nacimientos registrados","19036","Mier y Noriega","1995",1995,NA,1995-01-01,246
"Natalidad y mortalidad","Nacimientos registrados","Nacimientos registrados",NA,NA,"1002000026","Nacimientos registrados","Nacimientos registrados","19036","Mier y Noriega","1996",1996,NA,1996-01-01,212
"Natalidad y mortalidad","Nacimientos registrados","Nacimientos registrados",NA,NA,"1002000026","Nacimientos registrados","Nacimientos registrados","19036","Mier y Noriega","1997",1997,NA,1997-01-01,193
"Natalidad y mortalidad","Nacimientos registrados","Nacimientos registrados",NA,NA,"1002000026","Nacimientos registrados","Nacimientos registrados","19036","Mier y Noriega","1998",1998,NA,1998-01-01,206
"Natalidad y mortalidad","Nacimientos registrados","Nacimientos registrados",NA,NA,"1002000026","Nacimientos registrados","Nacimientos registrados","19036","Mier y Noriega","1999",1999,NA,1999-01-01,171
"Natalidad y mortalidad","Nacimientos registrados","Nacimientos registrados",NA,NA,"1002000026","Nacimientos registrados","Nacimientos registrados","19036","Mier y Noriega","2000",2000,NA,2000-01-01,213
"Natalidad y mortalidad","Nacimientos registrados","Nacimientos registrados",NA,NA,"1002000026","Nacimientos registrados","Nacimientos registrados","19036","Mier y Noriega","2001",2001,NA,2001-01-01,200
"Natalidad y mortalidad","Nacimientos registrados","Nacimientos registrados",NA,NA,"1002000026","Nacimientos registrados","Nacimientos registrados","19036","Mier y Noriega","2002",2002,NA,2002-01-01,261
"Natalidad y mortalidad","Nacimientos registrados","Nacimientos registrados",NA,NA,"1002000026","Nacimientos registrados","Nacimientos registrados","19036","Mier y Noriega","2003",2003,NA,2003-01-01,180
"Natalidad y mortalidad","Nacimientos registrados","Nacimientos registrados",NA,NA,"1002000026","Nacimientos registrados","Nacimientos registrados","19036","Mier y Noriega","2004",2004,NA,2004-01-01,240
"Natalidad y mortalidad","Nacimientos registrados","Nacimientos registrados",NA,NA,"1002000026","Nacimientos registrados","Nacimientos registrados","19036","Mier y Noriega","2005",2005,NA,2005-01-01,303
"Natalidad y mortalidad","Nacimientos registrados","Nacimientos registrados",NA,NA,"1002000026","Nacimientos registrados","Nacimientos registrados","19036","Mier y Noriega","2006",2006,NA,2006-01-01,206
"Natalidad y mortalidad","Nacimientos registrados","Nacimientos registrados",NA,NA,"1002000026","Nacimientos registrados","Nacimientos registrados","19036","Mier y Noriega","2007",2007,NA,2007-01-01,275
"Natalidad y mortalidad","Nacimientos registrados","Nacimientos registrados",NA,NA,"1002000026","Nacimientos registrados","Nacimientos registrados","19036","Mier y Noriega","2008",2008,NA,2008-01-01,238
"Natalidad y mortalidad","Nacimientos registrados","Nacimientos registrados",NA,NA,"1002000026","Nacimientos registrados","Nacimientos registrados","19036","Mier y Noriega","2009",2009,NA,2009-01-01,297
"Natalidad y mortalidad","Nacimientos registrados","Nacimientos registrados",NA,NA,"1002000026","Nacimientos registrados","Nacimientos registrados","19036","Mier y Noriega","2010",2010,NA,2010-01-01,294
"Natalidad y mortalidad","Nacimientos registrados","Nacimientos registrados",NA,NA,"1002000026","Nacimientos registrados","Nacimientos registrados","19036","Mier y Noriega","2011",2011,NA,2011-01-01,290
"Natalidad y mortalidad","Nacimientos registrados","Nacimientos registrados",NA,NA,"1002000026","Nacimientos registrados","Nacimientos registrados","19036","Mier y Noriega","2012",2012,NA,2012-01-01,205
"Natalidad y mortalidad","Nacimientos registrados","Nacimientos registrados",NA,NA,"1002000026","Nacimientos registrados","Nacimientos registrados","19036","Mier y Noriega","2013",2013,NA,2013-01-01,236
"Natalidad y mortalidad","Nacimientos registrados","Nacimientos registrados",NA,NA,"1002000026","Nacimientos registrados","Nacimientos registrados","19036","Mier y Noriega","2014",2014,NA,2014-01-01,241
"Natalidad y mortalidad","Nacimientos registrados","Nacimientos registrados",NA,NA,"1002000026","Nacimientos registrados","Nacimientos registrados","19036","Mier y Noriega","2015",2015,NA,2015-01-01,211
"Natalidad y mortalidad","Nacimientos registrados","Nacimientos registrados",NA,NA,"1002000026","Nacimientos registrados","Nacimientos registrados","19036","Mier y Noriega","2016",2016,NA,2016-01-01,207
"Natalidad y mortalidad","Nacimientos registrados","Nacimientos registrados",NA,NA,"1002000026","Nacimientos registrados","Nacimientos registrados","19036","Mier y Noriega","2017",2017,NA,2017-01-01,201
"Natalidad y mortalidad","Nacimientos registrados","Nacimientos registrados",NA,NA,"1002000026","Nacimientos registrados","Nacimientos registrados","19036","Mier y Noriega","2018",2018,NA,2018-01-01,207
"Natalidad y mortalidad","Nacimientos registrados","Nacimientos registrados",NA,NA,"1002000026","Nacimientos registrados","Nacimientos registrados","19036","Mier y Noriega","2019",2019,NA,2019-01-01,180
"Natalidad y mortalidad","Nacimientos registrados","Nacimientos registrados",NA,NA,"1002000026","Nacimientos registrados","Nacimientos registrados","19036","Mier y Noriega","2020",2020,NA,2020-01-01,173
"Natalidad y mortalidad","Nacimientos registrados","Nacimientos registrados",NA,NA,"1002000026","Nacimientos registrados","Nacimientos registrados","19036","Mier y Noriega","2021",2021,NA,2021-01-01,173
"Natalidad y mortalidad","Nacimientos registrados","Nacimientos registrados",NA,NA,"1002000026","Nacimientos registrados","Nacimientos registrados","19036","Mier y Noriega","2022",2022,NA,2022-01-01,147
"Natalidad y mortalidad","Nacimientos registrados","Nacimientos registrados",NA,NA,"1002000026","Nacimientos registrados","Nacimientos registrados","19036","Mier y Noriega","2023",2023,NA,2023-01-01,134
"Natalidad y mortalidad","Nacimientos registrados","Nacimientos registrados",NA,NA,"1002000026","Nacimientos registrados","Nacimientos registrados","19036","Mier y Noriega","2024",2024,NA,2024-01-01,148
"Natalidad y mortalidad","Defunciones registradas","Defunciones registradas",NA,NA,"1002000030","Defunciones registradas","Defunciones registradas","00","Nacional","1994",1994,NA,1994-01-01,419074
"Natalidad y mortalidad","Defunciones registradas","Defunciones registradas",NA,NA,"1002000030","Defunciones registradas","Defunciones registradas","00","Nacional","1995",1995,NA,1995-01-01,430278
"Natalidad y mortalidad","Defunciones registradas","Defunciones registradas",NA,NA,"1002000030","Defunciones registradas","Defunciones registradas","00","Nacional","1996",1996,NA,1996-01-01,436321
"Natalidad y mortalidad","Defunciones registradas","Defunciones registradas",NA,NA,"1002000030","Defunciones registradas","Defunciones registradas","00","Nacional","1997",1997,NA,1997-01-01,440437
"Natalidad y mortalidad","Defunciones registradas","Defunciones registradas",NA,NA,"1002000030","Defunciones registradas","Defunciones registradas","00","Nacional","1998",1998,NA,1998-01-01,444665
"Natalidad y mortalidad","Defunciones registradas","Defunciones registradas",NA,NA,"1002000030","Defunciones registradas","Defunciones registradas","00","Nacional","1999",1999,NA,1999-01-01,443950
"Natalidad y mortalidad","Defunciones registradas","Defunciones registradas",NA,NA,"1002000030","Defunciones registradas","Defunciones registradas","00","Nacional","2000",2000,NA,2000-01-01,437667
"Natalidad y mortalidad","Defunciones registradas","Defunciones registradas",NA,NA,"1002000030","Defunciones registradas","Defunciones registradas","00","Nacional","2001",2001,NA,2001-01-01,443127
"Natalidad y mortalidad","Defunciones registradas","Defunciones registradas",NA,NA,"1002000030","Defunciones registradas","Defunciones registradas","00","Nacional","2002",2002,NA,2002-01-01,459687
"Natalidad y mortalidad","Defunciones registradas","Defunciones registradas",NA,NA,"1002000030","Defunciones registradas","Defunciones registradas","00","Nacional","2003",2003,NA,2003-01-01,472140
"Natalidad y mortalidad","Defunciones registradas","Defunciones registradas",NA,NA,"1002000030","Defunciones registradas","Defunciones registradas","00","Nacional","2004",2004,NA,2004-01-01,473417
"Natalidad y mortalidad","Defunciones registradas","Defunciones registradas",NA,NA,"1002000030","Defunciones registradas","Defunciones registradas","00","Nacional","2005",2005,NA,2005-01-01,495240
"Natalidad y mortalidad","Defunciones registradas","Defunciones registradas",NA,NA,"1002000030","Defunciones registradas","Defunciones registradas","00","Nacional","2006",2006,NA,2006-01-01,494471
"Natalidad y mortalidad","Defunciones registradas","Defunciones registradas",NA,NA,"1002000030","Defunciones registradas","Defunciones registradas","00","Nacional","2007",2007,NA,2007-01-01,514420
"Natalidad y mortalidad","Defunciones registradas","Defunciones registradas",NA,NA,"1002000030","Defunciones registradas","Defunciones registradas","00","Nacional","2008",2008,NA,2008-01-01,539530
"Natalidad y mortalidad","Defunciones registradas","Defunciones registradas",NA,NA,"1002000030","Defunciones registradas","Defunciones registradas","00","Nacional","2009",2009,NA,2009-01-01,564673
"Natalidad y mortalidad","Defunciones registradas","Defunciones registradas",NA,NA,"1002000030","Defunciones registradas","Defunciones registradas","00","Nacional","2010",2010,NA,2010-01-01,592018
"Natalidad y mortalidad","Defunciones registradas","Defunciones registradas",NA,NA,"1002000030","Defunciones registradas","Defunciones registradas","00","Nacional","2011",2011,NA,2011-01-01,590693
"Natalidad y mortalidad","Defunciones registradas","Defunciones registradas",NA,NA,"1002000030","Defunciones registradas","Defunciones registradas","00","Nacional","2012",2012,NA,2012-01-01,602354
"Natalidad y mortalidad","Defunciones registradas","Defunciones registradas",NA,NA,"1002000030","Defunciones registradas","Defunciones registradas","00","Nacional","2013",2013,NA,2013-01-01,623599
"Natalidad y mortalidad","Defunciones registradas","Defunciones registradas",NA,NA,"1002000030","Defunciones registradas","Defunciones registradas","00","Nacional","2014",2014,NA,2014-01-01,633641
"Natalidad y mortalidad","Defunciones registradas","Defunciones registradas",NA,NA,"1002000030","Defunciones registradas","Defunciones registradas","00","Nacional","2015",2015,NA,2015-01-01,655688
"Natalidad y mortalidad","Defunciones registradas","Defunciones registradas",NA,NA,"1002000030","Defunciones registradas","Defunciones registradas","00","Nacional","2016",2016,NA,2016-01-01,685766
"Natalidad y mortalidad","Defunciones registradas","Defunciones registradas",NA,NA,"1002000030","Defunciones registradas","Defunciones registradas","00","Nacional","2017",2017,NA,2017-01-01,703047
"Natalidad y mortalidad","Defunciones registradas","Defunciones registradas",NA,NA,"1002000030","Defunciones registradas","Defunciones registradas","00","Nacional","2018",2018,NA,2018-01-01,722611
"Natalidad y mortalidad","Defunciones registradas","Defunciones registradas",NA,NA,"1002000030","Defunciones registradas","Defunciones registradas","00","Nacional","2019",2019,NA,2019-01-01,747784
"Natalidad y mortalidad","Defunciones registradas","Defunciones registradas",NA,NA,"1002000030","Defunciones registradas","Defunciones registradas","00","Nacional","2020",2020,NA,2020-01-01,1086743
"Natalidad y mortalidad","Defunciones registradas","Defunciones registradas",NA,NA,"1002000030","Defunciones registradas","Defunciones registradas","00","Nacional","2021",2021,NA,2021-01-01,1122249
"Natalidad y mortalidad","Defunciones registradas","Defunciones registradas",NA,NA,"1002000030","Defunciones registradas","Defunciones registradas","00","Nacional","2022",2022,NA,2022-01-01,847716
"Natalidad y mortalidad","Defunciones registradas","Defunciones registradas",NA,NA,"1002000030","Defunciones registradas","Defunciones registradas","00","Nacional","2023",2023,NA,2023-01-01,799869
"Natalidad y mortalidad","Defunciones registradas","Defunciones registradas",NA,NA,"1002000030","Defunciones registradas","Defunciones registradas","00","Nacional","2024",2024,NA,2024-01-01,819672
"Natalidad y mortalidad","Defunciones registradas","Defunciones registradas",NA,NA,"1002000030","Defunciones registradas","Defunciones registradas","00","Nacional","2025",2025,NA,2025-01-01,762494
"Natalidad y mortalidad","Defunciones registradas","Defunciones registradas",NA,NA,"1002000030","Defunciones registradas","Defunciones registradas","19","Nuevo León","1994",1994,NA,1994-01-01,14441
"Natalidad y mortalidad","Defunciones registradas","Defunciones registradas",NA,NA,"1002000030","Defunciones registradas","Defunciones registradas","19","Nuevo León","1995",1995,NA,1995-01-01,14554
"Natalidad y mortalidad","Defunciones registradas","Defunciones registradas",NA,NA,"1002000030","Defunciones registradas","Defunciones registradas","19","Nuevo León","1996",1996,NA,1996-01-01,14976
"Natalidad y mortalidad","Defunciones registradas","Defunciones registradas",NA,NA,"1002000030","Defunciones registradas","Defunciones registradas","19","Nuevo León","1997",1997,NA,1997-01-01,15603
"Natalidad y mortalidad","Defunciones registradas","Defunciones registradas",NA,NA,"1002000030","Defunciones registradas","Defunciones registradas","19","Nuevo León","1998",1998,NA,1998-01-01,15936
"Natalidad y mortalidad","Defunciones registradas","Defunciones registradas",NA,NA,"1002000030","Defunciones registradas","Defunciones registradas","19","Nuevo León","1999",1999,NA,1999-01-01,15836
"Natalidad y mortalidad","Defunciones registradas","Defunciones registradas",NA,NA,"1002000030","Defunciones registradas","Defunciones registradas","19","Nuevo León","2000",2000,NA,2000-01-01,16122
"Natalidad y mortalidad","Defunciones registradas","Defunciones registradas",NA,NA,"1002000030","Defunciones registradas","Defunciones registradas","19","Nuevo León","2001",2001,NA,2001-01-01,16286
"Natalidad y mortalidad","Defunciones registradas","Defunciones registradas",NA,NA,"1002000030","Defunciones registradas","Defunciones registradas","19","Nuevo León","2002",2002,NA,2002-01-01,16849
"Natalidad y mortalidad","Defunciones registradas","Defunciones registradas",NA,NA,"1002000030","Defunciones registradas","Defunciones registradas","19","Nuevo León","2003",2003,NA,2003-01-01,17391
"Natalidad y mortalidad","Defunciones registradas","Defunciones registradas",NA,NA,"1002000030","Defunciones registradas","Defunciones registradas","19","Nuevo León","2004",2004,NA,2004-01-01,17426
"Natalidad y mortalidad","Defunciones registradas","Defunciones registradas",NA,NA,"1002000030","Defunciones registradas","Defunciones registradas","19","Nuevo León","2005",2005,NA,2005-01-01,19259
"Natalidad y mortalidad","Defunciones registradas","Defunciones registradas",NA,NA,"1002000030","Defunciones registradas","Defunciones registradas","19","Nuevo León","2006",2006,NA,2006-01-01,18655
"Natalidad y mortalidad","Defunciones registradas","Defunciones registradas",NA,NA,"1002000030","Defunciones registradas","Defunciones registradas","19","Nuevo León","2007",2007,NA,2007-01-01,19943
"Natalidad y mortalidad","Defunciones registradas","Defunciones registradas",NA,NA,"1002000030","Defunciones registradas","Defunciones registradas","19","Nuevo León","2008",2008,NA,2008-01-01,20418
"Natalidad y mortalidad","Defunciones registradas","Defunciones registradas",NA,NA,"1002000030","Defunciones registradas","Defunciones registradas","19","Nuevo León","2009",2009,NA,2009-01-01,22361
"Natalidad y mortalidad","Defunciones registradas","Defunciones registradas",NA,NA,"1002000030","Defunciones registradas","Defunciones registradas","19","Nuevo León","2010",2010,NA,2010-01-01,23116
"Natalidad y mortalidad","Defunciones registradas","Defunciones registradas",NA,NA,"1002000030","Defunciones registradas","Defunciones registradas","19","Nuevo León","2011",2011,NA,2011-01-01,23913
"Natalidad y mortalidad","Defunciones registradas","Defunciones registradas",NA,NA,"1002000030","Defunciones registradas","Defunciones registradas","19","Nuevo León","2012",2012,NA,2012-01-01,23965
"Natalidad y mortalidad","Defunciones registradas","Defunciones registradas",NA,NA,"1002000030","Defunciones registradas","Defunciones registradas","19","Nuevo León","2013",2013,NA,2013-01-01,24462
"Natalidad y mortalidad","Defunciones registradas","Defunciones registradas",NA,NA,"1002000030","Defunciones registradas","Defunciones registradas","19","Nuevo León","2014",2014,NA,2014-01-01,24681
"Natalidad y mortalidad","Defunciones registradas","Defunciones registradas",NA,NA,"1002000030","Defunciones registradas","Defunciones registradas","19","Nuevo León","2015",2015,NA,2015-01-01,25087
"Natalidad y mortalidad","Defunciones registradas","Defunciones registradas",NA,NA,"1002000030","Defunciones registradas","Defunciones registradas","19","Nuevo León","2016",2016,NA,2016-01-01,26029
"Natalidad y mortalidad","Defunciones registradas","Defunciones registradas",NA,NA,"1002000030","Defunciones registradas","Defunciones registradas","19","Nuevo León","2017",2017,NA,2017-01-01,26920
"Natalidad y mortalidad","Defunciones registradas","Defunciones registradas",NA,NA,"1002000030","Defunciones registradas","Defunciones registradas","19","Nuevo León","2018",2018,NA,2018-01-01,27818
"Natalidad y mortalidad","Defunciones registradas","Defunciones registradas",NA,NA,"1002000030","Defunciones registradas","Defunciones registradas","19","Nuevo León","2019",2019,NA,2019-01-01,29711
"Natalidad y mortalidad","Defunciones registradas","Defunciones registradas",NA,NA,"1002000030","Defunciones registradas","Defunciones registradas","19","Nuevo León","2020",2020,NA,2020-01-01,42418
"Natalidad y mortalidad","Defunciones registradas","Defunciones registradas",NA,NA,"1002000030","Defunciones registradas","Defunciones registradas","19","Nuevo León","2021",2021,NA,2021-01-01,45234
"Natalidad y mortalidad","Defunciones registradas","Defunciones registradas",NA,NA,"1002000030","Defunciones registradas","Defunciones registradas","19","Nuevo León","2022",2022,NA,2022-01-01,38134
"Natalidad y mortalidad","Defunciones registradas","Defunciones registradas",NA,NA,"1002000030","Defunciones registradas","Defunciones registradas","19","Nuevo León","2023",2023,NA,2023-01-01,35813
"Natalidad y mortalidad","Defunciones registradas","Defunciones registradas",NA,NA,"1002000030","Defunciones registradas","Defunciones registradas","19","Nuevo León","2024",2024,NA,2024-01-01,36807
"Natalidad y mortalidad","Defunciones registradas","Defunciones registradas",NA,NA,"1002000030","Defunciones registradas","Defunciones registradas","19","Nuevo León","2025",2025,NA,2025-01-01,21876
"Natalidad y mortalidad","Defunciones registradas","Defunciones registradas",NA,NA,"1002000030","Defunciones registradas","Defunciones registradas","19007","Aramberri","1994",1994,NA,1994-01-01,71
"Natalidad y mortalidad","Defunciones registradas","Defunciones registradas",NA,NA,"1002000030","Defunciones registradas","Defunciones registradas","19007","Aramberri","1995",1995,NA,1995-01-01,63
"Natalidad y mortalidad","Defunciones registradas","Defunciones registradas",NA,NA,"1002000030","Defunciones registradas","Defunciones registradas","19007","Aramberri","1996",1996,NA,1996-01-01,70
"Natalidad y mortalidad","Defunciones registradas","Defunciones registradas",NA,NA,"1002000030","Defunciones registradas","Defunciones registradas","19007","Aramberri","1997",1997,NA,1997-01-01,66
"Natalidad y mortalidad","Defunciones registradas","Defunciones registradas",NA,NA,"1002000030","Defunciones registradas","Defunciones registradas","19007","Aramberri","1998",1998,NA,1998-01-01,59
"Natalidad y mortalidad","Defunciones registradas","Defunciones registradas",NA,NA,"1002000030","Defunciones registradas","Defunciones registradas","19007","Aramberri","1999",1999,NA,1999-01-01,81
"Natalidad y mortalidad","Defunciones registradas","Defunciones registradas",NA,NA,"1002000030","Defunciones registradas","Defunciones registradas","19007","Aramberri","2000",2000,NA,2000-01-01,64
"Natalidad y mortalidad","Defunciones registradas","Defunciones registradas",NA,NA,"1002000030","Defunciones registradas","Defunciones registradas","19007","Aramberri","2001",2001,NA,2001-01-01,46
"Natalidad y mortalidad","Defunciones registradas","Defunciones registradas",NA,NA,"1002000030","Defunciones registradas","Defunciones registradas","19007","Aramberri","2002",2002,NA,2002-01-01,71
"Natalidad y mortalidad","Defunciones registradas","Defunciones registradas",NA,NA,"1002000030","Defunciones registradas","Defunciones registradas","19007","Aramberri","2003",2003,NA,2003-01-01,74
"Natalidad y mortalidad","Defunciones registradas","Defunciones registradas",NA,NA,"1002000030","Defunciones registradas","Defunciones registradas","19007","Aramberri","2004",2004,NA,2004-01-01,62
"Natalidad y mortalidad","Defunciones registradas","Defunciones registradas",NA,NA,"1002000030","Defunciones registradas","Defunciones registradas","19007","Aramberri","2005",2005,NA,2005-01-01,83
"Natalidad y mortalidad","Defunciones registradas","Defunciones registradas",NA,NA,"1002000030","Defunciones registradas","Defunciones registradas","19007","Aramberri","2006",2006,NA,2006-01-01,77
"Natalidad y mortalidad","Defunciones registradas","Defunciones registradas",NA,NA,"1002000030","Defunciones registradas","Defunciones registradas","19007","Aramberri","2007",2007,NA,2007-01-01,83
"Natalidad y mortalidad","Defunciones registradas","Defunciones registradas",NA,NA,"1002000030","Defunciones registradas","Defunciones registradas","19007","Aramberri","2008",2008,NA,2008-01-01,91
"Natalidad y mortalidad","Defunciones registradas","Defunciones registradas",NA,NA,"1002000030","Defunciones registradas","Defunciones registradas","19007","Aramberri","2009",2009,NA,2009-01-01,78
"Natalidad y mortalidad","Defunciones registradas","Defunciones registradas",NA,NA,"1002000030","Defunciones registradas","Defunciones registradas","19007","Aramberri","2010",2010,NA,2010-01-01,84
"Natalidad y mortalidad","Defunciones registradas","Defunciones registradas",NA,NA,"1002000030","Defunciones registradas","Defunciones registradas","19007","Aramberri","2011",2011,NA,2011-01-01,107
"Natalidad y mortalidad","Defunciones registradas","Defunciones registradas",NA,NA,"1002000030","Defunciones registradas","Defunciones registradas","19007","Aramberri","2012",2012,NA,2012-01-01,95
"Natalidad y mortalidad","Defunciones registradas","Defunciones registradas",NA,NA,"1002000030","Defunciones registradas","Defunciones registradas","19007","Aramberri","2013",2013,NA,2013-01-01,105
"Natalidad y mortalidad","Defunciones registradas","Defunciones registradas",NA,NA,"1002000030","Defunciones registradas","Defunciones registradas","19007","Aramberri","2014",2014,NA,2014-01-01,92
"Natalidad y mortalidad","Defunciones registradas","Defunciones registradas",NA,NA,"1002000030","Defunciones registradas","Defunciones registradas","19007","Aramberri","2015",2015,NA,2015-01-01,117
"Natalidad y mortalidad","Defunciones registradas","Defunciones registradas",NA,NA,"1002000030","Defunciones registradas","Defunciones registradas","19007","Aramberri","2016",2016,NA,2016-01-01,97
"Natalidad y mortalidad","Defunciones registradas","Defunciones registradas",NA,NA,"1002000030","Defunciones registradas","Defunciones registradas","19007","Aramberri","2017",2017,NA,2017-01-01,112
"Natalidad y mortalidad","Defunciones registradas","Defunciones registradas",NA,NA,"1002000030","Defunciones registradas","Defunciones registradas","19007","Aramberri","2018",2018,NA,2018-01-01,103
"Natalidad y mortalidad","Defunciones registradas","Defunciones registradas",NA,NA,"1002000030","Defunciones registradas","Defunciones registradas","19007","Aramberri","2019",2019,NA,2019-01-01,114
"Natalidad y mortalidad","Defunciones registradas","Defunciones registradas",NA,NA,"1002000030","Defunciones registradas","Defunciones registradas","19007","Aramberri","2020",2020,NA,2020-01-01,124
"Natalidad y mortalidad","Defunciones registradas","Defunciones registradas",NA,NA,"1002000030","Defunciones registradas","Defunciones registradas","19007","Aramberri","2021",2021,NA,2021-01-01,178
"Natalidad y mortalidad","Defunciones registradas","Defunciones registradas",NA,NA,"1002000030","Defunciones registradas","Defunciones registradas","19007","Aramberri","2022",2022,NA,2022-01-01,119
"Natalidad y mortalidad","Defunciones registradas","Defunciones registradas",NA,NA,"1002000030","Defunciones registradas","Defunciones registradas","19007","Aramberri","2023",2023,NA,2023-01-01,154
"Natalidad y mortalidad","Defunciones registradas","Defunciones registradas",NA,NA,"1002000030","Defunciones registradas","Defunciones registradas","19007","Aramberri","2024",2024,NA,2024-01-01,117
"Natalidad y mortalidad","Defunciones registradas","Defunciones registradas",NA,NA,"1002000030","Defunciones registradas","Defunciones registradas","19007","Aramberri","2025",2025,NA,2025-01-01,106
"Natalidad y mortalidad","Defunciones registradas","Defunciones registradas",NA,NA,"1002000030","Defunciones registradas","Defunciones registradas","19014","Doctor Arroyo","1994",1994,NA,1994-01-01,142
"Natalidad y mortalidad","Defunciones registradas","Defunciones registradas",NA,NA,"1002000030","Defunciones registradas","Defunciones registradas","19014","Doctor Arroyo","1995",1995,NA,1995-01-01,133
"Natalidad y mortalidad","Defunciones registradas","Defunciones registradas",NA,NA,"1002000030","Defunciones registradas","Defunciones registradas","19014","Doctor Arroyo","1996",1996,NA,1996-01-01,129
"Natalidad y mortalidad","Defunciones registradas","Defunciones registradas",NA,NA,"1002000030","Defunciones registradas","Defunciones registradas","19014","Doctor Arroyo","1997",1997,NA,1997-01-01,140
"Natalidad y mortalidad","Defunciones registradas","Defunciones registradas",NA,NA,"1002000030","Defunciones registradas","Defunciones registradas","19014","Doctor Arroyo","1998",1998,NA,1998-01-01,158
"Natalidad y mortalidad","Defunciones registradas","Defunciones registradas",NA,NA,"1002000030","Defunciones registradas","Defunciones registradas","19014","Doctor Arroyo","1999",1999,NA,1999-01-01,163
"Natalidad y mortalidad","Defunciones registradas","Defunciones registradas",NA,NA,"1002000030","Defunciones registradas","Defunciones registradas","19014","Doctor Arroyo","2000",2000,NA,2000-01-01,141
"Natalidad y mortalidad","Defunciones registradas","Defunciones registradas",NA,NA,"1002000030","Defunciones registradas","Defunciones registradas","19014","Doctor Arroyo","2001",2001,NA,2001-01-01,160
"Natalidad y mortalidad","Defunciones registradas","Defunciones registradas",NA,NA,"1002000030","Defunciones registradas","Defunciones registradas","19014","Doctor Arroyo","2002",2002,NA,2002-01-01,153
"Natalidad y mortalidad","Defunciones registradas","Defunciones registradas",NA,NA,"1002000030","Defunciones registradas","Defunciones registradas","19014","Doctor Arroyo","2003",2003,NA,2003-01-01,150
"Natalidad y mortalidad","Defunciones registradas","Defunciones registradas",NA,NA,"1002000030","Defunciones registradas","Defunciones registradas","19014","Doctor Arroyo","2004",2004,NA,2004-01-01,157
"Natalidad y mortalidad","Defunciones registradas","Defunciones registradas",NA,NA,"1002000030","Defunciones registradas","Defunciones registradas","19014","Doctor Arroyo","2005",2005,NA,2005-01-01,159
"Natalidad y mortalidad","Defunciones registradas","Defunciones registradas",NA,NA,"1002000030","Defunciones registradas","Defunciones registradas","19014","Doctor Arroyo","2006",2006,NA,2006-01-01,156
"Natalidad y mortalidad","Defunciones registradas","Defunciones registradas",NA,NA,"1002000030","Defunciones registradas","Defunciones registradas","19014","Doctor Arroyo","2007",2007,NA,2007-01-01,163
"Natalidad y mortalidad","Defunciones registradas","Defunciones registradas",NA,NA,"1002000030","Defunciones registradas","Defunciones registradas","19014","Doctor Arroyo","2008",2008,NA,2008-01-01,223
"Natalidad y mortalidad","Defunciones registradas","Defunciones registradas",NA,NA,"1002000030","Defunciones registradas","Defunciones registradas","19014","Doctor Arroyo","2009",2009,NA,2009-01-01,183
"Natalidad y mortalidad","Defunciones registradas","Defunciones registradas",NA,NA,"1002000030","Defunciones registradas","Defunciones registradas","19014","Doctor Arroyo","2010",2010,NA,2010-01-01,195
"Natalidad y mortalidad","Defunciones registradas","Defunciones registradas",NA,NA,"1002000030","Defunciones registradas","Defunciones registradas","19014","Doctor Arroyo","2011",2011,NA,2011-01-01,206
"Natalidad y mortalidad","Defunciones registradas","Defunciones registradas",NA,NA,"1002000030","Defunciones registradas","Defunciones registradas","19014","Doctor Arroyo","2012",2012,NA,2012-01-01,206
"Natalidad y mortalidad","Defunciones registradas","Defunciones registradas",NA,NA,"1002000030","Defunciones registradas","Defunciones registradas","19014","Doctor Arroyo","2013",2013,NA,2013-01-01,209
"Natalidad y mortalidad","Defunciones registradas","Defunciones registradas",NA,NA,"1002000030","Defunciones registradas","Defunciones registradas","19014","Doctor Arroyo","2014",2014,NA,2014-01-01,226
"Natalidad y mortalidad","Defunciones registradas","Defunciones registradas",NA,NA,"1002000030","Defunciones registradas","Defunciones registradas","19014","Doctor Arroyo","2015",2015,NA,2015-01-01,214
"Natalidad y mortalidad","Defunciones registradas","Defunciones registradas",NA,NA,"1002000030","Defunciones registradas","Defunciones registradas","19014","Doctor Arroyo","2016",2016,NA,2016-01-01,222
"Natalidad y mortalidad","Defunciones registradas","Defunciones registradas",NA,NA,"1002000030","Defunciones registradas","Defunciones registradas","19014","Doctor Arroyo","2017",2017,NA,2017-01-01,231
"Natalidad y mortalidad","Defunciones registradas","Defunciones registradas",NA,NA,"1002000030","Defunciones registradas","Defunciones registradas","19014","Doctor Arroyo","2018",2018,NA,2018-01-01,214
"Natalidad y mortalidad","Defunciones registradas","Defunciones registradas",NA,NA,"1002000030","Defunciones registradas","Defunciones registradas","19014","Doctor Arroyo","2019",2019,NA,2019-01-01,218
"Natalidad y mortalidad","Defunciones registradas","Defunciones registradas",NA,NA,"1002000030","Defunciones registradas","Defunciones registradas","19014","Doctor Arroyo","2020",2020,NA,2020-01-01,292
"Natalidad y mortalidad","Defunciones registradas","Defunciones registradas",NA,NA,"1002000030","Defunciones registradas","Defunciones registradas","19014","Doctor Arroyo","2021",2021,NA,2021-01-01,352
"Natalidad y mortalidad","Defunciones registradas","Defunciones registradas",NA,NA,"1002000030","Defunciones registradas","Defunciones registradas","19014","Doctor Arroyo","2022",2022,NA,2022-01-01,288
"Natalidad y mortalidad","Defunciones registradas","Defunciones registradas",NA,NA,"1002000030","Defunciones registradas","Defunciones registradas","19014","Doctor Arroyo","2023",2023,NA,2023-01-01,284
"Natalidad y mortalidad","Defunciones registradas","Defunciones registradas",NA,NA,"1002000030","Defunciones registradas","Defunciones registradas","19014","Doctor Arroyo","2024",2024,NA,2024-01-01,317
"Natalidad y mortalidad","Defunciones registradas","Defunciones registradas",NA,NA,"1002000030","Defunciones registradas","Defunciones registradas","19014","Doctor Arroyo","2025",2025,NA,2025-01-01,274
"Natalidad y mortalidad","Defunciones registradas","Defunciones registradas",NA,NA,"1002000030","Defunciones registradas","Defunciones registradas","19024","General Zaragoza","1994",1994,NA,1994-01-01,20
"Natalidad y mortalidad","Defunciones registradas","Defunciones registradas",NA,NA,"1002000030","Defunciones registradas","Defunciones registradas","19024","General Zaragoza","1995",1995,NA,1995-01-01,22
"Natalidad y mortalidad","Defunciones registradas","Defunciones registradas",NA,NA,"1002000030","Defunciones registradas","Defunciones registradas","19024","General Zaragoza","1996",1996,NA,1996-01-01,16
"Natalidad y mortalidad","Defunciones registradas","Defunciones registradas",NA,NA,"1002000030","Defunciones registradas","Defunciones registradas","19024","General Zaragoza","1997",1997,NA,1997-01-01,29
"Natalidad y mortalidad","Defunciones registradas","Defunciones registradas",NA,NA,"1002000030","Defunciones registradas","Defunciones registradas","19024","General Zaragoza","1998",1998,NA,1998-01-01,29
"Natalidad y mortalidad","Defunciones registradas","Defunciones registradas",NA,NA,"1002000030","Defunciones registradas","Defunciones registradas","19024","General Zaragoza","1999",1999,NA,1999-01-01,20
"Natalidad y mortalidad","Defunciones registradas","Defunciones registradas",NA,NA,"1002000030","Defunciones registradas","Defunciones registradas","19024","General Zaragoza","2000",2000,NA,2000-01-01,25
"Natalidad y mortalidad","Defunciones registradas","Defunciones registradas",NA,NA,"1002000030","Defunciones registradas","Defunciones registradas","19024","General Zaragoza","2001",2001,NA,2001-01-01,18
"Natalidad y mortalidad","Defunciones registradas","Defunciones registradas",NA,NA,"1002000030","Defunciones registradas","Defunciones registradas","19024","General Zaragoza","2002",2002,NA,2002-01-01,22
"Natalidad y mortalidad","Defunciones registradas","Defunciones registradas",NA,NA,"1002000030","Defunciones registradas","Defunciones registradas","19024","General Zaragoza","2003",2003,NA,2003-01-01,31
"Natalidad y mortalidad","Defunciones registradas","Defunciones registradas",NA,NA,"1002000030","Defunciones registradas","Defunciones registradas","19024","General Zaragoza","2004",2004,NA,2004-01-01,12
"Natalidad y mortalidad","Defunciones registradas","Defunciones registradas",NA,NA,"1002000030","Defunciones registradas","Defunciones registradas","19024","General Zaragoza","2005",2005,NA,2005-01-01,31
"Natalidad y mortalidad","Defunciones registradas","Defunciones registradas",NA,NA,"1002000030","Defunciones registradas","Defunciones registradas","19024","General Zaragoza","2006",2006,NA,2006-01-01,28
"Natalidad y mortalidad","Defunciones registradas","Defunciones registradas",NA,NA,"1002000030","Defunciones registradas","Defunciones registradas","19024","General Zaragoza","2007",2007,NA,2007-01-01,30
"Natalidad y mortalidad","Defunciones registradas","Defunciones registradas",NA,NA,"1002000030","Defunciones registradas","Defunciones registradas","19024","General Zaragoza","2008",2008,NA,2008-01-01,28
"Natalidad y mortalidad","Defunciones registradas","Defunciones registradas",NA,NA,"1002000030","Defunciones registradas","Defunciones registradas","19024","General Zaragoza","2009",2009,NA,2009-01-01,29
"Natalidad y mortalidad","Defunciones registradas","Defunciones registradas",NA,NA,"1002000030","Defunciones registradas","Defunciones registradas","19024","General Zaragoza","2010",2010,NA,2010-01-01,27
"Natalidad y mortalidad","Defunciones registradas","Defunciones registradas",NA,NA,"1002000030","Defunciones registradas","Defunciones registradas","19024","General Zaragoza","2011",2011,NA,2011-01-01,24
"Natalidad y mortalidad","Defunciones registradas","Defunciones registradas",NA,NA,"1002000030","Defunciones registradas","Defunciones registradas","19024","General Zaragoza","2012",2012,NA,2012-01-01,25
"Natalidad y mortalidad","Defunciones registradas","Defunciones registradas",NA,NA,"1002000030","Defunciones registradas","Defunciones registradas","19024","General Zaragoza","2013",2013,NA,2013-01-01,38
"Natalidad y mortalidad","Defunciones registradas","Defunciones registradas",NA,NA,"1002000030","Defunciones registradas","Defunciones registradas","19024","General Zaragoza","2014",2014,NA,2014-01-01,38
"Natalidad y mortalidad","Defunciones registradas","Defunciones registradas",NA,NA,"1002000030","Defunciones registradas","Defunciones registradas","19024","General Zaragoza","2015",2015,NA,2015-01-01,30
"Natalidad y mortalidad","Defunciones registradas","Defunciones registradas",NA,NA,"1002000030","Defunciones registradas","Defunciones registradas","19024","General Zaragoza","2016",2016,NA,2016-01-01,30
"Natalidad y mortalidad","Defunciones registradas","Defunciones registradas",NA,NA,"1002000030","Defunciones registradas","Defunciones registradas","19024","General Zaragoza","2017",2017,NA,2017-01-01,31
"Natalidad y mortalidad","Defunciones registradas","Defunciones registradas",NA,NA,"1002000030","Defunciones registradas","Defunciones registradas","19024","General Zaragoza","2018",2018,NA,2018-01-01,49
"Natalidad y mortalidad","Defunciones registradas","Defunciones registradas",NA,NA,"1002000030","Defunciones registradas","Defunciones registradas","19024","General Zaragoza","2019",2019,NA,2019-01-01,46
"Natalidad y mortalidad","Defunciones registradas","Defunciones registradas",NA,NA,"1002000030","Defunciones registradas","Defunciones registradas","19024","General Zaragoza","2020",2020,NA,2020-01-01,49
"Natalidad y mortalidad","Defunciones registradas","Defunciones registradas",NA,NA,"1002000030","Defunciones registradas","Defunciones registradas","19024","General Zaragoza","2021",2021,NA,2021-01-01,63
"Natalidad y mortalidad","Defunciones registradas","Defunciones registradas",NA,NA,"1002000030","Defunciones registradas","Defunciones registradas","19024","General Zaragoza","2022",2022,NA,2022-01-01,47
"Natalidad y mortalidad","Defunciones registradas","Defunciones registradas",NA,NA,"1002000030","Defunciones registradas","Defunciones registradas","19024","General Zaragoza","2023",2023,NA,2023-01-01,30
"Natalidad y mortalidad","Defunciones registradas","Defunciones registradas",NA,NA,"1002000030","Defunciones registradas","Defunciones registradas","19024","General Zaragoza","2024",2024,NA,2024-01-01,46
"Natalidad y mortalidad","Defunciones registradas","Defunciones registradas",NA,NA,"1002000030","Defunciones registradas","Defunciones registradas","19024","General Zaragoza","2025",2025,NA,2025-01-01,44
"Natalidad y mortalidad","Defunciones registradas","Defunciones registradas",NA,NA,"1002000030","Defunciones registradas","Defunciones registradas","19036","Mier y Noriega","1994",1994,NA,1994-01-01,18
"Natalidad y mortalidad","Defunciones registradas","Defunciones registradas",NA,NA,"1002000030","Defunciones registradas","Defunciones registradas","19036","Mier y Noriega","1995",1995,NA,1995-01-01,19
"Natalidad y mortalidad","Defunciones registradas","Defunciones registradas",NA,NA,"1002000030","Defunciones registradas","Defunciones registradas","19036","Mier y Noriega","1996",1996,NA,1996-01-01,22
"Natalidad y mortalidad","Defunciones registradas","Defunciones registradas",NA,NA,"1002000030","Defunciones registradas","Defunciones registradas","19036","Mier y Noriega","1997",1997,NA,1997-01-01,25
"Natalidad y mortalidad","Defunciones registradas","Defunciones registradas",NA,NA,"1002000030","Defunciones registradas","Defunciones registradas","19036","Mier y Noriega","1998",1998,NA,1998-01-01,25
"Natalidad y mortalidad","Defunciones registradas","Defunciones registradas",NA,NA,"1002000030","Defunciones registradas","Defunciones registradas","19036","Mier y Noriega","1999",1999,NA,1999-01-01,33
"Natalidad y mortalidad","Defunciones registradas","Defunciones registradas",NA,NA,"1002000030","Defunciones registradas","Defunciones registradas","19036","Mier y Noriega","2000",2000,NA,2000-01-01,15
"Natalidad y mortalidad","Defunciones registradas","Defunciones registradas",NA,NA,"1002000030","Defunciones registradas","Defunciones registradas","19036","Mier y Noriega","2001",2001,NA,2001-01-01,26
"Natalidad y mortalidad","Defunciones registradas","Defunciones registradas",NA,NA,"1002000030","Defunciones registradas","Defunciones registradas","19036","Mier y Noriega","2002",2002,NA,2002-01-01,31
"Natalidad y mortalidad","Defunciones registradas","Defunciones registradas",NA,NA,"1002000030","Defunciones registradas","Defunciones registradas","19036","Mier y Noriega","2003",2003,NA,2003-01-01,21
"Natalidad y mortalidad","Defunciones registradas","Defunciones registradas",NA,NA,"1002000030","Defunciones registradas","Defunciones registradas","19036","Mier y Noriega","2004",2004,NA,2004-01-01,29
"Natalidad y mortalidad","Defunciones registradas","Defunciones registradas",NA,NA,"1002000030","Defunciones registradas","Defunciones registradas","19036","Mier y Noriega","2005",2005,NA,2005-01-01,38
"Natalidad y mortalidad","Defunciones registradas","Defunciones registradas",NA,NA,"1002000030","Defunciones registradas","Defunciones registradas","19036","Mier y Noriega","2006",2006,NA,2006-01-01,32
"Natalidad y mortalidad","Defunciones registradas","Defunciones registradas",NA,NA,"1002000030","Defunciones registradas","Defunciones registradas","19036","Mier y Noriega","2007",2007,NA,2007-01-01,32
"Natalidad y mortalidad","Defunciones registradas","Defunciones registradas",NA,NA,"1002000030","Defunciones registradas","Defunciones registradas","19036","Mier y Noriega","2008",2008,NA,2008-01-01,29
"Natalidad y mortalidad","Defunciones registradas","Defunciones registradas",NA,NA,"1002000030","Defunciones registradas","Defunciones registradas","19036","Mier y Noriega","2009",2009,NA,2009-01-01,55
"Natalidad y mortalidad","Defunciones registradas","Defunciones registradas",NA,NA,"1002000030","Defunciones registradas","Defunciones registradas","19036","Mier y Noriega","2010",2010,NA,2010-01-01,30
"Natalidad y mortalidad","Defunciones registradas","Defunciones registradas",NA,NA,"1002000030","Defunciones registradas","Defunciones registradas","19036","Mier y Noriega","2011",2011,NA,2011-01-01,50
"Natalidad y mortalidad","Defunciones registradas","Defunciones registradas",NA,NA,"1002000030","Defunciones registradas","Defunciones registradas","19036","Mier y Noriega","2012",2012,NA,2012-01-01,46
"Natalidad y mortalidad","Defunciones registradas","Defunciones registradas",NA,NA,"1002000030","Defunciones registradas","Defunciones registradas","19036","Mier y Noriega","2013",2013,NA,2013-01-01,53
"Natalidad y mortalidad","Defunciones registradas","Defunciones registradas",NA,NA,"1002000030","Defunciones registradas","Defunciones registradas","19036","Mier y Noriega","2014",2014,NA,2014-01-01,36
"Natalidad y mortalidad","Defunciones registradas","Defunciones registradas",NA,NA,"1002000030","Defunciones registradas","Defunciones registradas","19036","Mier y Noriega","2015",2015,NA,2015-01-01,43
"Natalidad y mortalidad","Defunciones registradas","Defunciones registradas",NA,NA,"1002000030","Defunciones registradas","Defunciones registradas","19036","Mier y Noriega","2016",2016,NA,2016-01-01,45
"Natalidad y mortalidad","Defunciones registradas","Defunciones registradas",NA,NA,"1002000030","Defunciones registradas","Defunciones registradas","19036","Mier y Noriega","2017",2017,NA,2017-01-01,43
"Natalidad y mortalidad","Defunciones registradas","Defunciones registradas",NA,NA,"1002000030","Defunciones registradas","Defunciones registradas","19036","Mier y Noriega","2018",2018,NA,2018-01-01,38
"Natalidad y mortalidad","Defunciones registradas","Defunciones registradas",NA,NA,"1002000030","Defunciones registradas","Defunciones registradas","19036","Mier y Noriega","2019",2019,NA,2019-01-01,55
"Natalidad y mortalidad","Defunciones registradas","Defunciones registradas",NA,NA,"1002000030","Defunciones registradas","Defunciones registradas","19036","Mier y Noriega","2020",2020,NA,2020-01-01,40
"Natalidad y mortalidad","Defunciones registradas","Defunciones registradas",NA,NA,"1002000030","Defunciones registradas","Defunciones registradas","19036","Mier y Noriega","2021",2021,NA,2021-01-01,90
"Natalidad y mortalidad","Defunciones registradas","Defunciones registradas",NA,NA,"1002000030","Defunciones registradas","Defunciones registradas","19036","Mier y Noriega","2022",2022,NA,2022-01-01,61
"Natalidad y mortalidad","Defunciones registradas","Defunciones registradas",NA,NA,"1002000030","Defunciones registradas","Defunciones registradas","19036","Mier y Noriega","2023",2023,NA,2023-01-01,60
"Natalidad y mortalidad","Defunciones registradas","Defunciones registradas",NA,NA,"1002000030","Defunciones registradas","Defunciones registradas","19036","Mier y Noriega","2024",2024,NA,2024-01-01,82
"Natalidad y mortalidad","Defunciones registradas","Defunciones registradas",NA,NA,"1002000030","Defunciones registradas","Defunciones registradas","19036","Mier y Noriega","2025",2025,NA,2025-01-01,53
"Natalidad y mortalidad","Hijos por grupo de edad de la madre","15-19",NA,"15-19","6207129648","Promedio de hijos nacidos vivos por grupo de edad: 15-19","Promedio","00","Nacional","2020",2020,NA,2020-01-01,0.116271416420268
"Natalidad y mortalidad","Hijos por grupo de edad de la madre","15-19",NA,"15-19","6207129648","Promedio de hijos nacidos vivos por grupo de edad: 15-19","Promedio","00","Nacional","2025",2025,NA,2025-01-01,0.0715403747113
"Natalidad y mortalidad","Hijos por grupo de edad de la madre","15-19",NA,"15-19","6207129648","Promedio de hijos nacidos vivos por grupo de edad: 15-19","Promedio","19","Nuevo León","2020",2020,NA,2020-01-01,0.106727230960606
"Natalidad y mortalidad","Hijos por grupo de edad de la madre","15-19",NA,"15-19","6207129648","Promedio de hijos nacidos vivos por grupo de edad: 15-19","Promedio","19","Nuevo León","2025",2025,NA,2025-01-01,0.06081626001312
"Natalidad y mortalidad","Hijos por grupo de edad de la madre","15-19",NA,"15-19","6207129648","Promedio de hijos nacidos vivos por grupo de edad: 15-19","Promedio","19007","Aramberri","2020",2020,NA,2020-01-01,0.128874388254486
"Natalidad y mortalidad","Hijos por grupo de edad de la madre","15-19",NA,"15-19","6207129648","Promedio de hijos nacidos vivos por grupo de edad: 15-19","Promedio","19007","Aramberri","2025",2025,NA,2025-01-01,0.14235500878734
"Natalidad y mortalidad","Hijos por grupo de edad de la madre","15-19",NA,"15-19","6207129648","Promedio de hijos nacidos vivos por grupo de edad: 15-19","Promedio","19014","Doctor Arroyo","2020",2020,NA,2020-01-01,0.152667075413857
"Natalidad y mortalidad","Hijos por grupo de edad de la madre","15-19",NA,"15-19","6207129648","Promedio de hijos nacidos vivos por grupo de edad: 15-19","Promedio","19014","Doctor Arroyo","2025",2025,NA,2025-01-01,0.08511904761904
"Natalidad y mortalidad","Hijos por grupo de edad de la madre","15-19",NA,"15-19","6207129648","Promedio de hijos nacidos vivos por grupo de edad: 15-19","Promedio","19024","General Zaragoza","2020",2020,NA,2020-01-01,0.136842105263158
"Natalidad y mortalidad","Hijos por grupo de edad de la madre","15-19",NA,"15-19","6207129648","Promedio de hijos nacidos vivos por grupo de edad: 15-19","Promedio","19024","General Zaragoza","2025",2025,NA,2025-01-01,0.08880308880308
"Natalidad y mortalidad","Hijos por grupo de edad de la madre","15-19",NA,"15-19","6207129648","Promedio de hijos nacidos vivos por grupo de edad: 15-19","Promedio","19036","Mier y Noriega","2020",2020,NA,2020-01-01,0.162393162393162
"Natalidad y mortalidad","Hijos por grupo de edad de la madre","15-19",NA,"15-19","6207129648","Promedio de hijos nacidos vivos por grupo de edad: 15-19","Promedio","19036","Mier y Noriega","2025",2025,NA,2025-01-01,0.19298245614035
"Natalidad y mortalidad","Hijos por grupo de edad de la madre","20-24",NA,"20-24","6207129649","Promedio de hijos nacidos vivos por grupo de edad: 20-24","Promedio","00","Nacional","2020",2020,NA,2020-01-01,0.620214238971812
"Natalidad y mortalidad","Hijos por grupo de edad de la madre","20-24",NA,"20-24","6207129649","Promedio de hijos nacidos vivos por grupo de edad: 20-24","Promedio","00","Nacional","2025",2025,NA,2025-01-01,0.41948274910783
"Natalidad y mortalidad","Hijos por grupo de edad de la madre","20-24",NA,"20-24","6207129649","Promedio de hijos nacidos vivos por grupo de edad: 20-24","Promedio","19","Nuevo León","2020",2020,NA,2020-01-01,0.569681835446618
"Natalidad y mortalidad","Hijos por grupo de edad de la madre","20-24",NA,"20-24","6207129649","Promedio de hijos nacidos vivos por grupo de edad: 20-24","Promedio","19","Nuevo León","2025",2025,NA,2025-01-01,0.37691566356129
"Natalidad y mortalidad","Hijos por grupo de edad de la madre","20-24",NA,"20-24","6207129649","Promedio de hijos nacidos vivos por grupo de edad: 20-24","Promedio","19007","Aramberri","2020",2020,NA,2020-01-01,0.786492374727669
"Natalidad y mortalidad","Hijos por grupo de edad de la madre","20-24",NA,"20-24","6207129649","Promedio de hijos nacidos vivos por grupo de edad: 20-24","Promedio","19007","Aramberri","2025",2025,NA,2025-01-01,0.59817351598173
"Natalidad y mortalidad","Hijos por grupo de edad de la madre","20-24",NA,"20-24","6207129649","Promedio de hijos nacidos vivos por grupo de edad: 20-24","Promedio","19014","Doctor Arroyo","2020",2020,NA,2020-01-01,0.902640264026403
"Natalidad y mortalidad","Hijos por grupo de edad de la madre","20-24",NA,"20-24","6207129649","Promedio de hijos nacidos vivos por grupo de edad: 20-24","Promedio","19014","Doctor Arroyo","2025",2025,NA,2025-01-01,0.72619047619047
"Natalidad y mortalidad","Hijos por grupo de edad de la madre","20-24",NA,"20-24","6207129649","Promedio de hijos nacidos vivos por grupo de edad: 20-24","Promedio","19024","General Zaragoza","2020",2020,NA,2020-01-01,0.747663551401869
"Natalidad y mortalidad","Hijos por grupo de edad de la madre","20-24",NA,"20-24","6207129649","Promedio de hijos nacidos vivos por grupo de edad: 20-24","Promedio","19024","General Zaragoza","2025",2025,NA,2025-01-01,0.70232558139534
"Natalidad y mortalidad","Hijos por grupo de edad de la madre","20-24",NA,"20-24","6207129649","Promedio de hijos nacidos vivos por grupo de edad: 20-24","Promedio","19036","Mier y Noriega","2020",2020,NA,2020-01-01,0.996415770609319
"Natalidad y mortalidad","Hijos por grupo de edad de la madre","20-24",NA,"20-24","6207129649","Promedio de hijos nacidos vivos por grupo de edad: 20-24","Promedio","19036","Mier y Noriega","2025",2025,NA,2025-01-01,0.70472440944881
"Natalidad y mortalidad","Hijos por grupo de edad de la madre","25-29",NA,"25-29","6207129650","Promedio de hijos nacidos vivos por grupo de edad: 25-29","Promedio","00","Nacional","2020",2020,NA,2020-01-01,1.23083351756561
"Natalidad y mortalidad","Hijos por grupo de edad de la madre","25-29",NA,"25-29","6207129650","Promedio de hijos nacidos vivos por grupo de edad: 25-29","Promedio","00","Nacional","2025",2025,NA,2025-01-01,0.97868844093882
"Natalidad y mortalidad","Hijos por grupo de edad de la madre","25-29",NA,"25-29","6207129650","Promedio de hijos nacidos vivos por grupo de edad: 25-29","Promedio","19","Nuevo León","2020",2020,NA,2020-01-01,1.14926402943882
"Natalidad y mortalidad","Hijos por grupo de edad de la madre","25-29",NA,"25-29","6207129650","Promedio de hijos nacidos vivos por grupo de edad: 25-29","Promedio","19","Nuevo León","2025",2025,NA,2025-01-01,0.87222711515037
"Natalidad y mortalidad","Hijos por grupo de edad de la madre","25-29",NA,"25-29","6207129650","Promedio de hijos nacidos vivos por grupo de edad: 25-29","Promedio","19007","Aramberri","2020",2020,NA,2020-01-01,1.58352941176471
"Natalidad y mortalidad","Hijos por grupo de edad de la madre","25-29",NA,"25-29","6207129650","Promedio de hijos nacidos vivos por grupo de edad: 25-29","Promedio","19007","Aramberri","2025",2025,NA,2025-01-01,1.35308641975308
"Natalidad y mortalidad","Hijos por grupo de edad de la madre","25-29",NA,"25-29","6207129650","Promedio de hijos nacidos vivos por grupo de edad: 25-29","Promedio","19014","Doctor Arroyo","2020",2020,NA,2020-01-01,1.71719858156028
"Natalidad y mortalidad","Hijos por grupo de edad de la madre","25-29",NA,"25-29","6207129650","Promedio de hijos nacidos vivos por grupo de edad: 25-29","Promedio","19014","Doctor Arroyo","2025",2025,NA,2025-01-01,1.30062794348508
"Natalidad y mortalidad","Hijos por grupo de edad de la madre","25-29",NA,"25-29","6207129650","Promedio de hijos nacidos vivos por grupo de edad: 25-29","Promedio","19024","General Zaragoza","2020",2020,NA,2020-01-01,1.81651376146789
"Natalidad y mortalidad","Hijos por grupo de edad de la madre","25-29",NA,"25-29","6207129650","Promedio de hijos nacidos vivos por grupo de edad: 25-29","Promedio","19024","General Zaragoza","2025",2025,NA,2025-01-01,1.63297872340425
"Natalidad y mortalidad","Hijos por grupo de edad de la madre","25-29",NA,"25-29","6207129650","Promedio de hijos nacidos vivos por grupo de edad: 25-29","Promedio","19036","Mier y Noriega","2020",2020,NA,2020-01-01,1.85606060606061
"Natalidad y mortalidad","Hijos por grupo de edad de la madre","25-29",NA,"25-29","6207129650","Promedio de hijos nacidos vivos por grupo de edad: 25-29","Promedio","19036","Mier y Noriega","2025",2025,NA,2025-01-01,1.5703125
"Natalidad y mortalidad","Hijos por grupo de edad de la madre","30-34",NA,"30-34","6207129651","Promedio de hijos nacidos vivos por grupo de edad: 30-34","Promedio","00","Nacional","2020",2020,NA,2020-01-01,1.75945612341956
"Natalidad y mortalidad","Hijos por grupo de edad de la madre","30-34",NA,"30-34","6207129651","Promedio de hijos nacidos vivos por grupo de edad: 30-34","Promedio","00","Nacional","2025",2025,NA,2025-01-01,1.54331617612209
"Natalidad y mortalidad","Hijos por grupo de edad de la madre","30-34",NA,"30-34","6207129651","Promedio de hijos nacidos vivos por grupo de edad: 30-34","Promedio","19","Nuevo León","2020",2020,NA,2020-01-01,1.68162600153909
"Natalidad y mortalidad","Hijos por grupo de edad de la madre","30-34",NA,"30-34","6207129651","Promedio de hijos nacidos vivos por grupo de edad: 30-34","Promedio","19","Nuevo León","2025",2025,NA,2025-01-01,1.43204229443433
"Natalidad y mortalidad","Hijos por grupo de edad de la madre","30-34",NA,"30-34","6207129651","Promedio de hijos nacidos vivos por grupo de edad: 30-34","Promedio","19007","Aramberri","2020",2020,NA,2020-01-01,2.25352112676056
"Natalidad y mortalidad","Hijos por grupo de edad de la madre","30-34",NA,"30-34","6207129651","Promedio de hijos nacidos vivos por grupo de edad: 30-34","Promedio","19007","Aramberri","2025",2025,NA,2025-01-01,2.09819121447028
"Natalidad y mortalidad","Hijos por grupo de edad de la madre","30-34",NA,"30-34","6207129651","Promedio de hijos nacidos vivos por grupo de edad: 30-34","Promedio","19014","Doctor Arroyo","2020",2020,NA,2020-01-01,2.48465703971119
"Natalidad y mortalidad","Hijos por grupo de edad de la madre","30-34",NA,"30-34","6207129651","Promedio de hijos nacidos vivos por grupo de edad: 30-34","Promedio","19014","Doctor Arroyo","2025",2025,NA,2025-01-01,2.04515599343185
"Natalidad y mortalidad","Hijos por grupo de edad de la madre","30-34",NA,"30-34","6207129651","Promedio de hijos nacidos vivos por grupo de edad: 30-34","Promedio","19024","General Zaragoza","2020",2020,NA,2020-01-01,2.39393939393939
"Natalidad y mortalidad","Hijos por grupo de edad de la madre","30-34",NA,"30-34","6207129651","Promedio de hijos nacidos vivos por grupo de edad: 30-34","Promedio","19024","General Zaragoza","2025",2025,NA,2025-01-01,2.18483412322274
"Natalidad y mortalidad","Hijos por grupo de edad de la madre","30-34",NA,"30-34","6207129651","Promedio de hijos nacidos vivos por grupo de edad: 30-34","Promedio","19036","Mier y Noriega","2020",2020,NA,2020-01-01,2.62549800796813
"Natalidad y mortalidad","Hijos por grupo de edad de la madre","30-34",NA,"30-34","6207129651","Promedio de hijos nacidos vivos por grupo de edad: 30-34","Promedio","19036","Mier y Noriega","2025",2025,NA,2025-01-01,2.37280701754386
"Natalidad y mortalidad","Hijos por grupo de edad de la madre","35-39",NA,"35-39","6207129652","Promedio de hijos nacidos vivos por grupo de edad: 35-39","Promedio","00","Nacional","2020",2020,NA,2020-01-01,2.1678887408622
"Natalidad y mortalidad","Hijos por grupo de edad de la madre","35-39",NA,"35-39","6207129652","Promedio de hijos nacidos vivos por grupo de edad: 35-39","Promedio","00","Nacional","2025",2025,NA,2025-01-01,1.93478610736929
"Natalidad y mortalidad","Hijos por grupo de edad de la madre","35-39",NA,"35-39","6207129652","Promedio de hijos nacidos vivos por grupo de edad: 35-39","Promedio","19","Nuevo León","2020",2020,NA,2020-01-01,2.09059621563727
"Natalidad y mortalidad","Hijos por grupo de edad de la madre","35-39",NA,"35-39","6207129652","Promedio de hijos nacidos vivos por grupo de edad: 35-39","Promedio","19","Nuevo León","2025",2025,NA,2025-01-01,1.88724550997967
"Natalidad y mortalidad","Hijos por grupo de edad de la madre","35-39",NA,"35-39","6207129652","Promedio de hijos nacidos vivos por grupo de edad: 35-39","Promedio","19007","Aramberri","2020",2020,NA,2020-01-01,2.77149321266968
"Natalidad y mortalidad","Hijos por grupo de edad de la madre","35-39",NA,"35-39","6207129652","Promedio de hijos nacidos vivos por grupo de edad: 35-39","Promedio","19007","Aramberri","2025",2025,NA,2025-01-01,2.41504854368932
"Natalidad y mortalidad","Hijos por grupo de edad de la madre","35-39",NA,"35-39","6207129652","Promedio de hijos nacidos vivos por grupo de edad: 35-39","Promedio","19014","Doctor Arroyo","2020",2020,NA,2020-01-01,2.99179580674567
"Natalidad y mortalidad","Hijos por grupo de edad de la madre","35-39",NA,"35-39","6207129652","Promedio de hijos nacidos vivos por grupo de edad: 35-39","Promedio","19014","Doctor Arroyo","2025",2025,NA,2025-01-01,2.64150943396226
"Natalidad y mortalidad","Hijos por grupo de edad de la madre","35-39",NA,"35-39","6207129652","Promedio de hijos nacidos vivos por grupo de edad: 35-39","Promedio","19024","General Zaragoza","2020",2020,NA,2020-01-01,3.17582417582418
"Natalidad y mortalidad","Hijos por grupo de edad de la madre","35-39",NA,"35-39","6207129652","Promedio de hijos nacidos vivos por grupo de edad: 35-39","Promedio","19024","General Zaragoza","2025",2025,NA,2025-01-01,2.58333333333333
"Natalidad y mortalidad","Hijos por grupo de edad de la madre","35-39",NA,"35-39","6207129652","Promedio de hijos nacidos vivos por grupo de edad: 35-39","Promedio","19036","Mier y Noriega","2020",2020,NA,2020-01-01,3.25118483412322
"Natalidad y mortalidad","Hijos por grupo de edad de la madre","35-39",NA,"35-39","6207129652","Promedio de hijos nacidos vivos por grupo de edad: 35-39","Promedio","19036","Mier y Noriega","2025",2025,NA,2025-01-01,2.8552036199095
"Natalidad y mortalidad","Hijos por grupo de edad de la madre","40-44",NA,"40-44","6207129653","Promedio de hijos nacidos vivos por grupo de edad: 40-44","Promedio","00","Nacional","2020",2020,NA,2020-01-01,2.43391371863164
"Natalidad y mortalidad","Hijos por grupo de edad de la madre","40-44",NA,"40-44","6207129653","Promedio de hijos nacidos vivos por grupo de edad: 40-44","Promedio","00","Nacional","2025",2025,NA,2025-01-01,2.21708884051095
"Natalidad y mortalidad","Hijos por grupo de edad de la madre","40-44",NA,"40-44","6207129653","Promedio de hijos nacidos vivos por grupo de edad: 40-44","Promedio","19","Nuevo León","2020",2020,NA,2020-01-01,2.28720723900277
"Natalidad y mortalidad","Hijos por grupo de edad de la madre","40-44",NA,"40-44","6207129653","Promedio de hijos nacidos vivos por grupo de edad: 40-44","Promedio","19","Nuevo León","2025",2025,NA,2025-01-01,2.13383719968002
"Natalidad y mortalidad","Hijos por grupo de edad de la madre","40-44",NA,"40-44","6207129653","Promedio de hijos nacidos vivos por grupo de edad: 40-44","Promedio","19007","Aramberri","2020",2020,NA,2020-01-01,3.00779727095517
"Natalidad y mortalidad","Hijos por grupo de edad de la madre","40-44",NA,"40-44","6207129653","Promedio de hijos nacidos vivos por grupo de edad: 40-44","Promedio","19007","Aramberri","2025",2025,NA,2025-01-01,2.85120350109409
"Natalidad y mortalidad","Hijos por grupo de edad de la madre","40-44",NA,"40-44","6207129653","Promedio de hijos nacidos vivos por grupo de edad: 40-44","Promedio","19014","Doctor Arroyo","2020",2020,NA,2020-01-01,3.27970065481759
"Natalidad y mortalidad","Hijos por grupo de edad de la madre","40-44",NA,"40-44","6207129653","Promedio de hijos nacidos vivos por grupo de edad: 40-44","Promedio","19014","Doctor Arroyo","2025",2025,NA,2025-01-01,3.0650542118432
"Natalidad y mortalidad","Hijos por grupo de edad de la madre","40-44",NA,"40-44","6207129653","Promedio de hijos nacidos vivos por grupo de edad: 40-44","Promedio","19024","General Zaragoza","2020",2020,NA,2020-01-01,3.36627906976744
"Natalidad y mortalidad","Hijos por grupo de edad de la madre","40-44",NA,"40-44","6207129653","Promedio de hijos nacidos vivos por grupo de edad: 40-44","Promedio","19024","General Zaragoza","2025",2025,NA,2025-01-01,3.22680412371134
"Natalidad y mortalidad","Hijos por grupo de edad de la madre","40-44",NA,"40-44","6207129653","Promedio de hijos nacidos vivos por grupo de edad: 40-44","Promedio","19036","Mier y Noriega","2020",2020,NA,2020-01-01,3.72083333333333
"Natalidad y mortalidad","Hijos por grupo de edad de la madre","40-44",NA,"40-44","6207129653","Promedio de hijos nacidos vivos por grupo de edad: 40-44","Promedio","19036","Mier y Noriega","2025",2025,NA,2025-01-01,3.36057692307692
"Natalidad y mortalidad","Hijos por grupo de edad de la madre","45-49",NA,"45-49","6207129654","Promedio de hijos nacidos vivos por grupo de edad: 45-49","Promedio","00","Nacional","2020",2020,NA,2020-01-01,2.62324454548605
"Natalidad y mortalidad","Hijos por grupo de edad de la madre","45-49",NA,"45-49","6207129654","Promedio de hijos nacidos vivos por grupo de edad: 45-49","Promedio","00","Nacional","2025",2025,NA,2025-01-01,2.41017752974528
"Natalidad y mortalidad","Hijos por grupo de edad de la madre","45-49",NA,"45-49","6207129654","Promedio de hijos nacidos vivos por grupo de edad: 45-49","Promedio","19","Nuevo León","2020",2020,NA,2020-01-01,2.40805389283569
"Natalidad y mortalidad","Hijos por grupo de edad de la madre","45-49",NA,"45-49","6207129654","Promedio de hijos nacidos vivos por grupo de edad: 45-49","Promedio","19","Nuevo León","2025",2025,NA,2025-01-01,2.26645758936121
"Natalidad y mortalidad","Hijos por grupo de edad de la madre","45-49",NA,"45-49","6207129654","Promedio de hijos nacidos vivos por grupo de edad: 45-49","Promedio","19007","Aramberri","2020",2020,NA,2020-01-01,3.10290827740492
"Natalidad y mortalidad","Hijos por grupo de edad de la madre","45-49",NA,"45-49","6207129654","Promedio de hijos nacidos vivos por grupo de edad: 45-49","Promedio","19007","Aramberri","2025",2025,NA,2025-01-01,2.96613545816733
"Natalidad y mortalidad","Hijos por grupo de edad de la madre","45-49",NA,"45-49","6207129654","Promedio de hijos nacidos vivos por grupo de edad: 45-49","Promedio","19014","Doctor Arroyo","2020",2020,NA,2020-01-01,3.46435845213849
"Natalidad y mortalidad","Hijos por grupo de edad de la madre","45-49",NA,"45-49","6207129654","Promedio de hijos nacidos vivos por grupo de edad: 45-49","Promedio","19014","Doctor Arroyo","2025",2025,NA,2025-01-01,3.22455845248107
"Natalidad y mortalidad","Hijos por grupo de edad de la madre","45-49",NA,"45-49","6207129654","Promedio de hijos nacidos vivos por grupo de edad: 45-49","Promedio","19024","General Zaragoza","2020",2020,NA,2020-01-01,4.15337423312883
"Natalidad y mortalidad","Hijos por grupo de edad de la madre","45-49",NA,"45-49","6207129654","Promedio de hijos nacidos vivos por grupo de edad: 45-49","Promedio","19024","General Zaragoza","2025",2025,NA,2025-01-01,3.39880952380952
"Natalidad y mortalidad","Hijos por grupo de edad de la madre","45-49",NA,"45-49","6207129654","Promedio de hijos nacidos vivos por grupo de edad: 45-49","Promedio","19036","Mier y Noriega","2020",2020,NA,2020-01-01,4.27950310559006
"Natalidad y mortalidad","Hijos por grupo de edad de la madre","45-49",NA,"45-49","6207129654","Promedio de hijos nacidos vivos por grupo de edad: 45-49","Promedio","19036","Mier y Noriega","2025",2025,NA,2025-01-01,3.56696428571428
"Población","Población total","Total","Total",NA,"1002000001","Población total","Personas","00","Nacional","1910",1910,NA,1910-01-01,15160369
"Población","Población total","Total","Total",NA,"1002000001","Población total","Personas","00","Nacional","1921",1921,NA,1921-01-01,14334780
"Población","Población total","Total","Total",NA,"1002000001","Población total","Personas","00","Nacional","1930",1930,NA,1930-01-01,16552722
"Población","Población total","Total","Total",NA,"1002000001","Población total","Personas","00","Nacional","1940",1940,NA,1940-01-01,19653552
"Población","Población total","Total","Total",NA,"1002000001","Población total","Personas","00","Nacional","1950",1950,NA,1950-01-01,25791017
"Población","Población total","Total","Total",NA,"1002000001","Población total","Personas","00","Nacional","1960",1960,NA,1960-01-01,34923129
"Población","Población total","Total","Total",NA,"1002000001","Población total","Personas","00","Nacional","1970",1970,NA,1970-01-01,48225238
"Población","Población total","Total","Total",NA,"1002000001","Población total","Personas","00","Nacional","1980",1980,NA,1980-01-01,66846833
"Población","Población total","Total","Total",NA,"1002000001","Población total","Personas","00","Nacional","1990",1990,NA,1990-01-01,81249645
"Población","Población total","Total","Total",NA,"1002000001","Población total","Personas","00","Nacional","1995",1995,NA,1995-01-01,91158290
"Población","Población total","Total","Total",NA,"1002000001","Población total","Personas","00","Nacional","2000",2000,NA,2000-01-01,97483412
"Población","Población total","Total","Total",NA,"1002000001","Población total","Personas","00","Nacional","2005",2005,NA,2005-01-01,103263388
"Población","Población total","Total","Total",NA,"1002000001","Población total","Personas","00","Nacional","2010",2010,NA,2010-01-01,112336538
"Población","Población total","Total","Total",NA,"1002000001","Población total","Personas","00","Nacional","2015",2015,NA,2015-01-01,119938473
"Población","Población total","Total","Total",NA,"1002000001","Población total","Personas","00","Nacional","2020",2020,NA,2020-01-01,126014024
"Población","Población total","Total","Total",NA,"1002000001","Población total","Personas","00","Nacional","2025",2025,NA,2025-01-01,130911314
"Población","Población total","Total","Total",NA,"1002000001","Población total","Personas","19","Nuevo León","1910",1910,NA,1910-01-01,365150
"Población","Población total","Total","Total",NA,"1002000001","Población total","Personas","19","Nuevo León","1921",1921,NA,1921-01-01,336412
"Población","Población total","Total","Total",NA,"1002000001","Población total","Personas","19","Nuevo León","1930",1930,NA,1930-01-01,417491
"Población","Población total","Total","Total",NA,"1002000001","Población total","Personas","19","Nuevo León","1940",1940,NA,1940-01-01,541147
"Población","Población total","Total","Total",NA,"1002000001","Población total","Personas","19","Nuevo León","1950",1950,NA,1950-01-01,740191
"Población","Población total","Total","Total",NA,"1002000001","Población total","Personas","19","Nuevo León","1960",1960,NA,1960-01-01,1078848
"Población","Población total","Total","Total",NA,"1002000001","Población total","Personas","19","Nuevo León","1970",1970,NA,1970-01-01,1694689
"Población","Población total","Total","Total",NA,"1002000001","Población total","Personas","19","Nuevo León","1980",1980,NA,1980-01-01,2513044
"Población","Población total","Total","Total",NA,"1002000001","Población total","Personas","19","Nuevo León","1990",1990,NA,1990-01-01,3098736
"Población","Población total","Total","Total",NA,"1002000001","Población total","Personas","19","Nuevo León","1995",1995,NA,1995-01-01,3550114
"Población","Población total","Total","Total",NA,"1002000001","Población total","Personas","19","Nuevo León","2000",2000,NA,2000-01-01,3834141
"Población","Población total","Total","Total",NA,"1002000001","Población total","Personas","19","Nuevo León","2005",2005,NA,2005-01-01,4199292
"Población","Población total","Total","Total",NA,"1002000001","Población total","Personas","19","Nuevo León","2010",2010,NA,2010-01-01,4653458
"Población","Población total","Total","Total",NA,"1002000001","Población total","Personas","19","Nuevo León","2015",2015,NA,2015-01-01,5131938
"Población","Población total","Total","Total",NA,"1002000001","Población total","Personas","19","Nuevo León","2020",2020,NA,2020-01-01,5784442
"Población","Población total","Total","Total",NA,"1002000001","Población total","Personas","19","Nuevo León","2025",2025,NA,2025-01-01,6291899
"Población","Población total","Total","Total",NA,"1002000001","Población total","Personas","19007","Aramberri","1995",1995,NA,1995-01-01,15691
"Población","Población total","Total","Total",NA,"1002000001","Población total","Personas","19007","Aramberri","2000",2000,NA,2000-01-01,14840
"Población","Población total","Total","Total",NA,"1002000001","Población total","Personas","19007","Aramberri","2005",2005,NA,2005-01-01,14692
"Población","Población total","Total","Total",NA,"1002000001","Población total","Personas","19007","Aramberri","2010",2010,NA,2010-01-01,15470
"Población","Población total","Total","Total",NA,"1002000001","Población total","Personas","19007","Aramberri","2020",2020,NA,2020-01-01,14992
"Población","Población total","Total","Total",NA,"1002000001","Población total","Personas","19014","Doctor Arroyo","1995",1995,NA,1995-01-01,37363
"Población","Población total","Total","Total",NA,"1002000001","Población total","Personas","19014","Doctor Arroyo","2000",2000,NA,2000-01-01,33721
"Población","Población total","Total","Total",NA,"1002000001","Población total","Personas","19014","Doctor Arroyo","2005",2005,NA,2005-01-01,33269
"Población","Población total","Total","Total",NA,"1002000001","Población total","Personas","19014","Doctor Arroyo","2010",2010,NA,2010-01-01,35445
"Población","Población total","Total","Total",NA,"1002000001","Población total","Personas","19014","Doctor Arroyo","2020",2020,NA,2020-01-01,36088
"Población","Población total","Total","Total",NA,"1002000001","Población total","Personas","19024","General Zaragoza","1995",1995,NA,1995-01-01,5874
"Población","Población total","Total","Total",NA,"1002000001","Población total","Personas","19024","General Zaragoza","2000",2000,NA,2000-01-01,5576
"Población","Población total","Total","Total",NA,"1002000001","Población total","Personas","19024","General Zaragoza","2005",2005,NA,2005-01-01,5733
"Población","Población total","Total","Total",NA,"1002000001","Población total","Personas","19024","General Zaragoza","2010",2010,NA,2010-01-01,5942
"Población","Población total","Total","Total",NA,"1002000001","Población total","Personas","19024","General Zaragoza","2020",2020,NA,2020-01-01,6282
"Población","Población total","Total","Total",NA,"1002000001","Población total","Personas","19036","Mier y Noriega","1995",1995,NA,1995-01-01,7721
"Población","Población total","Total","Total",NA,"1002000001","Población total","Personas","19036","Mier y Noriega","2000",2000,NA,2000-01-01,7078
"Población","Población total","Total","Total",NA,"1002000001","Población total","Personas","19036","Mier y Noriega","2005",2005,NA,2005-01-01,7047
"Población","Población total","Total","Total",NA,"1002000001","Población total","Personas","19036","Mier y Noriega","2010",2010,NA,2010-01-01,7095
"Población","Población total","Total","Total",NA,"1002000001","Población total","Personas","19036","Mier y Noriega","2020",2020,NA,2020-01-01,7652
"Población","Población total","Hombres","Hombres",NA,"1002000002","Población total hombres","Personas","00","Nacional","1910",1910,NA,1910-01-01,7504471
"Población","Población total","Hombres","Hombres",NA,"1002000002","Población total hombres","Personas","00","Nacional","1921",1921,NA,1921-01-01,7003785
"Población","Población total","Hombres","Hombres",NA,"1002000002","Población total hombres","Personas","00","Nacional","1930",1930,NA,1930-01-01,8119004
"Población","Población total","Hombres","Hombres",NA,"1002000002","Población total hombres","Personas","00","Nacional","1940",1940,NA,1940-01-01,9695787
"Población","Población total","Hombres","Hombres",NA,"1002000002","Población total hombres","Personas","00","Nacional","1950",1950,NA,1950-01-01,12696935
"Población","Población total","Hombres","Hombres",NA,"1002000002","Población total hombres","Personas","00","Nacional","1960",1960,NA,1960-01-01,17415320
"Población","Población total","Hombres","Hombres",NA,"1002000002","Población total hombres","Personas","00","Nacional","1970",1970,NA,1970-01-01,24065614
"Población","Población total","Hombres","Hombres",NA,"1002000002","Población total hombres","Personas","00","Nacional","1980",1980,NA,1980-01-01,33039307
"Población","Población total","Hombres","Hombres",NA,"1002000002","Población total hombres","Personas","00","Nacional","1990",1990,NA,1990-01-01,39893969
"Población","Población total","Hombres","Hombres",NA,"1002000002","Población total hombres","Personas","00","Nacional","1995",1995,NA,1995-01-01,44900499
"Población","Población total","Hombres","Hombres",NA,"1002000002","Población total hombres","Personas","00","Nacional","2000",2000,NA,2000-01-01,47592253
"Población","Población total","Hombres","Hombres",NA,"1002000002","Población total hombres","Personas","00","Nacional","2005",2005,NA,2005-01-01,50249955
"Población","Población total","Hombres","Hombres",NA,"1002000002","Población total hombres","Personas","00","Nacional","2010",2010,NA,2010-01-01,54855231
"Población","Población total","Hombres","Hombres",NA,"1002000002","Población total hombres","Personas","00","Nacional","2020",2020,NA,2020-01-01,61473390
"Población","Población total","Hombres","Hombres",NA,"1002000002","Población total hombres","Personas","00","Nacional","2025",2025,NA,2025-01-01,62714487
"Población","Población total","Hombres","Hombres",NA,"1002000002","Población total hombres","Personas","19","Nuevo León","1995",1995,NA,1995-01-01,1773793
"Población","Población total","Hombres","Hombres",NA,"1002000002","Población total hombres","Personas","19","Nuevo León","2000",2000,NA,2000-01-01,1907939
"Población","Población total","Hombres","Hombres",NA,"1002000002","Población total hombres","Personas","19","Nuevo León","2005",2005,NA,2005-01-01,2090673
"Población","Población total","Hombres","Hombres",NA,"1002000002","Población total hombres","Personas","19","Nuevo León","2010",2010,NA,2010-01-01,2320185
"Población","Población total","Hombres","Hombres",NA,"1002000002","Población total hombres","Personas","19","Nuevo León","2020",2020,NA,2020-01-01,2890950
"Población","Población total","Hombres","Hombres",NA,"1002000002","Población total hombres","Personas","19","Nuevo León","2025",2025,NA,2025-01-01,3105994
"Población","Población total","Hombres","Hombres",NA,"1002000002","Población total hombres","Personas","19007","Aramberri","1995",1995,NA,1995-01-01,8269
"Población","Población total","Hombres","Hombres",NA,"1002000002","Población total hombres","Personas","19007","Aramberri","2000",2000,NA,2000-01-01,7641
"Población","Población total","Hombres","Hombres",NA,"1002000002","Población total hombres","Personas","19007","Aramberri","2005",2005,NA,2005-01-01,7478
"Población","Población total","Hombres","Hombres",NA,"1002000002","Población total hombres","Personas","19007","Aramberri","2010",2010,NA,2010-01-01,7869
"Población","Población total","Hombres","Hombres",NA,"1002000002","Población total hombres","Personas","19007","Aramberri","2020",2020,NA,2020-01-01,7667
"Población","Población total","Hombres","Hombres",NA,"1002000002","Población total hombres","Personas","19007","Aramberri","2025",2025,NA,2025-01-01,7098
"Población","Población total","Hombres","Hombres",NA,"1002000002","Población total hombres","Personas","19014","Doctor Arroyo","1995",1995,NA,1995-01-01,19280
"Población","Población total","Hombres","Hombres",NA,"1002000002","Población total hombres","Personas","19014","Doctor Arroyo","2000",2000,NA,2000-01-01,16878
"Población","Población total","Hombres","Hombres",NA,"1002000002","Población total hombres","Personas","19014","Doctor Arroyo","2005",2005,NA,2005-01-01,16611
"Población","Población total","Hombres","Hombres",NA,"1002000002","Población total hombres","Personas","19014","Doctor Arroyo","2010",2010,NA,2010-01-01,17849
"Población","Población total","Hombres","Hombres",NA,"1002000002","Población total hombres","Personas","19014","Doctor Arroyo","2020",2020,NA,2020-01-01,18060
"Población","Población total","Hombres","Hombres",NA,"1002000002","Población total hombres","Personas","19014","Doctor Arroyo","2025",2025,NA,2025-01-01,19682
"Población","Población total","Hombres","Hombres",NA,"1002000002","Población total hombres","Personas","19024","General Zaragoza","1995",1995,NA,1995-01-01,3063
"Población","Población total","Hombres","Hombres",NA,"1002000002","Población total hombres","Personas","19024","General Zaragoza","2000",2000,NA,2000-01-01,2907
"Población","Población total","Hombres","Hombres",NA,"1002000002","Población total hombres","Personas","19024","General Zaragoza","2005",2005,NA,2005-01-01,2987
"Población","Población total","Hombres","Hombres",NA,"1002000002","Población total hombres","Personas","19024","General Zaragoza","2010",2010,NA,2010-01-01,3052
"Población","Población total","Hombres","Hombres",NA,"1002000002","Población total hombres","Personas","19024","General Zaragoza","2020",2020,NA,2020-01-01,3224
"Población","Población total","Hombres","Hombres",NA,"1002000002","Población total hombres","Personas","19024","General Zaragoza","2025",2025,NA,2025-01-01,2976
"Población","Población total","Hombres","Hombres",NA,"1002000002","Población total hombres","Personas","19036","Mier y Noriega","1995",1995,NA,1995-01-01,3948
"Población","Población total","Hombres","Hombres",NA,"1002000002","Población total hombres","Personas","19036","Mier y Noriega","2000",2000,NA,2000-01-01,3556
"Población","Población total","Hombres","Hombres",NA,"1002000002","Población total hombres","Personas","19036","Mier y Noriega","2005",2005,NA,2005-01-01,3565
"Población","Población total","Hombres","Hombres",NA,"1002000002","Población total hombres","Personas","19036","Mier y Noriega","2010",2010,NA,2010-01-01,3555
"Población","Población total","Hombres","Hombres",NA,"1002000002","Población total hombres","Personas","19036","Mier y Noriega","2020",2020,NA,2020-01-01,3795
"Población","Población total","Hombres","Hombres",NA,"1002000002","Población total hombres","Personas","19036","Mier y Noriega","2025",2025,NA,2025-01-01,3533
"Población","Población total","Mujeres","Mujeres",NA,"1002000003","Población total mujeres","Personas","00","Nacional","1910",1910,NA,1910-01-01,7655898
"Población","Población total","Mujeres","Mujeres",NA,"1002000003","Población total mujeres","Personas","00","Nacional","1921",1921,NA,1921-01-01,7330995
"Población","Población total","Mujeres","Mujeres",NA,"1002000003","Población total mujeres","Personas","00","Nacional","1930",1930,NA,1930-01-01,8433718
"Población","Población total","Mujeres","Mujeres",NA,"1002000003","Población total mujeres","Personas","00","Nacional","1940",1940,NA,1940-01-01,9957765
"Población","Población total","Mujeres","Mujeres",NA,"1002000003","Población total mujeres","Personas","00","Nacional","1950",1950,NA,1950-01-01,13094082
"Población","Población total","Mujeres","Mujeres",NA,"1002000003","Población total mujeres","Personas","00","Nacional","1960",1960,NA,1960-01-01,17507809
"Población","Población total","Mujeres","Mujeres",NA,"1002000003","Población total mujeres","Personas","00","Nacional","1970",1970,NA,1970-01-01,24159624
"Población","Población total","Mujeres","Mujeres",NA,"1002000003","Población total mujeres","Personas","00","Nacional","1980",1980,NA,1980-01-01,33807526
"Población","Población total","Mujeres","Mujeres",NA,"1002000003","Población total mujeres","Personas","00","Nacional","1990",1990,NA,1990-01-01,41355676
"Población","Población total","Mujeres","Mujeres",NA,"1002000003","Población total mujeres","Personas","00","Nacional","1995",1995,NA,1995-01-01,46257791
"Población","Población total","Mujeres","Mujeres",NA,"1002000003","Población total mujeres","Personas","00","Nacional","2000",2000,NA,2000-01-01,49891159
"Población","Población total","Mujeres","Mujeres",NA,"1002000003","Población total mujeres","Personas","00","Nacional","2005",2005,NA,2005-01-01,53013433
"Población","Población total","Mujeres","Mujeres",NA,"1002000003","Población total mujeres","Personas","00","Nacional","2010",2010,NA,2010-01-01,57481307
"Población","Población total","Mujeres","Mujeres",NA,"1002000003","Población total mujeres","Personas","00","Nacional","2020",2020,NA,2020-01-01,64540634
"Población","Población total","Mujeres","Mujeres",NA,"1002000003","Población total mujeres","Personas","00","Nacional","2025",2025,NA,2025-01-01,67678902
"Población","Población total","Mujeres","Mujeres",NA,"1002000003","Población total mujeres","Personas","19","Nuevo León","1995",1995,NA,1995-01-01,1776321
"Población","Población total","Mujeres","Mujeres",NA,"1002000003","Población total mujeres","Personas","19","Nuevo León","2000",2000,NA,2000-01-01,1926202
"Población","Población total","Mujeres","Mujeres",NA,"1002000003","Población total mujeres","Personas","19","Nuevo León","2005",2005,NA,2005-01-01,2108619
"Población","Población total","Mujeres","Mujeres",NA,"1002000003","Población total mujeres","Personas","19","Nuevo León","2010",2010,NA,2010-01-01,2333273
"Población","Población total","Mujeres","Mujeres",NA,"1002000003","Población total mujeres","Personas","19","Nuevo León","2020",2020,NA,2020-01-01,2893492
"Población","Población total","Mujeres","Mujeres",NA,"1002000003","Población total mujeres","Personas","19","Nuevo León","2025",2025,NA,2025-01-01,3168846
"Población","Población total","Mujeres","Mujeres",NA,"1002000003","Población total mujeres","Personas","19007","Aramberri","1995",1995,NA,1995-01-01,7422
"Población","Población total","Mujeres","Mujeres",NA,"1002000003","Población total mujeres","Personas","19007","Aramberri","2000",2000,NA,2000-01-01,7199
"Población","Población total","Mujeres","Mujeres",NA,"1002000003","Población total mujeres","Personas","19007","Aramberri","2005",2005,NA,2005-01-01,7214
"Población","Población total","Mujeres","Mujeres",NA,"1002000003","Población total mujeres","Personas","19007","Aramberri","2010",2010,NA,2010-01-01,7601
"Población","Población total","Mujeres","Mujeres",NA,"1002000003","Población total mujeres","Personas","19007","Aramberri","2020",2020,NA,2020-01-01,7325
"Población","Población total","Mujeres","Mujeres",NA,"1002000003","Población total mujeres","Personas","19007","Aramberri","2025",2025,NA,2025-01-01,7136
"Población","Población total","Mujeres","Mujeres",NA,"1002000003","Población total mujeres","Personas","19014","Doctor Arroyo","1995",1995,NA,1995-01-01,18083
"Población","Población total","Mujeres","Mujeres",NA,"1002000003","Población total mujeres","Personas","19014","Doctor Arroyo","2000",2000,NA,2000-01-01,16843
"Población","Población total","Mujeres","Mujeres",NA,"1002000003","Población total mujeres","Personas","19014","Doctor Arroyo","2005",2005,NA,2005-01-01,16658
"Población","Población total","Mujeres","Mujeres",NA,"1002000003","Población total mujeres","Personas","19014","Doctor Arroyo","2010",2010,NA,2010-01-01,17596
"Población","Población total","Mujeres","Mujeres",NA,"1002000003","Población total mujeres","Personas","19014","Doctor Arroyo","2020",2020,NA,2020-01-01,18028
"Población","Población total","Mujeres","Mujeres",NA,"1002000003","Población total mujeres","Personas","19014","Doctor Arroyo","2025",2025,NA,2025-01-01,19697
"Población","Población total","Mujeres","Mujeres",NA,"1002000003","Población total mujeres","Personas","19024","General Zaragoza","1995",1995,NA,1995-01-01,2811
"Población","Población total","Mujeres","Mujeres",NA,"1002000003","Población total mujeres","Personas","19024","General Zaragoza","2000",2000,NA,2000-01-01,2669
"Población","Población total","Mujeres","Mujeres",NA,"1002000003","Población total mujeres","Personas","19024","General Zaragoza","2005",2005,NA,2005-01-01,2746
"Población","Población total","Mujeres","Mujeres",NA,"1002000003","Población total mujeres","Personas","19024","General Zaragoza","2010",2010,NA,2010-01-01,2890
"Población","Población total","Mujeres","Mujeres",NA,"1002000003","Población total mujeres","Personas","19024","General Zaragoza","2020",2020,NA,2020-01-01,3058
"Población","Población total","Mujeres","Mujeres",NA,"1002000003","Población total mujeres","Personas","19024","General Zaragoza","2025",2025,NA,2025-01-01,3021
"Población","Población total","Mujeres","Mujeres",NA,"1002000003","Población total mujeres","Personas","19036","Mier y Noriega","1995",1995,NA,1995-01-01,3773
"Población","Población total","Mujeres","Mujeres",NA,"1002000003","Población total mujeres","Personas","19036","Mier y Noriega","2000",2000,NA,2000-01-01,3522
"Población","Población total","Mujeres","Mujeres",NA,"1002000003","Población total mujeres","Personas","19036","Mier y Noriega","2005",2005,NA,2005-01-01,3482
"Población","Población total","Mujeres","Mujeres",NA,"1002000003","Población total mujeres","Personas","19036","Mier y Noriega","2010",2010,NA,2010-01-01,3540
"Población","Población total","Mujeres","Mujeres",NA,"1002000003","Población total mujeres","Personas","19036","Mier y Noriega","2020",2020,NA,2020-01-01,3857
"Población","Población total","Mujeres","Mujeres",NA,"1002000003","Población total mujeres","Personas","19036","Mier y Noriega","2025",2025,NA,2025-01-01,3690
"Población","Grupos de edad","Total","Total","0 a 4","1002000058","Población de 0 a 4 años","Personas","00","Nacional","1990",1990,NA,1990-01-01,10195178
"Población","Grupos de edad","Total","Total","0 a 4","1002000058","Población de 0 a 4 años","Personas","00","Nacional","1995",1995,NA,1995-01-01,10724100
"Población","Grupos de edad","Total","Total","0 a 4","1002000058","Población de 0 a 4 años","Personas","00","Nacional","2000",2000,NA,2000-01-01,10635157
"Población","Grupos de edad","Total","Total","0 a 4","1002000058","Población de 0 a 4 años","Personas","00","Nacional","2005",2005,NA,2005-01-01,10186243
"Población","Grupos de edad","Total","Total","0 a 4","1002000058","Población de 0 a 4 años","Personas","00","Nacional","2010",2010,NA,2010-01-01,10528322
"Población","Grupos de edad","Total","Total","0 a 4","1002000058","Población de 0 a 4 años","Personas","00","Nacional","2020",2020,NA,2020-01-01,10047365
"Población","Grupos de edad","Total","Total","0 a 4","1002000058","Población de 0 a 4 años","Personas","19","Nuevo León","1990",1990,NA,1990-01-01,331519
"Población","Grupos de edad","Total","Total","0 a 4","1002000058","Población de 0 a 4 años","Personas","19","Nuevo León","1995",1995,NA,1995-01-01,372590
"Población","Grupos de edad","Total","Total","0 a 4","1002000058","Población de 0 a 4 años","Personas","19","Nuevo León","2000",2000,NA,2000-01-01,396563
"Población","Grupos de edad","Total","Total","0 a 4","1002000058","Población de 0 a 4 años","Personas","19","Nuevo León","2005",2005,NA,2005-01-01,396832
"Población","Grupos de edad","Total","Total","0 a 4","1002000058","Población de 0 a 4 años","Personas","19","Nuevo León","2010",2010,NA,2010-01-01,413360
"Población","Grupos de edad","Total","Total","0 a 4","1002000058","Población de 0 a 4 años","Personas","19","Nuevo León","2020",2020,NA,2020-01-01,454909
"Población","Grupos de edad","Total","Total","0 a 4","1002000058","Población de 0 a 4 años","Personas","19007","Aramberri","2020",2020,NA,2020-01-01,1047
"Población","Grupos de edad","Total","Total","0 a 4","1002000058","Población de 0 a 4 años","Personas","19014","Doctor Arroyo","2020",2020,NA,2020-01-01,3403
"Población","Grupos de edad","Total","Total","0 a 4","1002000058","Población de 0 a 4 años","Personas","19024","General Zaragoza","2020",2020,NA,2020-01-01,564
"Población","Grupos de edad","Total","Total","0 a 4","1002000058","Población de 0 a 4 años","Personas","19036","Mier y Noriega","2020",2020,NA,2020-01-01,845
"Población","Grupos de edad","Hombres","Hombres","0 a 4","1002000059","Población de 0 a 4 años. Hombres","Personas","00","Nacional","1990",1990,NA,1990-01-01,5160002
"Población","Grupos de edad","Hombres","Hombres","0 a 4","1002000059","Población de 0 a 4 años. Hombres","Personas","00","Nacional","1995",1995,NA,1995-01-01,5449356
"Población","Grupos de edad","Hombres","Hombres","0 a 4","1002000059","Población de 0 a 4 años. Hombres","Personas","00","Nacional","2000",2000,NA,2000-01-01,5401306
"Población","Grupos de edad","Hombres","Hombres","0 a 4","1002000059","Población de 0 a 4 años. Hombres","Personas","00","Nacional","2005",2005,NA,2005-01-01,5175913
"Población","Grupos de edad","Hombres","Hombres","0 a 4","1002000059","Población de 0 a 4 años. Hombres","Personas","00","Nacional","2010",2010,NA,2010-01-01,5346943
"Población","Grupos de edad","Hombres","Hombres","0 a 4","1002000059","Población de 0 a 4 años. Hombres","Personas","00","Nacional","2020",2020,NA,2020-01-01,5077482
"Población","Grupos de edad","Hombres","Hombres","0 a 4","1002000059","Población de 0 a 4 años. Hombres","Personas","19","Nuevo León","1990",1990,NA,1990-01-01,168597
"Población","Grupos de edad","Hombres","Hombres","0 a 4","1002000059","Población de 0 a 4 años. Hombres","Personas","19","Nuevo León","1995",1995,NA,1995-01-01,190224
"Población","Grupos de edad","Hombres","Hombres","0 a 4","1002000059","Población de 0 a 4 años. Hombres","Personas","19","Nuevo León","2000",2000,NA,2000-01-01,201948
"Población","Grupos de edad","Hombres","Hombres","0 a 4","1002000059","Población de 0 a 4 años. Hombres","Personas","19","Nuevo León","2005",2005,NA,2005-01-01,202457
"Población","Grupos de edad","Hombres","Hombres","0 a 4","1002000059","Población de 0 a 4 años. Hombres","Personas","19","Nuevo León","2010",2010,NA,2010-01-01,210075
"Población","Grupos de edad","Hombres","Hombres","0 a 4","1002000059","Población de 0 a 4 años. Hombres","Personas","19","Nuevo León","2020",2020,NA,2020-01-01,229807
"Población","Grupos de edad","Hombres","Hombres","0 a 4","1002000059","Población de 0 a 4 años. Hombres","Personas","19007","Aramberri","2020",2020,NA,2020-01-01,517
"Población","Grupos de edad","Hombres","Hombres","0 a 4","1002000059","Población de 0 a 4 años. Hombres","Personas","19014","Doctor Arroyo","2020",2020,NA,2020-01-01,1701
"Población","Grupos de edad","Hombres","Hombres","0 a 4","1002000059","Población de 0 a 4 años. Hombres","Personas","19024","General Zaragoza","2020",2020,NA,2020-01-01,287
"Población","Grupos de edad","Hombres","Hombres","0 a 4","1002000059","Población de 0 a 4 años. Hombres","Personas","19036","Mier y Noriega","2020",2020,NA,2020-01-01,412
"Población","Grupos de edad","Mujeres","Mujeres","0 a 4","1002000060","Población de 0 a 4 años. Mujeres","Personas","00","Nacional","1990",1990,NA,1990-01-01,5035176
"Población","Grupos de edad","Mujeres","Mujeres","0 a 4","1002000060","Población de 0 a 4 años. Mujeres","Personas","00","Nacional","1995",1995,NA,1995-01-01,5274744
"Población","Grupos de edad","Mujeres","Mujeres","0 a 4","1002000060","Población de 0 a 4 años. Mujeres","Personas","00","Nacional","2000",2000,NA,2000-01-01,5233851
"Población","Grupos de edad","Mujeres","Mujeres","0 a 4","1002000060","Población de 0 a 4 años. Mujeres","Personas","00","Nacional","2005",2005,NA,2005-01-01,5010330
"Población","Grupos de edad","Mujeres","Mujeres","0 a 4","1002000060","Población de 0 a 4 años. Mujeres","Personas","00","Nacional","2010",2010,NA,2010-01-01,5181379
"Población","Grupos de edad","Mujeres","Mujeres","0 a 4","1002000060","Población de 0 a 4 años. Mujeres","Personas","00","Nacional","2020",2020,NA,2020-01-01,4969883
"Población","Grupos de edad","Mujeres","Mujeres","0 a 4","1002000060","Población de 0 a 4 años. Mujeres","Personas","19","Nuevo León","1990",1990,NA,1990-01-01,162922
"Población","Grupos de edad","Mujeres","Mujeres","0 a 4","1002000060","Población de 0 a 4 años. Mujeres","Personas","19","Nuevo León","1995",1995,NA,1995-01-01,182366
"Población","Grupos de edad","Mujeres","Mujeres","0 a 4","1002000060","Población de 0 a 4 años. Mujeres","Personas","19","Nuevo León","2000",2000,NA,2000-01-01,194615
"Población","Grupos de edad","Mujeres","Mujeres","0 a 4","1002000060","Población de 0 a 4 años. Mujeres","Personas","19","Nuevo León","2005",2005,NA,2005-01-01,194375
"Población","Grupos de edad","Mujeres","Mujeres","0 a 4","1002000060","Población de 0 a 4 años. Mujeres","Personas","19","Nuevo León","2010",2010,NA,2010-01-01,203285
"Población","Grupos de edad","Mujeres","Mujeres","0 a 4","1002000060","Población de 0 a 4 años. Mujeres","Personas","19","Nuevo León","2020",2020,NA,2020-01-01,225102
"Población","Grupos de edad","Mujeres","Mujeres","0 a 4","1002000060","Población de 0 a 4 años. Mujeres","Personas","19007","Aramberri","2020",2020,NA,2020-01-01,530
"Población","Grupos de edad","Mujeres","Mujeres","0 a 4","1002000060","Población de 0 a 4 años. Mujeres","Personas","19014","Doctor Arroyo","2020",2020,NA,2020-01-01,1702
"Población","Grupos de edad","Mujeres","Mujeres","0 a 4","1002000060","Población de 0 a 4 años. Mujeres","Personas","19024","General Zaragoza","2020",2020,NA,2020-01-01,277
"Población","Grupos de edad","Mujeres","Mujeres","0 a 4","1002000060","Población de 0 a 4 años. Mujeres","Personas","19036","Mier y Noriega","2020",2020,NA,2020-01-01,433
"Población","Grupos de edad","Total","Total","10 a 14","1002000061","Población de 10 a 14 años","Personas","00","Nacional","1990",1990,NA,1990-01-01,10389092
"Población","Grupos de edad","Total","Total","10 a 14","1002000061","Población de 10 a 14 años","Personas","00","Nacional","1995",1995,NA,1995-01-01,10670048
"Población","Grupos de edad","Total","Total","10 a 14","1002000061","Población de 10 a 14 años","Personas","00","Nacional","2000",2000,NA,2000-01-01,10736493
"Población","Grupos de edad","Total","Total","10 a 14","1002000061","Población de 10 a 14 años","Personas","00","Nacional","2005",2005,NA,2005-01-01,10952123
"Población","Grupos de edad","Total","Total","10 a 14","1002000061","Población de 10 a 14 años","Personas","00","Nacional","2010",2010,NA,2010-01-01,10939937
"Población","Grupos de edad","Total","Total","10 a 14","1002000061","Población de 10 a 14 años","Personas","00","Nacional","2020",2020,NA,2020-01-01,10943540
"Población","Grupos de edad","Total","Total","10 a 14","1002000061","Población de 10 a 14 años","Personas","19","Nuevo León","1990",1990,NA,1990-01-01,369459
"Población","Grupos de edad","Total","Total","10 a 14","1002000061","Población de 10 a 14 años","Personas","19","Nuevo León","1995",1995,NA,1995-01-01,360951
"Población","Grupos de edad","Total","Total","10 a 14","1002000061","Población de 10 a 14 años","Personas","19","Nuevo León","2000",2000,NA,2000-01-01,355194
"Población","Grupos de edad","Total","Total","10 a 14","1002000061","Población de 10 a 14 años","Personas","19","Nuevo León","2005",2005,NA,2005-01-01,381498
"Población","Grupos de edad","Total","Total","10 a 14","1002000061","Población de 10 a 14 años","Personas","19","Nuevo León","2010",2010,NA,2010-01-01,415368
"Población","Grupos de edad","Total","Total","10 a 14","1002000061","Población de 10 a 14 años","Personas","19","Nuevo León","2020",2020,NA,2020-01-01,462720
"Población","Grupos de edad","Total","Total","10 a 14","1002000061","Población de 10 a 14 años","Personas","19007","Aramberri","2020",2020,NA,2020-01-01,1526
"Población","Grupos de edad","Total","Total","10 a 14","1002000061","Población de 10 a 14 años","Personas","19014","Doctor Arroyo","2020",2020,NA,2020-01-01,3781
"Población","Grupos de edad","Total","Total","10 a 14","1002000061","Población de 10 a 14 años","Personas","19024","General Zaragoza","2020",2020,NA,2020-01-01,655
"Población","Grupos de edad","Total","Total","10 a 14","1002000061","Población de 10 a 14 años","Personas","19036","Mier y Noriega","2020",2020,NA,2020-01-01,877
"Población","Grupos de edad","Hombres","Hombres","10 a 14","1002000062","Población de 10 a 14 años. Hombres","Personas","00","Nacional","1990",1990,NA,1990-01-01,5230658
"Población","Grupos de edad","Hombres","Hombres","10 a 14","1002000062","Población de 10 a 14 años. Hombres","Personas","00","Nacional","1995",1995,NA,1995-01-01,5404261
"Población","Grupos de edad","Hombres","Hombres","10 a 14","1002000062","Población de 10 a 14 años. Hombres","Personas","00","Nacional","2000",2000,NA,2000-01-01,5435737
"Población","Grupos de edad","Hombres","Hombres","10 a 14","1002000062","Población de 10 a 14 años. Hombres","Personas","00","Nacional","2005",2005,NA,2005-01-01,5545910
"Población","Grupos de edad","Hombres","Hombres","10 a 14","1002000062","Población de 10 a 14 años. Hombres","Personas","00","Nacional","2010",2010,NA,2010-01-01,5547613
"Población","Grupos de edad","Hombres","Hombres","10 a 14","1002000062","Población de 10 a 14 años. Hombres","Personas","00","Nacional","2020",2020,NA,2020-01-01,5554260
"Población","Grupos de edad","Hombres","Hombres","10 a 14","1002000062","Población de 10 a 14 años. Hombres","Personas","19","Nuevo León","1990",1990,NA,1990-01-01,186328
"Población","Grupos de edad","Hombres","Hombres","10 a 14","1002000062","Población de 10 a 14 años. Hombres","Personas","19","Nuevo León","1995",1995,NA,1995-01-01,183492
"Población","Grupos de edad","Hombres","Hombres","10 a 14","1002000062","Población de 10 a 14 años. Hombres","Personas","19","Nuevo León","2000",2000,NA,2000-01-01,180250
"Población","Grupos de edad","Hombres","Hombres","10 a 14","1002000062","Población de 10 a 14 años. Hombres","Personas","19","Nuevo León","2005",2005,NA,2005-01-01,193885
"Población","Grupos de edad","Hombres","Hombres","10 a 14","1002000062","Población de 10 a 14 años. Hombres","Personas","19","Nuevo León","2010",2010,NA,2010-01-01,211365
"Población","Grupos de edad","Hombres","Hombres","10 a 14","1002000062","Población de 10 a 14 años. Hombres","Personas","19","Nuevo León","2020",2020,NA,2020-01-01,235404
"Población","Grupos de edad","Hombres","Hombres","10 a 14","1002000062","Población de 10 a 14 años. Hombres","Personas","19007","Aramberri","2020",2020,NA,2020-01-01,767
"Población","Grupos de edad","Hombres","Hombres","10 a 14","1002000062","Población de 10 a 14 años. Hombres","Personas","19014","Doctor Arroyo","2020",2020,NA,2020-01-01,1918
"Población","Grupos de edad","Hombres","Hombres","10 a 14","1002000062","Población de 10 a 14 años. Hombres","Personas","19024","General Zaragoza","2020",2020,NA,2020-01-01,334
"Población","Grupos de edad","Hombres","Hombres","10 a 14","1002000062","Población de 10 a 14 años. Hombres","Personas","19036","Mier y Noriega","2020",2020,NA,2020-01-01,444
"Población","Grupos de edad","Mujeres","Mujeres","10 a 14","1002000063","Población de 10 a 14 años. Mujeres","Personas","00","Nacional","1990",1990,NA,1990-01-01,5158434
"Población","Grupos de edad","Mujeres","Mujeres","10 a 14","1002000063","Población de 10 a 14 años. Mujeres","Personas","00","Nacional","1995",1995,NA,1995-01-01,5265787
"Población","Grupos de edad","Mujeres","Mujeres","10 a 14","1002000063","Población de 10 a 14 años. Mujeres","Personas","00","Nacional","2000",2000,NA,2000-01-01,5300756
"Población","Grupos de edad","Mujeres","Mujeres","10 a 14","1002000063","Población de 10 a 14 años. Mujeres","Personas","00","Nacional","2005",2005,NA,2005-01-01,5406213
"Población","Grupos de edad","Mujeres","Mujeres","10 a 14","1002000063","Población de 10 a 14 años. Mujeres","Personas","00","Nacional","2010",2010,NA,2010-01-01,5392324
"Población","Grupos de edad","Mujeres","Mujeres","10 a 14","1002000063","Población de 10 a 14 años. Mujeres","Personas","00","Nacional","2020",2020,NA,2020-01-01,5389280
"Población","Grupos de edad","Mujeres","Mujeres","10 a 14","1002000063","Población de 10 a 14 años. Mujeres","Personas","19","Nuevo León","1990",1990,NA,1990-01-01,183131
"Población","Grupos de edad","Mujeres","Mujeres","10 a 14","1002000063","Población de 10 a 14 años. Mujeres","Personas","19","Nuevo León","1995",1995,NA,1995-01-01,177459
"Población","Grupos de edad","Mujeres","Mujeres","10 a 14","1002000063","Población de 10 a 14 años. Mujeres","Personas","19","Nuevo León","2000",2000,NA,2000-01-01,174944
"Población","Grupos de edad","Mujeres","Mujeres","10 a 14","1002000063","Población de 10 a 14 años. Mujeres","Personas","19","Nuevo León","2005",2005,NA,2005-01-01,187613
"Población","Grupos de edad","Mujeres","Mujeres","10 a 14","1002000063","Población de 10 a 14 años. Mujeres","Personas","19","Nuevo León","2010",2010,NA,2010-01-01,204003
"Población","Grupos de edad","Mujeres","Mujeres","10 a 14","1002000063","Población de 10 a 14 años. Mujeres","Personas","19","Nuevo León","2020",2020,NA,2020-01-01,227316
"Población","Grupos de edad","Mujeres","Mujeres","10 a 14","1002000063","Población de 10 a 14 años. Mujeres","Personas","19007","Aramberri","2020",2020,NA,2020-01-01,759
"Población","Grupos de edad","Mujeres","Mujeres","10 a 14","1002000063","Población de 10 a 14 años. Mujeres","Personas","19014","Doctor Arroyo","2020",2020,NA,2020-01-01,1863
"Población","Grupos de edad","Mujeres","Mujeres","10 a 14","1002000063","Población de 10 a 14 años. Mujeres","Personas","19024","General Zaragoza","2020",2020,NA,2020-01-01,321
"Población","Grupos de edad","Mujeres","Mujeres","10 a 14","1002000063","Población de 10 a 14 años. Mujeres","Personas","19036","Mier y Noriega","2020",2020,NA,2020-01-01,433
"Población","Grupos de edad","Total","Total","100 y más","1002000064","Población de 100 años y más","Personas","00","Nacional","1990",1990,NA,1990-01-01,19167
"Población","Grupos de edad","Total","Total","100 y más","1002000064","Población de 100 años y más","Personas","00","Nacional","1995",1995,NA,1995-01-01,14046
"Población","Grupos de edad","Total","Total","100 y más","1002000064","Población de 100 años y más","Personas","00","Nacional","2000",2000,NA,2000-01-01,19757
"Población","Grupos de edad","Total","Total","100 y más","1002000064","Población de 100 años y más","Personas","00","Nacional","2005",2005,NA,2005-01-01,17649
"Población","Grupos de edad","Total","Total","100 y más","1002000064","Población de 100 años y más","Personas","00","Nacional","2010",2010,NA,2010-01-01,18475
"Población","Grupos de edad","Total","Total","100 y más","1002000064","Población de 100 años y más","Personas","00","Nacional","2020",2020,NA,2020-01-01,18295
"Población","Grupos de edad","Total","Total","100 y más","1002000064","Población de 100 años y más","Personas","19","Nuevo León","1990",1990,NA,1990-01-01,334
"Población","Grupos de edad","Total","Total","100 y más","1002000064","Población de 100 años y más","Personas","19","Nuevo León","1995",1995,NA,1995-01-01,267
"Población","Grupos de edad","Total","Total","100 y más","1002000064","Población de 100 años y más","Personas","19","Nuevo León","2000",2000,NA,2000-01-01,380
"Población","Grupos de edad","Total","Total","100 y más","1002000064","Población de 100 años y más","Personas","19","Nuevo León","2005",2005,NA,2005-01-01,376
"Población","Grupos de edad","Total","Total","100 y más","1002000064","Población de 100 años y más","Personas","19","Nuevo León","2010",2010,NA,2010-01-01,460
"Población","Grupos de edad","Total","Total","100 y más","1002000064","Población de 100 años y más","Personas","19","Nuevo León","2020",2020,NA,2020-01-01,420
"Población","Grupos de edad","Total","Total","100 y más","1002000064","Población de 100 años y más","Personas","19007","Aramberri","2020",2020,NA,2020-01-01,5
"Población","Grupos de edad","Total","Total","100 y más","1002000064","Población de 100 años y más","Personas","19014","Doctor Arroyo","2020",2020,NA,2020-01-01,12
"Población","Grupos de edad","Total","Total","100 y más","1002000064","Población de 100 años y más","Personas","19024","General Zaragoza","2020",2020,NA,2020-01-01,0
"Población","Grupos de edad","Total","Total","100 y más","1002000064","Población de 100 años y más","Personas","19036","Mier y Noriega","2020",2020,NA,2020-01-01,0
"Población","Grupos de edad","Hombres","Hombres","100 y más","1002000065","Población de 100 años y más. Hombres","Personas","00","Nacional","1990",1990,NA,1990-01-01,7092
"Población","Grupos de edad","Hombres","Hombres","100 y más","1002000065","Población de 100 años y más. Hombres","Personas","00","Nacional","1995",1995,NA,1995-01-01,5137
"Población","Grupos de edad","Hombres","Hombres","100 y más","1002000065","Población de 100 años y más. Hombres","Personas","00","Nacional","2000",2000,NA,2000-01-01,8029
"Población","Grupos de edad","Hombres","Hombres","100 y más","1002000065","Población de 100 años y más. Hombres","Personas","00","Nacional","2005",2005,NA,2005-01-01,6696
"Población","Grupos de edad","Hombres","Hombres","100 y más","1002000065","Población de 100 años y más. Hombres","Personas","00","Nacional","2010",2010,NA,2010-01-01,7228
"Población","Grupos de edad","Hombres","Hombres","100 y más","1002000065","Población de 100 años y más. Hombres","Personas","00","Nacional","2020",2020,NA,2020-01-01,6644
"Población","Grupos de edad","Hombres","Hombres","100 y más","1002000065","Población de 100 años y más. Hombres","Personas","19","Nuevo León","1990",1990,NA,1990-01-01,108
"Población","Grupos de edad","Hombres","Hombres","100 y más","1002000065","Población de 100 años y más. Hombres","Personas","19","Nuevo León","1995",1995,NA,1995-01-01,96
"Población","Grupos de edad","Hombres","Hombres","100 y más","1002000065","Población de 100 años y más. Hombres","Personas","19","Nuevo León","2000",2000,NA,2000-01-01,164
"Población","Grupos de edad","Hombres","Hombres","100 y más","1002000065","Población de 100 años y más. Hombres","Personas","19","Nuevo León","2005",2005,NA,2005-01-01,143
"Población","Grupos de edad","Hombres","Hombres","100 y más","1002000065","Población de 100 años y más. Hombres","Personas","19","Nuevo León","2010",2010,NA,2010-01-01,172
"Población","Grupos de edad","Hombres","Hombres","100 y más","1002000065","Población de 100 años y más. Hombres","Personas","19","Nuevo León","2020",2020,NA,2020-01-01,116
"Población","Grupos de edad","Hombres","Hombres","100 y más","1002000065","Población de 100 años y más. Hombres","Personas","19007","Aramberri","2020",2020,NA,2020-01-01,0
"Población","Grupos de edad","Hombres","Hombres","100 y más","1002000065","Población de 100 años y más. Hombres","Personas","19014","Doctor Arroyo","2020",2020,NA,2020-01-01,3
"Población","Grupos de edad","Hombres","Hombres","100 y más","1002000065","Población de 100 años y más. Hombres","Personas","19024","General Zaragoza","2020",2020,NA,2020-01-01,0
"Población","Grupos de edad","Hombres","Hombres","100 y más","1002000065","Población de 100 años y más. Hombres","Personas","19036","Mier y Noriega","2020",2020,NA,2020-01-01,0
"Población","Grupos de edad","Mujeres","Mujeres","100 y más","1002000066","Población de 100 años y más. Mujeres","Personas","00","Nacional","1990",1990,NA,1990-01-01,12075
"Población","Grupos de edad","Mujeres","Mujeres","100 y más","1002000066","Población de 100 años y más. Mujeres","Personas","00","Nacional","1995",1995,NA,1995-01-01,8909
"Población","Grupos de edad","Mujeres","Mujeres","100 y más","1002000066","Población de 100 años y más. Mujeres","Personas","00","Nacional","2000",2000,NA,2000-01-01,11728
"Población","Grupos de edad","Mujeres","Mujeres","100 y más","1002000066","Población de 100 años y más. Mujeres","Personas","00","Nacional","2005",2005,NA,2005-01-01,10953
"Población","Grupos de edad","Mujeres","Mujeres","100 y más","1002000066","Población de 100 años y más. Mujeres","Personas","00","Nacional","2010",2010,NA,2010-01-01,11247
"Población","Grupos de edad","Mujeres","Mujeres","100 y más","1002000066","Población de 100 años y más. Mujeres","Personas","00","Nacional","2020",2020,NA,2020-01-01,11651
"Población","Grupos de edad","Mujeres","Mujeres","100 y más","1002000066","Población de 100 años y más. Mujeres","Personas","19","Nuevo León","1990",1990,NA,1990-01-01,226
"Población","Grupos de edad","Mujeres","Mujeres","100 y más","1002000066","Población de 100 años y más. Mujeres","Personas","19","Nuevo León","1995",1995,NA,1995-01-01,171
"Población","Grupos de edad","Mujeres","Mujeres","100 y más","1002000066","Población de 100 años y más. Mujeres","Personas","19","Nuevo León","2000",2000,NA,2000-01-01,216
"Población","Grupos de edad","Mujeres","Mujeres","100 y más","1002000066","Población de 100 años y más. Mujeres","Personas","19","Nuevo León","2005",2005,NA,2005-01-01,233
"Población","Grupos de edad","Mujeres","Mujeres","100 y más","1002000066","Población de 100 años y más. Mujeres","Personas","19","Nuevo León","2010",2010,NA,2010-01-01,288
"Población","Grupos de edad","Mujeres","Mujeres","100 y más","1002000066","Población de 100 años y más. Mujeres","Personas","19","Nuevo León","2020",2020,NA,2020-01-01,304
"Población","Grupos de edad","Mujeres","Mujeres","100 y más","1002000066","Población de 100 años y más. Mujeres","Personas","19007","Aramberri","2020",2020,NA,2020-01-01,5
"Población","Grupos de edad","Mujeres","Mujeres","100 y más","1002000066","Población de 100 años y más. Mujeres","Personas","19014","Doctor Arroyo","2020",2020,NA,2020-01-01,9
"Población","Grupos de edad","Mujeres","Mujeres","100 y más","1002000066","Población de 100 años y más. Mujeres","Personas","19024","General Zaragoza","2020",2020,NA,2020-01-01,0
"Población","Grupos de edad","Mujeres","Mujeres","100 y más","1002000066","Población de 100 años y más. Mujeres","Personas","19036","Mier y Noriega","2020",2020,NA,2020-01-01,0
"Población","Grupos de edad","Total","Total","15 a 19","1002000067","Población de 15 a 19 años","Personas","00","Nacional","1990",1990,NA,1990-01-01,9664403
"Población","Grupos de edad","Total","Total","15 a 19","1002000067","Población de 15 a 19 años","Personas","00","Nacional","1995",1995,NA,1995-01-01,10142071
"Población","Grupos de edad","Total","Total","15 a 19","1002000067","Población de 15 a 19 años","Personas","00","Nacional","2000",2000,NA,2000-01-01,9992135
"Población","Grupos de edad","Total","Total","15 a 19","1002000067","Población de 15 a 19 años","Personas","00","Nacional","2005",2005,NA,2005-01-01,10109021
"Población","Grupos de edad","Total","Total","15 a 19","1002000067","Población de 15 a 19 años","Personas","00","Nacional","2010",2010,NA,2010-01-01,11026112
"Población","Grupos de edad","Total","Total","15 a 19","1002000067","Población de 15 a 19 años","Personas","00","Nacional","2020",2020,NA,2020-01-01,10806690
"Población","Grupos de edad","Total","Total","15 a 19","1002000067","Población de 15 a 19 años","Personas","19","Nuevo León","1990",1990,NA,1990-01-01,388480
"Población","Grupos de edad","Total","Total","15 a 19","1002000067","Población de 15 a 19 años","Personas","19","Nuevo León","1995",1995,NA,1995-01-01,390485
"Población","Grupos de edad","Total","Total","15 a 19","1002000067","Población de 15 a 19 años","Personas","19","Nuevo León","2000",2000,NA,2000-01-01,373807
"Población","Grupos de edad","Total","Total","15 a 19","1002000067","Población de 15 a 19 años","Personas","19","Nuevo León","2005",2005,NA,2005-01-01,372986
"Población","Grupos de edad","Total","Total","15 a 19","1002000067","Población de 15 a 19 años","Personas","19","Nuevo León","2010",2010,NA,2010-01-01,406428
"Población","Grupos de edad","Total","Total","15 a 19","1002000067","Población de 15 a 19 años","Personas","19","Nuevo León","2020",2020,NA,2020-01-01,471896
"Población","Grupos de edad","Total","Total","15 a 19","1002000067","Población de 15 a 19 años","Personas","19007","Aramberri","2020",2020,NA,2020-01-01,1314
"Población","Grupos de edad","Total","Total","15 a 19","1002000067","Población de 15 a 19 años","Personas","19014","Doctor Arroyo","2020",2020,NA,2020-01-01,3388
"Población","Grupos de edad","Total","Total","15 a 19","1002000067","Población de 15 a 19 años","Personas","19024","General Zaragoza","2020",2020,NA,2020-01-01,607
"Población","Grupos de edad","Total","Total","15 a 19","1002000067","Población de 15 a 19 años","Personas","19036","Mier y Noriega","2020",2020,NA,2020-01-01,712
"Población","Grupos de edad","Hombres","Hombres","15 a 19","1002000068","Población de 15 a 19 años. Hombres","Personas","00","Nacional","1990",1990,NA,1990-01-01,4759892
"Población","Grupos de edad","Hombres","Hombres","15 a 19","1002000068","Población de 15 a 19 años. Hombres","Personas","00","Nacional","1995",1995,NA,1995-01-01,5022243
"Población","Grupos de edad","Hombres","Hombres","15 a 19","1002000068","Población de 15 a 19 años. Hombres","Personas","00","Nacional","2000",2000,NA,2000-01-01,4909648
"Población","Grupos de edad","Hombres","Hombres","15 a 19","1002000068","Población de 15 a 19 años. Hombres","Personas","00","Nacional","2005",2005,NA,2005-01-01,4995906
"Población","Grupos de edad","Hombres","Hombres","15 a 19","1002000068","Población de 15 a 19 años. Hombres","Personas","00","Nacional","2010",2010,NA,2010-01-01,5520121
"Población","Grupos de edad","Hombres","Hombres","15 a 19","1002000068","Población de 15 a 19 años. Hombres","Personas","00","Nacional","2020",2020,NA,2020-01-01,5462150
"Población","Grupos de edad","Hombres","Hombres","15 a 19","1002000068","Población de 15 a 19 años. Hombres","Personas","19","Nuevo León","1990",1990,NA,1990-01-01,195037
"Población","Grupos de edad","Hombres","Hombres","15 a 19","1002000068","Población de 15 a 19 años. Hombres","Personas","19","Nuevo León","1995",1995,NA,1995-01-01,195644
"Población","Grupos de edad","Hombres","Hombres","15 a 19","1002000068","Población de 15 a 19 años. Hombres","Personas","19","Nuevo León","2000",2000,NA,2000-01-01,187079
"Población","Grupos de edad","Hombres","Hombres","15 a 19","1002000068","Población de 15 a 19 años. Hombres","Personas","19","Nuevo León","2005",2005,NA,2005-01-01,187600
"Población","Grupos de edad","Hombres","Hombres","15 a 19","1002000068","Población de 15 a 19 años. Hombres","Personas","19","Nuevo León","2010",2010,NA,2010-01-01,205518
"Población","Grupos de edad","Hombres","Hombres","15 a 19","1002000068","Población de 15 a 19 años. Hombres","Personas","19","Nuevo León","2020",2020,NA,2020-01-01,240241
"Población","Grupos de edad","Hombres","Hombres","15 a 19","1002000068","Población de 15 a 19 años. Hombres","Personas","19007","Aramberri","2020",2020,NA,2020-01-01,701
"Población","Grupos de edad","Hombres","Hombres","15 a 19","1002000068","Población de 15 a 19 años. Hombres","Personas","19014","Doctor Arroyo","2020",2020,NA,2020-01-01,1755
"Población","Grupos de edad","Hombres","Hombres","15 a 19","1002000068","Población de 15 a 19 años. Hombres","Personas","19024","General Zaragoza","2020",2020,NA,2020-01-01,322
"Población","Grupos de edad","Hombres","Hombres","15 a 19","1002000068","Población de 15 a 19 años. Hombres","Personas","19036","Mier y Noriega","2020",2020,NA,2020-01-01,361
"Población","Grupos de edad","Mujeres","Mujeres","15 a 19","1002000069","Población de 15 a 19 años. Mujeres","Personas","00","Nacional","1990",1990,NA,1990-01-01,4904511
"Población","Grupos de edad","Mujeres","Mujeres","15 a 19","1002000069","Población de 15 a 19 años. Mujeres","Personas","00","Nacional","1995",1995,NA,1995-01-01,5119828
"Población","Grupos de edad","Mujeres","Mujeres","15 a 19","1002000069","Población de 15 a 19 años. Mujeres","Personas","00","Nacional","2000",2000,NA,2000-01-01,5082487
"Población","Grupos de edad","Mujeres","Mujeres","15 a 19","1002000069","Población de 15 a 19 años. Mujeres","Personas","00","Nacional","2005",2005,NA,2005-01-01,5113115
"Población","Grupos de edad","Mujeres","Mujeres","15 a 19","1002000069","Población de 15 a 19 años. Mujeres","Personas","00","Nacional","2010",2010,NA,2010-01-01,5505991
"Población","Grupos de edad","Mujeres","Mujeres","15 a 19","1002000069","Población de 15 a 19 años. Mujeres","Personas","00","Nacional","2020",2020,NA,2020-01-01,5344540
"Población","Grupos de edad","Mujeres","Mujeres","15 a 19","1002000069","Población de 15 a 19 años. Mujeres","Personas","19","Nuevo León","1990",1990,NA,1990-01-01,193443
"Población","Grupos de edad","Mujeres","Mujeres","15 a 19","1002000069","Población de 15 a 19 años. Mujeres","Personas","19","Nuevo León","1995",1995,NA,1995-01-01,194841
"Población","Grupos de edad","Mujeres","Mujeres","15 a 19","1002000069","Población de 15 a 19 años. Mujeres","Personas","19","Nuevo León","2000",2000,NA,2000-01-01,186728
"Población","Grupos de edad","Mujeres","Mujeres","15 a 19","1002000069","Población de 15 a 19 años. Mujeres","Personas","19","Nuevo León","2005",2005,NA,2005-01-01,185386
"Población","Grupos de edad","Mujeres","Mujeres","15 a 19","1002000069","Población de 15 a 19 años. Mujeres","Personas","19","Nuevo León","2010",2010,NA,2010-01-01,200910
"Población","Grupos de edad","Mujeres","Mujeres","15 a 19","1002000069","Población de 15 a 19 años. Mujeres","Personas","19","Nuevo León","2020",2020,NA,2020-01-01,231655
"Población","Grupos de edad","Mujeres","Mujeres","15 a 19","1002000069","Población de 15 a 19 años. Mujeres","Personas","19007","Aramberri","2020",2020,NA,2020-01-01,613
"Población","Grupos de edad","Mujeres","Mujeres","15 a 19","1002000069","Población de 15 a 19 años. Mujeres","Personas","19014","Doctor Arroyo","2020",2020,NA,2020-01-01,1633
"Población","Grupos de edad","Mujeres","Mujeres","15 a 19","1002000069","Población de 15 a 19 años. Mujeres","Personas","19024","General Zaragoza","2020",2020,NA,2020-01-01,285
"Población","Grupos de edad","Mujeres","Mujeres","15 a 19","1002000069","Población de 15 a 19 años. Mujeres","Personas","19036","Mier y Noriega","2020",2020,NA,2020-01-01,351
"Población","Grupos de edad","Total","Total","20 a 24","1002000070","Población de 20 a 24 años","Personas","00","Nacional","1990",1990,NA,1990-01-01,7829163
"Población","Grupos de edad","Total","Total","20 a 24","1002000070","Población de 20 a 24 años","Personas","00","Nacional","1995",1995,NA,1995-01-01,9397424
"Población","Grupos de edad","Total","Total","20 a 24","1002000070","Población de 20 a 24 años","Personas","00","Nacional","2000",2000,NA,2000-01-01,9071134
"Población","Grupos de edad","Total","Total","20 a 24","1002000070","Población de 20 a 24 años","Personas","00","Nacional","2005",2005,NA,2005-01-01,8964629
"Población","Grupos de edad","Total","Total","20 a 24","1002000070","Población de 20 a 24 años","Personas","00","Nacional","2010",2010,NA,2010-01-01,9892271
"Población","Grupos de edad","Total","Total","20 a 24","1002000070","Población de 20 a 24 años","Personas","00","Nacional","2020",2020,NA,2020-01-01,10422095
"Población","Grupos de edad","Total","Total","20 a 24","1002000070","Población de 20 a 24 años","Personas","19","Nuevo León","1990",1990,NA,1990-01-01,337524
"Población","Grupos de edad","Total","Total","20 a 24","1002000070","Población de 20 a 24 años","Personas","19","Nuevo León","1995",1995,NA,1995-01-01,412575
"Población","Grupos de edad","Total","Total","20 a 24","1002000070","Población de 20 a 24 años","Personas","19","Nuevo León","2000",2000,NA,2000-01-01,391235
"Población","Grupos de edad","Total","Total","20 a 24","1002000070","Población de 20 a 24 años","Personas","19","Nuevo León","2005",2005,NA,2005-01-01,381072
"Población","Grupos de edad","Total","Total","20 a 24","1002000070","Población de 20 a 24 años","Personas","19","Nuevo León","2010",2010,NA,2010-01-01,401723
"Población","Grupos de edad","Total","Total","20 a 24","1002000070","Población de 20 a 24 años","Personas","19","Nuevo León","2020",2020,NA,2020-01-01,503826
"Población","Grupos de edad","Total","Total","20 a 24","1002000070","Población de 20 a 24 años","Personas","19007","Aramberri","2020",2020,NA,2020-01-01,941
"Población","Grupos de edad","Total","Total","20 a 24","1002000070","Población de 20 a 24 años","Personas","19014","Doctor Arroyo","2020",2020,NA,2020-01-01,2362
"Población","Grupos de edad","Total","Total","20 a 24","1002000070","Población de 20 a 24 años","Personas","19024","General Zaragoza","2020",2020,NA,2020-01-01,445
"Población","Grupos de edad","Total","Total","20 a 24","1002000070","Población de 20 a 24 años","Personas","19036","Mier y Noriega","2020",2020,NA,2020-01-01,513
"Población","Grupos de edad","Hombres","Hombres","20 a 24","1002000071","Población de 20 a 24 años. Hombres","Personas","00","Nacional","1990",1990,NA,1990-01-01,3738128
"Población","Grupos de edad","Hombres","Hombres","20 a 24","1002000071","Población de 20 a 24 años. Hombres","Personas","00","Nacional","1995",1995,NA,1995-01-01,4538686
"Población","Grupos de edad","Hombres","Hombres","20 a 24","1002000071","Población de 20 a 24 años. Hombres","Personas","00","Nacional","2000",2000,NA,2000-01-01,4303600
"Población","Grupos de edad","Hombres","Hombres","20 a 24","1002000071","Población de 20 a 24 años. Hombres","Personas","00","Nacional","2005",2005,NA,2005-01-01,4253440
"Población","Grupos de edad","Hombres","Hombres","20 a 24","1002000071","Población de 20 a 24 años. Hombres","Personas","00","Nacional","2010",2010,NA,2010-01-01,4813204
"Población","Grupos de edad","Hombres","Hombres","20 a 24","1002000071","Población de 20 a 24 años. Hombres","Personas","00","Nacional","2020",2020,NA,2020-01-01,5165884
"Población","Grupos de edad","Hombres","Hombres","20 a 24","1002000071","Población de 20 a 24 años. Hombres","Personas","19","Nuevo León","1990",1990,NA,1990-01-01,168514
"Población","Grupos de edad","Hombres","Hombres","20 a 24","1002000071","Población de 20 a 24 años. Hombres","Personas","19","Nuevo León","1995",1995,NA,1995-01-01,207929
"Población","Grupos de edad","Hombres","Hombres","20 a 24","1002000071","Población de 20 a 24 años. Hombres","Personas","19","Nuevo León","2000",2000,NA,2000-01-01,195585
"Población","Grupos de edad","Hombres","Hombres","20 a 24","1002000071","Población de 20 a 24 años. Hombres","Personas","19","Nuevo León","2005",2005,NA,2005-01-01,191558
"Población","Grupos de edad","Hombres","Hombres","20 a 24","1002000071","Población de 20 a 24 años. Hombres","Personas","19","Nuevo León","2010",2010,NA,2010-01-01,202766
"Población","Grupos de edad","Hombres","Hombres","20 a 24","1002000071","Población de 20 a 24 años. Hombres","Personas","19","Nuevo León","2020",2020,NA,2020-01-01,255533
"Población","Grupos de edad","Hombres","Hombres","20 a 24","1002000071","Población de 20 a 24 años. Hombres","Personas","19007","Aramberri","2020",2020,NA,2020-01-01,482
"Población","Grupos de edad","Hombres","Hombres","20 a 24","1002000071","Población de 20 a 24 años. Hombres","Personas","19014","Doctor Arroyo","2020",2020,NA,2020-01-01,1149
"Población","Grupos de edad","Hombres","Hombres","20 a 24","1002000071","Población de 20 a 24 años. Hombres","Personas","19024","General Zaragoza","2020",2020,NA,2020-01-01,231
"Población","Grupos de edad","Hombres","Hombres","20 a 24","1002000071","Población de 20 a 24 años. Hombres","Personas","19036","Mier y Noriega","2020",2020,NA,2020-01-01,234
"Población","Grupos de edad","Mujeres","Mujeres","20 a 24","1002000072","Población de 20 a 24 años. Mujeres","Personas","00","Nacional","1990",1990,NA,1990-01-01,4091035
"Población","Grupos de edad","Mujeres","Mujeres","20 a 24","1002000072","Población de 20 a 24 años. Mujeres","Personas","00","Nacional","1995",1995,NA,1995-01-01,4858738
"Población","Grupos de edad","Mujeres","Mujeres","20 a 24","1002000072","Población de 20 a 24 años. Mujeres","Personas","00","Nacional","2000",2000,NA,2000-01-01,4767534
"Población","Grupos de edad","Mujeres","Mujeres","20 a 24","1002000072","Población de 20 a 24 años. Mujeres","Personas","00","Nacional","2005",2005,NA,2005-01-01,4711189
"Población","Grupos de edad","Mujeres","Mujeres","20 a 24","1002000072","Población de 20 a 24 años. Mujeres","Personas","00","Nacional","2010",2010,NA,2010-01-01,5079067
"Población","Grupos de edad","Mujeres","Mujeres","20 a 24","1002000072","Población de 20 a 24 años. Mujeres","Personas","00","Nacional","2020",2020,NA,2020-01-01,5256211
"Población","Grupos de edad","Mujeres","Mujeres","20 a 24","1002000072","Población de 20 a 24 años. Mujeres","Personas","19","Nuevo León","1990",1990,NA,1990-01-01,169010
"Población","Grupos de edad","Mujeres","Mujeres","20 a 24","1002000072","Población de 20 a 24 años. Mujeres","Personas","19","Nuevo León","1995",1995,NA,1995-01-01,204646
"Población","Grupos de edad","Mujeres","Mujeres","20 a 24","1002000072","Población de 20 a 24 años. Mujeres","Personas","19","Nuevo León","2000",2000,NA,2000-01-01,195650
"Población","Grupos de edad","Mujeres","Mujeres","20 a 24","1002000072","Población de 20 a 24 años. Mujeres","Personas","19","Nuevo León","2005",2005,NA,2005-01-01,189514
"Población","Grupos de edad","Mujeres","Mujeres","20 a 24","1002000072","Población de 20 a 24 años. Mujeres","Personas","19","Nuevo León","2010",2010,NA,2010-01-01,198957
"Población","Grupos de edad","Mujeres","Mujeres","20 a 24","1002000072","Población de 20 a 24 años. Mujeres","Personas","19","Nuevo León","2020",2020,NA,2020-01-01,248293
"Población","Grupos de edad","Mujeres","Mujeres","20 a 24","1002000072","Población de 20 a 24 años. Mujeres","Personas","19007","Aramberri","2020",2020,NA,2020-01-01,459
"Población","Grupos de edad","Mujeres","Mujeres","20 a 24","1002000072","Población de 20 a 24 años. Mujeres","Personas","19014","Doctor Arroyo","2020",2020,NA,2020-01-01,1213
"Población","Grupos de edad","Mujeres","Mujeres","20 a 24","1002000072","Población de 20 a 24 años. Mujeres","Personas","19024","General Zaragoza","2020",2020,NA,2020-01-01,214
"Población","Grupos de edad","Mujeres","Mujeres","20 a 24","1002000072","Población de 20 a 24 años. Mujeres","Personas","19036","Mier y Noriega","2020",2020,NA,2020-01-01,279
"Población","Grupos de edad","Total","Total","25 a 29","1002000073","Población de 25 a 29 años","Personas","00","Nacional","1990",1990,NA,1990-01-01,6404512
"Población","Grupos de edad","Total","Total","25 a 29","1002000073","Población de 25 a 29 años","Personas","00","Nacional","1995",1995,NA,1995-01-01,7613090
"Población","Grupos de edad","Total","Total","25 a 29","1002000073","Población de 25 a 29 años","Personas","00","Nacional","2000",2000,NA,2000-01-01,8157743
"Población","Grupos de edad","Total","Total","25 a 29","1002000073","Población de 25 a 29 años","Personas","00","Nacional","2005",2005,NA,2005-01-01,8103358
"Población","Grupos de edad","Total","Total","25 a 29","1002000073","Población de 25 a 29 años","Personas","00","Nacional","2010",2010,NA,2010-01-01,8788177
"Población","Grupos de edad","Total","Total","25 a 29","1002000073","Población de 25 a 29 años","Personas","00","Nacional","2020",2020,NA,2020-01-01,9993001
"Población","Grupos de edad","Total","Total","25 a 29","1002000073","Población de 25 a 29 años","Personas","19","Nuevo León","1990",1990,NA,1990-01-01,267335
"Población","Grupos de edad","Total","Total","25 a 29","1002000073","Población de 25 a 29 años","Personas","19","Nuevo León","1995",1995,NA,1995-01-01,336502
"Población","Grupos de edad","Total","Total","25 a 29","1002000073","Población de 25 a 29 años","Personas","19","Nuevo León","2000",2000,NA,2000-01-01,369135
"Población","Grupos de edad","Total","Total","25 a 29","1002000073","Población de 25 a 29 años","Personas","19","Nuevo León","2005",2005,NA,2005-01-01,364392
"Población","Grupos de edad","Total","Total","25 a 29","1002000073","Población de 25 a 29 años","Personas","19","Nuevo León","2010",2010,NA,2010-01-01,384086
"Población","Grupos de edad","Total","Total","25 a 29","1002000073","Población de 25 a 29 años","Personas","19","Nuevo León","2020",2020,NA,2020-01-01,488349
"Población","Grupos de edad","Total","Total","25 a 29","1002000073","Población de 25 a 29 años","Personas","19007","Aramberri","2020",2020,NA,2020-01-01,839
"Población","Grupos de edad","Total","Total","25 a 29","1002000073","Población de 25 a 29 años","Personas","19014","Doctor Arroyo","2020",2020,NA,2020-01-01,2157
"Población","Grupos de edad","Total","Total","25 a 29","1002000073","Población de 25 a 29 años","Personas","19024","General Zaragoza","2020",2020,NA,2020-01-01,396
"Población","Grupos de edad","Total","Total","25 a 29","1002000073","Población de 25 a 29 años","Personas","19036","Mier y Noriega","2020",2020,NA,2020-01-01,489
"Población","Grupos de edad","Hombres","Hombres","25 a 29","1002000074","Población de 25 a 29 años. Hombres","Personas","00","Nacional","1990",1990,NA,1990-01-01,3050595
"Población","Grupos de edad","Hombres","Hombres","25 a 29","1002000074","Población de 25 a 29 años. Hombres","Personas","00","Nacional","1995",1995,NA,1995-01-01,3652995
"Población","Grupos de edad","Hombres","Hombres","25 a 29","1002000074","Población de 25 a 29 años. Hombres","Personas","00","Nacional","2000",2000,NA,2000-01-01,3861482
"Población","Grupos de edad","Hombres","Hombres","25 a 29","1002000074","Población de 25 a 29 años. Hombres","Personas","00","Nacional","2005",2005,NA,2005-01-01,3805724
"Población","Grupos de edad","Hombres","Hombres","25 a 29","1002000074","Población de 25 a 29 años. Hombres","Personas","00","Nacional","2010",2010,NA,2010-01-01,4205975
"Población","Grupos de edad","Hombres","Hombres","25 a 29","1002000074","Población de 25 a 29 años. Hombres","Personas","00","Nacional","2020",2020,NA,2020-01-01,4861404
"Población","Grupos de edad","Hombres","Hombres","25 a 29","1002000074","Población de 25 a 29 años. Hombres","Personas","19","Nuevo León","1990",1990,NA,1990-01-01,131768
"Población","Grupos de edad","Hombres","Hombres","25 a 29","1002000074","Población de 25 a 29 años. Hombres","Personas","19","Nuevo León","1995",1995,NA,1995-01-01,166536
"Población","Grupos de edad","Hombres","Hombres","25 a 29","1002000074","Población de 25 a 29 años. Hombres","Personas","19","Nuevo León","2000",2000,NA,2000-01-01,183270
"Población","Grupos de edad","Hombres","Hombres","25 a 29","1002000074","Población de 25 a 29 años. Hombres","Personas","19","Nuevo León","2005",2005,NA,2005-01-01,181145
"Población","Grupos de edad","Hombres","Hombres","25 a 29","1002000074","Población de 25 a 29 años. Hombres","Personas","19","Nuevo León","2010",2010,NA,2010-01-01,192963
"Población","Grupos de edad","Hombres","Hombres","25 a 29","1002000074","Población de 25 a 29 años. Hombres","Personas","19","Nuevo León","2020",2020,NA,2020-01-01,248479
"Población","Grupos de edad","Hombres","Hombres","25 a 29","1002000074","Población de 25 a 29 años. Hombres","Personas","19007","Aramberri","2020",2020,NA,2020-01-01,414
"Población","Grupos de edad","Hombres","Hombres","25 a 29","1002000074","Población de 25 a 29 años. Hombres","Personas","19014","Doctor Arroyo","2020",2020,NA,2020-01-01,1028
"Población","Grupos de edad","Hombres","Hombres","25 a 29","1002000074","Población de 25 a 29 años. Hombres","Personas","19024","General Zaragoza","2020",2020,NA,2020-01-01,178
"Población","Grupos de edad","Hombres","Hombres","25 a 29","1002000074","Población de 25 a 29 años. Hombres","Personas","19036","Mier y Noriega","2020",2020,NA,2020-01-01,225
"Población","Grupos de edad","Mujeres","Mujeres","25 a 29","1002000075","Población de 25 a 29 años. Mujeres","Personas","00","Nacional","1990",1990,NA,1990-01-01,3353917
"Población","Grupos de edad","Mujeres","Mujeres","25 a 29","1002000075","Población de 25 a 29 años. Mujeres","Personas","00","Nacional","1995",1995,NA,1995-01-01,3960095
"Población","Grupos de edad","Mujeres","Mujeres","25 a 29","1002000075","Población de 25 a 29 años. Mujeres","Personas","00","Nacional","2000",2000,NA,2000-01-01,4296261
"Población","Grupos de edad","Mujeres","Mujeres","25 a 29","1002000075","Población de 25 a 29 años. Mujeres","Personas","00","Nacional","2005",2005,NA,2005-01-01,4297634
"Población","Grupos de edad","Mujeres","Mujeres","25 a 29","1002000075","Población de 25 a 29 años. Mujeres","Personas","00","Nacional","2010",2010,NA,2010-01-01,4582202
"Población","Grupos de edad","Mujeres","Mujeres","25 a 29","1002000075","Población de 25 a 29 años. Mujeres","Personas","00","Nacional","2020",2020,NA,2020-01-01,5131597
"Población","Grupos de edad","Mujeres","Mujeres","25 a 29","1002000075","Población de 25 a 29 años. Mujeres","Personas","19","Nuevo León","1990",1990,NA,1990-01-01,135567
"Población","Grupos de edad","Mujeres","Mujeres","25 a 29","1002000075","Población de 25 a 29 años. Mujeres","Personas","19","Nuevo León","1995",1995,NA,1995-01-01,169966
"Población","Grupos de edad","Mujeres","Mujeres","25 a 29","1002000075","Población de 25 a 29 años. Mujeres","Personas","19","Nuevo León","2000",2000,NA,2000-01-01,185865
"Población","Grupos de edad","Mujeres","Mujeres","25 a 29","1002000075","Población de 25 a 29 años. Mujeres","Personas","19","Nuevo León","2005",2005,NA,2005-01-01,183247
"Población","Grupos de edad","Mujeres","Mujeres","25 a 29","1002000075","Población de 25 a 29 años. Mujeres","Personas","19","Nuevo León","2010",2010,NA,2010-01-01,191123
"Población","Grupos de edad","Mujeres","Mujeres","25 a 29","1002000075","Población de 25 a 29 años. Mujeres","Personas","19","Nuevo León","2020",2020,NA,2020-01-01,239870
"Población","Grupos de edad","Mujeres","Mujeres","25 a 29","1002000075","Población de 25 a 29 años. Mujeres","Personas","19007","Aramberri","2020",2020,NA,2020-01-01,425
"Población","Grupos de edad","Mujeres","Mujeres","25 a 29","1002000075","Población de 25 a 29 años. Mujeres","Personas","19014","Doctor Arroyo","2020",2020,NA,2020-01-01,1129
"Población","Grupos de edad","Mujeres","Mujeres","25 a 29","1002000075","Población de 25 a 29 años. Mujeres","Personas","19024","General Zaragoza","2020",2020,NA,2020-01-01,218
"Población","Grupos de edad","Mujeres","Mujeres","25 a 29","1002000075","Población de 25 a 29 años. Mujeres","Personas","19036","Mier y Noriega","2020",2020,NA,2020-01-01,264
"Población","Grupos de edad","Total","Total","30 a 34","1002000076","Población de 30 a 34 años","Personas","00","Nacional","1990",1990,NA,1990-01-01,5387619
"Población","Grupos de edad","Total","Total","30 a 34","1002000076","Población de 30 a 34 años","Personas","00","Nacional","1995",1995,NA,1995-01-01,6564605
"Población","Grupos de edad","Total","Total","30 a 34","1002000076","Población de 30 a 34 años","Personas","00","Nacional","2000",2000,NA,2000-01-01,7136523
"Población","Grupos de edad","Total","Total","30 a 34","1002000076","Población de 30 a 34 años","Personas","00","Nacional","2005",2005,NA,2005-01-01,7933951
"Población","Grupos de edad","Total","Total","30 a 34","1002000076","Población de 30 a 34 años","Personas","00","Nacional","2010",2010,NA,2010-01-01,8470798
"Población","Grupos de edad","Total","Total","30 a 34","1002000076","Población de 30 a 34 años","Personas","00","Nacional","2020",2020,NA,2020-01-01,9420827
"Población","Grupos de edad","Total","Total","30 a 34","1002000076","Población de 30 a 34 años","Personas","19","Nuevo León","1990",1990,NA,1990-01-01,226879
"Población","Grupos de edad","Total","Total","30 a 34","1002000076","Población de 30 a 34 años","Personas","19","Nuevo León","1995",1995,NA,1995-01-01,283907
"Población","Grupos de edad","Total","Total","30 a 34","1002000076","Población de 30 a 34 años","Personas","19","Nuevo León","2000",2000,NA,2000-01-01,322572
"Población","Grupos de edad","Total","Total","30 a 34","1002000076","Población de 30 a 34 años","Personas","19","Nuevo León","2005",2005,NA,2005-01-01,368549
"Población","Grupos de edad","Total","Total","30 a 34","1002000076","Población de 30 a 34 años","Personas","19","Nuevo León","2010",2010,NA,2010-01-01,383736
"Población","Grupos de edad","Total","Total","30 a 34","1002000076","Población de 30 a 34 años","Personas","19","Nuevo León","2020",2020,NA,2020-01-01,448470
"Población","Grupos de edad","Total","Total","30 a 34","1002000076","Población de 30 a 34 años","Personas","19007","Aramberri","2020",2020,NA,2020-01-01,824
"Población","Grupos de edad","Total","Total","30 a 34","1002000076","Población de 30 a 34 años","Personas","19014","Doctor Arroyo","2020",2020,NA,2020-01-01,2095
"Población","Grupos de edad","Total","Total","30 a 34","1002000076","Población de 30 a 34 años","Personas","19024","General Zaragoza","2020",2020,NA,2020-01-01,385
"Población","Grupos de edad","Total","Total","30 a 34","1002000076","Población de 30 a 34 años","Personas","19036","Mier y Noriega","2020",2020,NA,2020-01-01,454
"Población","Grupos de edad","Hombres","Hombres","30 a 34","1002000077","Población de 30 a 34 años. Hombres","Personas","00","Nacional","1990",1990,NA,1990-01-01,2578736
"Población","Grupos de edad","Hombres","Hombres","30 a 34","1002000077","Población de 30 a 34 años. Hombres","Personas","00","Nacional","1995",1995,NA,1995-01-01,3152462
"Población","Grupos de edad","Hombres","Hombres","30 a 34","1002000077","Población de 30 a 34 años. Hombres","Personas","00","Nacional","2000",2000,NA,2000-01-01,3383356
"Población","Grupos de edad","Hombres","Hombres","30 a 34","1002000077","Población de 30 a 34 años. Hombres","Personas","00","Nacional","2005",2005,NA,2005-01-01,3745974
"Población","Grupos de edad","Hombres","Hombres","30 a 34","1002000077","Población de 30 a 34 años. Hombres","Personas","00","Nacional","2010",2010,NA,2010-01-01,4026031
"Población","Grupos de edad","Hombres","Hombres","30 a 34","1002000077","Población de 30 a 34 años. Hombres","Personas","00","Nacional","2020",2020,NA,2020-01-01,4527726
"Población","Grupos de edad","Hombres","Hombres","30 a 34","1002000077","Población de 30 a 34 años. Hombres","Personas","19","Nuevo León","1990",1990,NA,1990-01-01,110900
"Población","Grupos de edad","Hombres","Hombres","30 a 34","1002000077","Población de 30 a 34 años. Hombres","Personas","19","Nuevo León","1995",1995,NA,1995-01-01,140426
"Población","Grupos de edad","Hombres","Hombres","30 a 34","1002000077","Población de 30 a 34 años. Hombres","Personas","19","Nuevo León","2000",2000,NA,2000-01-01,158942
"Población","Grupos de edad","Hombres","Hombres","30 a 34","1002000077","Población de 30 a 34 años. Hombres","Personas","19","Nuevo León","2005",2005,NA,2005-01-01,183158
"Población","Grupos de edad","Hombres","Hombres","30 a 34","1002000077","Población de 30 a 34 años. Hombres","Personas","19","Nuevo León","2010",2010,NA,2010-01-01,191204
"Población","Grupos de edad","Hombres","Hombres","30 a 34","1002000077","Población de 30 a 34 años. Hombres","Personas","19","Nuevo León","2020",2020,NA,2020-01-01,227051
"Población","Grupos de edad","Hombres","Hombres","30 a 34","1002000077","Población de 30 a 34 años. Hombres","Personas","19007","Aramberri","2020",2020,NA,2020-01-01,398
"Población","Grupos de edad","Hombres","Hombres","30 a 34","1002000077","Población de 30 a 34 años. Hombres","Personas","19014","Doctor Arroyo","2020",2020,NA,2020-01-01,987
"Población","Grupos de edad","Hombres","Hombres","30 a 34","1002000077","Población de 30 a 34 años. Hombres","Personas","19024","General Zaragoza","2020",2020,NA,2020-01-01,187
"Población","Grupos de edad","Hombres","Hombres","30 a 34","1002000077","Población de 30 a 34 años. Hombres","Personas","19036","Mier y Noriega","2020",2020,NA,2020-01-01,203
"Población","Grupos de edad","Mujeres","Mujeres","30 a 34","1002000078","Población de 30 a 34 años. Mujeres","Personas","00","Nacional","1990",1990,NA,1990-01-01,2808883
"Población","Grupos de edad","Mujeres","Mujeres","30 a 34","1002000078","Población de 30 a 34 años. Mujeres","Personas","00","Nacional","1995",1995,NA,1995-01-01,3412143
"Población","Grupos de edad","Mujeres","Mujeres","30 a 34","1002000078","Población de 30 a 34 años. Mujeres","Personas","00","Nacional","2000",2000,NA,2000-01-01,3753167
"Población","Grupos de edad","Mujeres","Mujeres","30 a 34","1002000078","Población de 30 a 34 años. Mujeres","Personas","00","Nacional","2005",2005,NA,2005-01-01,4187977
"Población","Grupos de edad","Mujeres","Mujeres","30 a 34","1002000078","Población de 30 a 34 años. Mujeres","Personas","00","Nacional","2010",2010,NA,2010-01-01,4444767
"Población","Grupos de edad","Mujeres","Mujeres","30 a 34","1002000078","Población de 30 a 34 años. Mujeres","Personas","00","Nacional","2020",2020,NA,2020-01-01,4893101
"Población","Grupos de edad","Mujeres","Mujeres","30 a 34","1002000078","Población de 30 a 34 años. Mujeres","Personas","19","Nuevo León","1990",1990,NA,1990-01-01,115979
"Población","Grupos de edad","Mujeres","Mujeres","30 a 34","1002000078","Población de 30 a 34 años. Mujeres","Personas","19","Nuevo León","1995",1995,NA,1995-01-01,143481
"Población","Grupos de edad","Mujeres","Mujeres","30 a 34","1002000078","Población de 30 a 34 años. Mujeres","Personas","19","Nuevo León","2000",2000,NA,2000-01-01,163630
"Población","Grupos de edad","Mujeres","Mujeres","30 a 34","1002000078","Población de 30 a 34 años. Mujeres","Personas","19","Nuevo León","2005",2005,NA,2005-01-01,185391
"Población","Grupos de edad","Mujeres","Mujeres","30 a 34","1002000078","Población de 30 a 34 años. Mujeres","Personas","19","Nuevo León","2010",2010,NA,2010-01-01,192532
"Población","Grupos de edad","Mujeres","Mujeres","30 a 34","1002000078","Población de 30 a 34 años. Mujeres","Personas","19","Nuevo León","2020",2020,NA,2020-01-01,221419
"Población","Grupos de edad","Mujeres","Mujeres","30 a 34","1002000078","Población de 30 a 34 años. Mujeres","Personas","19007","Aramberri","2020",2020,NA,2020-01-01,426
"Población","Grupos de edad","Mujeres","Mujeres","30 a 34","1002000078","Población de 30 a 34 años. Mujeres","Personas","19014","Doctor Arroyo","2020",2020,NA,2020-01-01,1108
"Población","Grupos de edad","Mujeres","Mujeres","30 a 34","1002000078","Población de 30 a 34 años. Mujeres","Personas","19024","General Zaragoza","2020",2020,NA,2020-01-01,198
"Población","Grupos de edad","Mujeres","Mujeres","30 a 34","1002000078","Población de 30 a 34 años. Mujeres","Personas","19036","Mier y Noriega","2020",2020,NA,2020-01-01,251
"Población","Grupos de edad","Total","Total","35 a 39","1002000079","Población de 35 a 39 años","Personas","00","Nacional","1990",1990,NA,1990-01-01,4579116
"Población","Grupos de edad","Total","Total","35 a 39","1002000079","Población de 35 a 39 años","Personas","00","Nacional","1995",1995,NA,1995-01-01,5820178
"Población","Grupos de edad","Total","Total","35 a 39","1002000079","Población de 35 a 39 años","Personas","00","Nacional","2000",2000,NA,2000-01-01,6352538
"Población","Grupos de edad","Total","Total","35 a 39","1002000079","Población de 35 a 39 años","Personas","00","Nacional","2005",2005,NA,2005-01-01,7112526
"Población","Grupos de edad","Total","Total","35 a 39","1002000079","Población de 35 a 39 años","Personas","00","Nacional","2010",2010,NA,2010-01-01,8292987
"Población","Grupos de edad","Total","Total","35 a 39","1002000079","Población de 35 a 39 años","Personas","00","Nacional","2020",2020,NA,2020-01-01,9020276
"Población","Grupos de edad","Total","Total","35 a 39","1002000079","Población de 35 a 39 años","Personas","19","Nuevo León","1990",1990,NA,1990-01-01,180402
"Población","Grupos de edad","Total","Total","35 a 39","1002000079","Población de 35 a 39 años","Personas","19","Nuevo León","1995",1995,NA,1995-01-01,243192
"Población","Grupos de edad","Total","Total","35 a 39","1002000079","Población de 35 a 39 años","Personas","19","Nuevo León","2000",2000,NA,2000-01-01,272200
"Población","Grupos de edad","Total","Total","35 a 39","1002000079","Población de 35 a 39 años","Personas","19","Nuevo León","2005",2005,NA,2005-01-01,322812
"Población","Grupos de edad","Total","Total","35 a 39","1002000079","Población de 35 a 39 años","Personas","19","Nuevo León","2010",2010,NA,2010-01-01,383357
"Población","Grupos de edad","Total","Total","35 a 39","1002000079","Población de 35 a 39 años","Personas","19","Nuevo León","2020",2020,NA,2020-01-01,426619
"Población","Grupos de edad","Total","Total","35 a 39","1002000079","Población de 35 a 39 años","Personas","19007","Aramberri","2020",2020,NA,2020-01-01,888
"Población","Grupos de edad","Total","Total","35 a 39","1002000079","Población de 35 a 39 años","Personas","19014","Doctor Arroyo","2020",2020,NA,2020-01-01,2092
"Población","Grupos de edad","Total","Total","35 a 39","1002000079","Población de 35 a 39 años","Personas","19024","General Zaragoza","2020",2020,NA,2020-01-01,365
"Población","Grupos de edad","Total","Total","35 a 39","1002000079","Población de 35 a 39 años","Personas","19036","Mier y Noriega","2020",2020,NA,2020-01-01,419
"Población","Grupos de edad","Hombres","Hombres","35 a 39","1002000080","Población de 35 a 39 años. Hombres","Personas","00","Nacional","1990",1990,NA,1990-01-01,2210565
"Población","Grupos de edad","Hombres","Hombres","35 a 39","1002000080","Población de 35 a 39 años. Hombres","Personas","00","Nacional","1995",1995,NA,1995-01-01,2804296
"Población","Grupos de edad","Hombres","Hombres","35 a 39","1002000080","Población de 35 a 39 años. Hombres","Personas","00","Nacional","2000",2000,NA,2000-01-01,3023328
"Población","Grupos de edad","Hombres","Hombres","35 a 39","1002000080","Población de 35 a 39 años. Hombres","Personas","00","Nacional","2005",2005,NA,2005-01-01,3371372
"Población","Grupos de edad","Hombres","Hombres","35 a 39","1002000080","Población de 35 a 39 años. Hombres","Personas","00","Nacional","2010",2010,NA,2010-01-01,3964738
"Población","Grupos de edad","Hombres","Hombres","35 a 39","1002000080","Población de 35 a 39 años. Hombres","Personas","00","Nacional","2020",2020,NA,2020-01-01,4331530
"Población","Grupos de edad","Hombres","Hombres","35 a 39","1002000080","Población de 35 a 39 años. Hombres","Personas","19","Nuevo León","1990",1990,NA,1990-01-01,88772
"Población","Grupos de edad","Hombres","Hombres","35 a 39","1002000080","Población de 35 a 39 años. Hombres","Personas","19","Nuevo León","1995",1995,NA,1995-01-01,120187
"Población","Grupos de edad","Hombres","Hombres","35 a 39","1002000080","Población de 35 a 39 años. Hombres","Personas","19","Nuevo León","2000",2000,NA,2000-01-01,134659
"Población","Grupos de edad","Hombres","Hombres","35 a 39","1002000080","Población de 35 a 39 años. Hombres","Personas","19","Nuevo León","2005",2005,NA,2005-01-01,159879
"Población","Grupos de edad","Hombres","Hombres","35 a 39","1002000080","Población de 35 a 39 años. Hombres","Personas","19","Nuevo León","2010",2010,NA,2010-01-01,191768
"Población","Grupos de edad","Hombres","Hombres","35 a 39","1002000080","Población de 35 a 39 años. Hombres","Personas","19","Nuevo León","2020",2020,NA,2020-01-01,215999
"Población","Grupos de edad","Hombres","Hombres","35 a 39","1002000080","Población de 35 a 39 años. Hombres","Personas","19007","Aramberri","2020",2020,NA,2020-01-01,446
"Población","Grupos de edad","Hombres","Hombres","35 a 39","1002000080","Población de 35 a 39 años. Hombres","Personas","19014","Doctor Arroyo","2020",2020,NA,2020-01-01,995
"Población","Grupos de edad","Hombres","Hombres","35 a 39","1002000080","Población de 35 a 39 años. Hombres","Personas","19024","General Zaragoza","2020",2020,NA,2020-01-01,183
"Población","Grupos de edad","Hombres","Hombres","35 a 39","1002000080","Población de 35 a 39 años. Hombres","Personas","19036","Mier y Noriega","2020",2020,NA,2020-01-01,208
"Población","Grupos de edad","Mujeres","Mujeres","35 a 39","1002000081","Población de 35 a 39 años. Mujeres","Personas","00","Nacional","1990",1990,NA,1990-01-01,2368551
"Población","Grupos de edad","Mujeres","Mujeres","35 a 39","1002000081","Población de 35 a 39 años. Mujeres","Personas","00","Nacional","1995",1995,NA,1995-01-01,3015882
"Población","Grupos de edad","Mujeres","Mujeres","35 a 39","1002000081","Población de 35 a 39 años. Mujeres","Personas","00","Nacional","2000",2000,NA,2000-01-01,3329210
"Población","Grupos de edad","Mujeres","Mujeres","35 a 39","1002000081","Población de 35 a 39 años. Mujeres","Personas","00","Nacional","2005",2005,NA,2005-01-01,3741154
"Población","Grupos de edad","Mujeres","Mujeres","35 a 39","1002000081","Población de 35 a 39 años. Mujeres","Personas","00","Nacional","2010",2010,NA,2010-01-01,4328249
"Población","Grupos de edad","Mujeres","Mujeres","35 a 39","1002000081","Población de 35 a 39 años. Mujeres","Personas","00","Nacional","2020",2020,NA,2020-01-01,4688746
"Población","Grupos de edad","Mujeres","Mujeres","35 a 39","1002000081","Población de 35 a 39 años. Mujeres","Personas","19","Nuevo León","1990",1990,NA,1990-01-01,91630
"Población","Grupos de edad","Mujeres","Mujeres","35 a 39","1002000081","Población de 35 a 39 años. Mujeres","Personas","19","Nuevo León","1995",1995,NA,1995-01-01,123005
"Población","Grupos de edad","Mujeres","Mujeres","35 a 39","1002000081","Población de 35 a 39 años. Mujeres","Personas","19","Nuevo León","2000",2000,NA,2000-01-01,137541
"Población","Grupos de edad","Mujeres","Mujeres","35 a 39","1002000081","Población de 35 a 39 años. Mujeres","Personas","19","Nuevo León","2005",2005,NA,2005-01-01,162933
"Población","Grupos de edad","Mujeres","Mujeres","35 a 39","1002000081","Población de 35 a 39 años. Mujeres","Personas","19","Nuevo León","2010",2010,NA,2010-01-01,191589
"Población","Grupos de edad","Mujeres","Mujeres","35 a 39","1002000081","Población de 35 a 39 años. Mujeres","Personas","19","Nuevo León","2020",2020,NA,2020-01-01,210620
"Población","Grupos de edad","Mujeres","Mujeres","35 a 39","1002000081","Población de 35 a 39 años. Mujeres","Personas","19007","Aramberri","2020",2020,NA,2020-01-01,442
"Población","Grupos de edad","Mujeres","Mujeres","35 a 39","1002000081","Población de 35 a 39 años. Mujeres","Personas","19014","Doctor Arroyo","2020",2020,NA,2020-01-01,1097
"Población","Grupos de edad","Mujeres","Mujeres","35 a 39","1002000081","Población de 35 a 39 años. Mujeres","Personas","19024","General Zaragoza","2020",2020,NA,2020-01-01,182
"Población","Grupos de edad","Mujeres","Mujeres","35 a 39","1002000081","Población de 35 a 39 años. Mujeres","Personas","19036","Mier y Noriega","2020",2020,NA,2020-01-01,211
"Población","Grupos de edad","Total","Total","40 a 44","1002000082","Población de 40 a 44 años","Personas","00","Nacional","1990",1990,NA,1990-01-01,3497770
"Población","Grupos de edad","Total","Total","40 a 44","1002000082","Población de 40 a 44 años","Personas","00","Nacional","1995",1995,NA,1995-01-01,4434317
"Población","Grupos de edad","Total","Total","40 a 44","1002000082","Población de 40 a 44 años","Personas","00","Nacional","2000",2000,NA,2000-01-01,5194833
"Población","Grupos de edad","Total","Total","40 a 44","1002000082","Población de 40 a 44 años","Personas","00","Nacional","2005",2005,NA,2005-01-01,6017268
"Población","Grupos de edad","Total","Total","40 a 44","1002000082","Población de 40 a 44 años","Personas","00","Nacional","2010",2010,NA,2010-01-01,7009226
"Población","Grupos de edad","Total","Total","40 a 44","1002000082","Población de 40 a 44 años","Personas","00","Nacional","2020",2020,NA,2020-01-01,8503586
"Población","Grupos de edad","Total","Total","40 a 44","1002000082","Población de 40 a 44 años","Personas","19","Nuevo León","1990",1990,NA,1990-01-01,145262
"Población","Grupos de edad","Total","Total","40 a 44","1002000082","Población de 40 a 44 años","Personas","19","Nuevo León","1995",1995,NA,1995-01-01,183087
"Población","Grupos de edad","Total","Total","40 a 44","1002000082","Población de 40 a 44 años","Personas","19","Nuevo León","2000",2000,NA,2000-01-01,224330
"Población","Grupos de edad","Total","Total","40 a 44","1002000082","Población de 40 a 44 años","Personas","19","Nuevo León","2005",2005,NA,2005-01-01,265277
"Población","Grupos de edad","Total","Total","40 a 44","1002000082","Población de 40 a 44 años","Personas","19","Nuevo León","2010",2010,NA,2010-01-01,321008
"Población","Grupos de edad","Total","Total","40 a 44","1002000082","Población de 40 a 44 años","Personas","19","Nuevo León","2020",2020,NA,2020-01-01,409490
"Población","Grupos de edad","Total","Total","40 a 44","1002000082","Población de 40 a 44 años","Personas","19007","Aramberri","2020",2020,NA,2020-01-01,1014
"Población","Grupos de edad","Total","Total","40 a 44","1002000082","Población de 40 a 44 años","Personas","19014","Doctor Arroyo","2020",2020,NA,2020-01-01,2176
"Población","Grupos de edad","Total","Total","40 a 44","1002000082","Población de 40 a 44 años","Personas","19024","General Zaragoza","2020",2020,NA,2020-01-01,363
"Población","Grupos de edad","Total","Total","40 a 44","1002000082","Población de 40 a 44 años","Personas","19036","Mier y Noriega","2020",2020,NA,2020-01-01,446
"Población","Grupos de edad","Hombres","Hombres","40 a 44","1002000083","Población de 40 a 44 años. Hombres","Personas","00","Nacional","1990",1990,NA,1990-01-01,1705013
"Población","Grupos de edad","Hombres","Hombres","40 a 44","1002000083","Población de 40 a 44 años. Hombres","Personas","00","Nacional","1995",1995,NA,1995-01-01,2173041
"Población","Grupos de edad","Hombres","Hombres","40 a 44","1002000083","Población de 40 a 44 años. Hombres","Personas","00","Nacional","2000",2000,NA,2000-01-01,2494771
"Población","Grupos de edad","Hombres","Hombres","40 a 44","1002000083","Población de 40 a 44 años. Hombres","Personas","00","Nacional","2005",2005,NA,2005-01-01,2871549
"Población","Grupos de edad","Hombres","Hombres","40 a 44","1002000083","Población de 40 a 44 años. Hombres","Personas","00","Nacional","2010",2010,NA,2010-01-01,3350322
"Población","Grupos de edad","Hombres","Hombres","40 a 44","1002000083","Población de 40 a 44 años. Hombres","Personas","00","Nacional","2020",2020,NA,2020-01-01,4062304
"Población","Grupos de edad","Hombres","Hombres","40 a 44","1002000083","Población de 40 a 44 años. Hombres","Personas","19","Nuevo León","1990",1990,NA,1990-01-01,71411
"Población","Grupos de edad","Hombres","Hombres","40 a 44","1002000083","Población de 40 a 44 años. Hombres","Personas","19","Nuevo León","1995",1995,NA,1995-01-01,90621
"Población","Grupos de edad","Hombres","Hombres","40 a 44","1002000083","Población de 40 a 44 años. Hombres","Personas","19","Nuevo León","2000",2000,NA,2000-01-01,110097
"Población","Grupos de edad","Hombres","Hombres","40 a 44","1002000083","Población de 40 a 44 años. Hombres","Personas","19","Nuevo León","2005",2005,NA,2005-01-01,131231
"Población","Grupos de edad","Hombres","Hombres","40 a 44","1002000083","Población de 40 a 44 años. Hombres","Personas","19","Nuevo León","2010",2010,NA,2010-01-01,159078
"Población","Grupos de edad","Hombres","Hombres","40 a 44","1002000083","Población de 40 a 44 años. Hombres","Personas","19","Nuevo León","2020",2020,NA,2020-01-01,204944
"Población","Grupos de edad","Hombres","Hombres","40 a 44","1002000083","Población de 40 a 44 años. Hombres","Personas","19007","Aramberri","2020",2020,NA,2020-01-01,501
"Población","Grupos de edad","Hombres","Hombres","40 a 44","1002000083","Población de 40 a 44 años. Hombres","Personas","19014","Doctor Arroyo","2020",2020,NA,2020-01-01,1106
"Población","Grupos de edad","Hombres","Hombres","40 a 44","1002000083","Población de 40 a 44 años. Hombres","Personas","19024","General Zaragoza","2020",2020,NA,2020-01-01,191
"Población","Grupos de edad","Hombres","Hombres","40 a 44","1002000083","Población de 40 a 44 años. Hombres","Personas","19036","Mier y Noriega","2020",2020,NA,2020-01-01,206
"Población","Grupos de edad","Mujeres","Mujeres","40 a 44","1002000084","Población de 40 a 44 años. Mujeres","Personas","00","Nacional","1990",1990,NA,1990-01-01,1792757
"Población","Grupos de edad","Mujeres","Mujeres","40 a 44","1002000084","Población de 40 a 44 años. Mujeres","Personas","00","Nacional","1995",1995,NA,1995-01-01,2261276
"Población","Grupos de edad","Mujeres","Mujeres","40 a 44","1002000084","Población de 40 a 44 años. Mujeres","Personas","00","Nacional","2000",2000,NA,2000-01-01,2700062
"Población","Grupos de edad","Mujeres","Mujeres","40 a 44","1002000084","Población de 40 a 44 años. Mujeres","Personas","00","Nacional","2005",2005,NA,2005-01-01,3145719
"Población","Grupos de edad","Mujeres","Mujeres","40 a 44","1002000084","Población de 40 a 44 años. Mujeres","Personas","00","Nacional","2010",2010,NA,2010-01-01,3658904
"Población","Grupos de edad","Mujeres","Mujeres","40 a 44","1002000084","Población de 40 a 44 años. Mujeres","Personas","00","Nacional","2020",2020,NA,2020-01-01,4441282
"Población","Grupos de edad","Mujeres","Mujeres","40 a 44","1002000084","Población de 40 a 44 años. Mujeres","Personas","19","Nuevo León","1990",1990,NA,1990-01-01,73851
"Población","Grupos de edad","Mujeres","Mujeres","40 a 44","1002000084","Población de 40 a 44 años. Mujeres","Personas","19","Nuevo León","1995",1995,NA,1995-01-01,92466
"Población","Grupos de edad","Mujeres","Mujeres","40 a 44","1002000084","Población de 40 a 44 años. Mujeres","Personas","19","Nuevo León","2000",2000,NA,2000-01-01,114233
"Población","Grupos de edad","Mujeres","Mujeres","40 a 44","1002000084","Población de 40 a 44 años. Mujeres","Personas","19","Nuevo León","2005",2005,NA,2005-01-01,134046
"Población","Grupos de edad","Mujeres","Mujeres","40 a 44","1002000084","Población de 40 a 44 años. Mujeres","Personas","19","Nuevo León","2010",2010,NA,2010-01-01,161930
"Población","Grupos de edad","Mujeres","Mujeres","40 a 44","1002000084","Población de 40 a 44 años. Mujeres","Personas","19","Nuevo León","2020",2020,NA,2020-01-01,204546
"Población","Grupos de edad","Mujeres","Mujeres","40 a 44","1002000084","Población de 40 a 44 años. Mujeres","Personas","19007","Aramberri","2020",2020,NA,2020-01-01,513
"Población","Grupos de edad","Mujeres","Mujeres","40 a 44","1002000084","Población de 40 a 44 años. Mujeres","Personas","19014","Doctor Arroyo","2020",2020,NA,2020-01-01,1070
"Población","Grupos de edad","Mujeres","Mujeres","40 a 44","1002000084","Población de 40 a 44 años. Mujeres","Personas","19024","General Zaragoza","2020",2020,NA,2020-01-01,172
"Población","Grupos de edad","Mujeres","Mujeres","40 a 44","1002000084","Población de 40 a 44 años. Mujeres","Personas","19036","Mier y Noriega","2020",2020,NA,2020-01-01,240
"Población","Grupos de edad","Total","Total","45 a 49","1002000085","Población de 45 a 49 años","Personas","00","Nacional","1990",1990,NA,1990-01-01,2971860
"Población","Grupos de edad","Total","Total","45 a 49","1002000085","Población de 45 a 49 años","Personas","00","Nacional","1995",1995,NA,1995-01-01,3612452
"Población","Grupos de edad","Total","Total","45 a 49","1002000085","Población de 45 a 49 años","Personas","00","Nacional","2000",2000,NA,2000-01-01,4072091
"Población","Grupos de edad","Total","Total","45 a 49","1002000085","Población de 45 a 49 años","Personas","00","Nacional","2005",2005,NA,2005-01-01,5015255
"Población","Grupos de edad","Total","Total","45 a 49","1002000085","Población de 45 a 49 años","Personas","00","Nacional","2010",2010,NA,2010-01-01,5928730
"Población","Grupos de edad","Total","Total","45 a 49","1002000085","Población de 45 a 49 años","Personas","00","Nacional","2020",2020,NA,2020-01-01,7942413
"Población","Grupos de edad","Total","Total","45 a 49","1002000085","Población de 45 a 49 años","Personas","19","Nuevo León","1990",1990,NA,1990-01-01,121838
"Población","Grupos de edad","Total","Total","45 a 49","1002000085","Población de 45 a 49 años","Personas","19","Nuevo León","1995",1995,NA,1995-01-01,151856
"Población","Grupos de edad","Total","Total","45 a 49","1002000085","Población de 45 a 49 años","Personas","19","Nuevo León","2000",2000,NA,2000-01-01,168680
"Población","Grupos de edad","Total","Total","45 a 49","1002000085","Población de 45 a 49 años","Personas","19","Nuevo León","2005",2005,NA,2005-01-01,218683
"Población","Grupos de edad","Total","Total","45 a 49","1002000085","Población de 45 a 49 años","Personas","19","Nuevo León","2010",2010,NA,2010-01-01,260606
"Población","Grupos de edad","Total","Total","45 a 49","1002000085","Población de 45 a 49 años","Personas","19","Nuevo León","2020",2020,NA,2020-01-01,387678
"Población","Grupos de edad","Total","Total","45 a 49","1002000085","Población de 45 a 49 años","Personas","19007","Aramberri","2020",2020,NA,2020-01-01,952
"Población","Grupos de edad","Total","Total","45 a 49","1002000085","Población de 45 a 49 años","Personas","19014","Doctor Arroyo","2020",2020,NA,2020-01-01,1971
"Población","Grupos de edad","Total","Total","45 a 49","1002000085","Población de 45 a 49 años","Personas","19024","General Zaragoza","2020",2020,NA,2020-01-01,353
"Población","Grupos de edad","Total","Total","45 a 49","1002000085","Población de 45 a 49 años","Personas","19036","Mier y Noriega","2020",2020,NA,2020-01-01,372
"Población","Grupos de edad","Hombres","Hombres","45 a 49","1002000086","Población de 45 a 49 años. Hombres","Personas","00","Nacional","1990",1990,NA,1990-01-01,1452573
"Población","Grupos de edad","Hombres","Hombres","45 a 49","1002000086","Población de 45 a 49 años. Hombres","Personas","00","Nacional","1995",1995,NA,1995-01-01,1763505
"Población","Grupos de edad","Hombres","Hombres","45 a 49","1002000086","Población de 45 a 49 años. Hombres","Personas","00","Nacional","2000",2000,NA,2000-01-01,1957177
"Población","Grupos de edad","Hombres","Hombres","45 a 49","1002000086","Población de 45 a 49 años. Hombres","Personas","00","Nacional","2005",2005,NA,2005-01-01,2388149
"Población","Grupos de edad","Hombres","Hombres","45 a 49","1002000086","Población de 45 a 49 años. Hombres","Personas","00","Nacional","2010",2010,NA,2010-01-01,2824364
"Población","Grupos de edad","Hombres","Hombres","45 a 49","1002000086","Población de 45 a 49 años. Hombres","Personas","00","Nacional","2020",2020,NA,2020-01-01,3812344
"Población","Grupos de edad","Hombres","Hombres","45 a 49","1002000086","Población de 45 a 49 años. Hombres","Personas","19","Nuevo León","1990",1990,NA,1990-01-01,60748
"Población","Grupos de edad","Hombres","Hombres","45 a 49","1002000086","Población de 45 a 49 años. Hombres","Personas","19","Nuevo León","1995",1995,NA,1995-01-01,75209
"Población","Grupos de edad","Hombres","Hombres","45 a 49","1002000086","Población de 45 a 49 años. Hombres","Personas","19","Nuevo León","2000",2000,NA,2000-01-01,82616
"Población","Grupos de edad","Hombres","Hombres","45 a 49","1002000086","Población de 45 a 49 años. Hombres","Personas","19","Nuevo León","2005",2005,NA,2005-01-01,106900
"Población","Grupos de edad","Hombres","Hombres","45 a 49","1002000086","Población de 45 a 49 años. Hombres","Personas","19","Nuevo León","2010",2010,NA,2010-01-01,128429
"Población","Grupos de edad","Hombres","Hombres","45 a 49","1002000086","Población de 45 a 49 años. Hombres","Personas","19","Nuevo León","2020",2020,NA,2020-01-01,194154
"Población","Grupos de edad","Hombres","Hombres","45 a 49","1002000086","Población de 45 a 49 años. Hombres","Personas","19007","Aramberri","2020",2020,NA,2020-01-01,505
"Población","Grupos de edad","Hombres","Hombres","45 a 49","1002000086","Población de 45 a 49 años. Hombres","Personas","19014","Doctor Arroyo","2020",2020,NA,2020-01-01,989
"Población","Grupos de edad","Hombres","Hombres","45 a 49","1002000086","Población de 45 a 49 años. Hombres","Personas","19024","General Zaragoza","2020",2020,NA,2020-01-01,190
"Población","Grupos de edad","Hombres","Hombres","45 a 49","1002000086","Población de 45 a 49 años. Hombres","Personas","19036","Mier y Noriega","2020",2020,NA,2020-01-01,211
"Población","Grupos de edad","Mujeres","Mujeres","45 a 49","1002000087","Población de 45 a 49 años. Mujeres","Personas","00","Nacional","1990",1990,NA,1990-01-01,1519287
"Población","Grupos de edad","Mujeres","Mujeres","45 a 49","1002000087","Población de 45 a 49 años. Mujeres","Personas","00","Nacional","1995",1995,NA,1995-01-01,1848947
"Población","Grupos de edad","Mujeres","Mujeres","45 a 49","1002000087","Población de 45 a 49 años. Mujeres","Personas","00","Nacional","2000",2000,NA,2000-01-01,2114914
"Población","Grupos de edad","Mujeres","Mujeres","45 a 49","1002000087","Población de 45 a 49 años. Mujeres","Personas","00","Nacional","2005",2005,NA,2005-01-01,2627106
"Población","Grupos de edad","Mujeres","Mujeres","45 a 49","1002000087","Población de 45 a 49 años. Mujeres","Personas","00","Nacional","2010",2010,NA,2010-01-01,3104366
"Población","Grupos de edad","Mujeres","Mujeres","45 a 49","1002000087","Población de 45 a 49 años. Mujeres","Personas","00","Nacional","2020",2020,NA,2020-01-01,4130069
"Población","Grupos de edad","Mujeres","Mujeres","45 a 49","1002000087","Población de 45 a 49 años. Mujeres","Personas","19","Nuevo León","1990",1990,NA,1990-01-01,61090
"Población","Grupos de edad","Mujeres","Mujeres","45 a 49","1002000087","Población de 45 a 49 años. Mujeres","Personas","19","Nuevo León","1995",1995,NA,1995-01-01,76647
"Población","Grupos de edad","Mujeres","Mujeres","45 a 49","1002000087","Población de 45 a 49 años. Mujeres","Personas","19","Nuevo León","2000",2000,NA,2000-01-01,86064
"Población","Grupos de edad","Mujeres","Mujeres","45 a 49","1002000087","Población de 45 a 49 años. Mujeres","Personas","19","Nuevo León","2005",2005,NA,2005-01-01,111783
"Población","Grupos de edad","Mujeres","Mujeres","45 a 49","1002000087","Población de 45 a 49 años. Mujeres","Personas","19","Nuevo León","2010",2010,NA,2010-01-01,132177
"Población","Grupos de edad","Mujeres","Mujeres","45 a 49","1002000087","Población de 45 a 49 años. Mujeres","Personas","19","Nuevo León","2020",2020,NA,2020-01-01,193524
"Población","Grupos de edad","Mujeres","Mujeres","45 a 49","1002000087","Población de 45 a 49 años. Mujeres","Personas","19007","Aramberri","2020",2020,NA,2020-01-01,447
"Población","Grupos de edad","Mujeres","Mujeres","45 a 49","1002000087","Población de 45 a 49 años. Mujeres","Personas","19014","Doctor Arroyo","2020",2020,NA,2020-01-01,982
"Población","Grupos de edad","Mujeres","Mujeres","45 a 49","1002000087","Población de 45 a 49 años. Mujeres","Personas","19024","General Zaragoza","2020",2020,NA,2020-01-01,163
"Población","Grupos de edad","Mujeres","Mujeres","45 a 49","1002000087","Población de 45 a 49 años. Mujeres","Personas","19036","Mier y Noriega","2020",2020,NA,2020-01-01,161
"Población","Grupos de edad","Total","Total","5 a 9","1002000088","Población de 5 a 9 años","Personas","00","Nacional","1990",1990,NA,1990-01-01,10562234
"Población","Grupos de edad","Total","Total","5 a 9","1002000088","Población de 5 a 9 años","Personas","00","Nacional","1995",1995,NA,1995-01-01,10867563
"Población","Grupos de edad","Total","Total","5 a 9","1002000088","Población de 5 a 9 años","Personas","00","Nacional","2000",2000,NA,2000-01-01,11215323
"Población","Grupos de edad","Total","Total","5 a 9","1002000088","Población de 5 a 9 años","Personas","00","Nacional","2005",2005,NA,2005-01-01,10511738
"Población","Grupos de edad","Total","Total","5 a 9","1002000088","Población de 5 a 9 años","Personas","00","Nacional","2010",2010,NA,2010-01-01,11047537
"Población","Grupos de edad","Total","Total","5 a 9","1002000088","Población de 5 a 9 años","Personas","00","Nacional","2020",2020,NA,2020-01-01,10764379
"Población","Grupos de edad","Total","Total","5 a 9","1002000088","Población de 5 a 9 años","Personas","19","Nuevo León","1990",1990,NA,1990-01-01,350558
"Población","Grupos de edad","Total","Total","5 a 9","1002000088","Población de 5 a 9 años","Personas","19","Nuevo León","1995",1995,NA,1995-01-01,360813
"Población","Grupos de edad","Total","Total","5 a 9","1002000088","Población de 5 a 9 años","Personas","19","Nuevo León","2000",2000,NA,2000-01-01,385771
"Población","Grupos de edad","Total","Total","5 a 9","1002000088","Población de 5 a 9 años","Personas","19","Nuevo León","2005",2005,NA,2005-01-01,403641
"Población","Grupos de edad","Total","Total","5 a 9","1002000088","Población de 5 a 9 años","Personas","19","Nuevo León","2010",2010,NA,2010-01-01,430525
"Población","Grupos de edad","Total","Total","5 a 9","1002000088","Población de 5 a 9 años","Personas","19","Nuevo León","2020",2020,NA,2020-01-01,463819
"Población","Grupos de edad","Total","Total","5 a 9","1002000088","Población de 5 a 9 años","Personas","19007","Aramberri","2020",2020,NA,2020-01-01,1344
"Población","Grupos de edad","Total","Total","5 a 9","1002000088","Población de 5 a 9 años","Personas","19014","Doctor Arroyo","2020",2020,NA,2020-01-01,3497
"Población","Grupos de edad","Total","Total","5 a 9","1002000088","Población de 5 a 9 años","Personas","19024","General Zaragoza","2020",2020,NA,2020-01-01,633
"Población","Grupos de edad","Total","Total","5 a 9","1002000088","Población de 5 a 9 años","Personas","19036","Mier y Noriega","2020",2020,NA,2020-01-01,811
"Población","Grupos de edad","Hombres","Hombres","5 a 9","1002000089","Población de 5 a 9 años. Hombres","Personas","00","Nacional","1990",1990,NA,1990-01-01,5338285
"Población","Grupos de edad","Hombres","Hombres","5 a 9","1002000089","Población de 5 a 9 años. Hombres","Personas","00","Nacional","1995",1995,NA,1995-01-01,5515644
"Población","Grupos de edad","Hombres","Hombres","5 a 9","1002000089","Población de 5 a 9 años. Hombres","Personas","00","Nacional","2000",2000,NA,2000-01-01,5677711
"Población","Grupos de edad","Hombres","Hombres","5 a 9","1002000089","Población de 5 a 9 años. Hombres","Personas","00","Nacional","2005",2005,NA,2005-01-01,5339127
"Población","Grupos de edad","Hombres","Hombres","5 a 9","1002000089","Población de 5 a 9 años. Hombres","Personas","00","Nacional","2010",2010,NA,2010-01-01,5604175
"Población","Grupos de edad","Hombres","Hombres","5 a 9","1002000089","Población de 5 a 9 años. Hombres","Personas","00","Nacional","2020",2020,NA,2020-01-01,5453091
"Población","Grupos de edad","Hombres","Hombres","5 a 9","1002000089","Población de 5 a 9 años. Hombres","Personas","19","Nuevo León","1990",1990,NA,1990-01-01,178254
"Población","Grupos de edad","Hombres","Hombres","5 a 9","1002000089","Población de 5 a 9 años. Hombres","Personas","19","Nuevo León","1995",1995,NA,1995-01-01,183897
"Población","Grupos de edad","Hombres","Hombres","5 a 9","1002000089","Población de 5 a 9 años. Hombres","Personas","19","Nuevo León","2000",2000,NA,2000-01-01,196456
"Población","Grupos de edad","Hombres","Hombres","5 a 9","1002000089","Población de 5 a 9 años. Hombres","Personas","19","Nuevo León","2005",2005,NA,2005-01-01,205432
"Población","Grupos de edad","Hombres","Hombres","5 a 9","1002000089","Población de 5 a 9 años. Hombres","Personas","19","Nuevo León","2010",2010,NA,2010-01-01,219102
"Población","Grupos de edad","Hombres","Hombres","5 a 9","1002000089","Población de 5 a 9 años. Hombres","Personas","19","Nuevo León","2020",2020,NA,2020-01-01,235679
"Población","Grupos de edad","Hombres","Hombres","5 a 9","1002000089","Población de 5 a 9 años. Hombres","Personas","19007","Aramberri","2020",2020,NA,2020-01-01,683
"Población","Grupos de edad","Hombres","Hombres","5 a 9","1002000089","Población de 5 a 9 años. Hombres","Personas","19014","Doctor Arroyo","2020",2020,NA,2020-01-01,1795
"Población","Grupos de edad","Hombres","Hombres","5 a 9","1002000089","Población de 5 a 9 años. Hombres","Personas","19024","General Zaragoza","2020",2020,NA,2020-01-01,310
"Población","Grupos de edad","Hombres","Hombres","5 a 9","1002000089","Población de 5 a 9 años. Hombres","Personas","19036","Mier y Noriega","2020",2020,NA,2020-01-01,407
"Población","Grupos de edad","Mujeres","Mujeres","5 a 9","1002000090","Población de 5 a 9 años. Mujeres","Personas","00","Nacional","1990",1990,NA,1990-01-01,5223949
"Población","Grupos de edad","Mujeres","Mujeres","5 a 9","1002000090","Población de 5 a 9 años. Mujeres","Personas","00","Nacional","1995",1995,NA,1995-01-01,5351919
"Población","Grupos de edad","Mujeres","Mujeres","5 a 9","1002000090","Población de 5 a 9 años. Mujeres","Personas","00","Nacional","2000",2000,NA,2000-01-01,5537612
"Población","Grupos de edad","Mujeres","Mujeres","5 a 9","1002000090","Población de 5 a 9 años. Mujeres","Personas","00","Nacional","2005",2005,NA,2005-01-01,5172611
"Población","Grupos de edad","Mujeres","Mujeres","5 a 9","1002000090","Población de 5 a 9 años. Mujeres","Personas","00","Nacional","2010",2010,NA,2010-01-01,5443362
"Población","Grupos de edad","Mujeres","Mujeres","5 a 9","1002000090","Población de 5 a 9 años. Mujeres","Personas","00","Nacional","2020",2020,NA,2020-01-01,5311288
"Población","Grupos de edad","Mujeres","Mujeres","5 a 9","1002000090","Población de 5 a 9 años. Mujeres","Personas","19","Nuevo León","1990",1990,NA,1990-01-01,172304
"Población","Grupos de edad","Mujeres","Mujeres","5 a 9","1002000090","Población de 5 a 9 años. Mujeres","Personas","19","Nuevo León","1995",1995,NA,1995-01-01,176916
"Población","Grupos de edad","Mujeres","Mujeres","5 a 9","1002000090","Población de 5 a 9 años. Mujeres","Personas","19","Nuevo León","2000",2000,NA,2000-01-01,189315
"Población","Grupos de edad","Mujeres","Mujeres","5 a 9","1002000090","Población de 5 a 9 años. Mujeres","Personas","19","Nuevo León","2005",2005,NA,2005-01-01,198209
"Población","Grupos de edad","Mujeres","Mujeres","5 a 9","1002000090","Población de 5 a 9 años. Mujeres","Personas","19","Nuevo León","2010",2010,NA,2010-01-01,211423
"Población","Grupos de edad","Mujeres","Mujeres","5 a 9","1002000090","Población de 5 a 9 años. Mujeres","Personas","19","Nuevo León","2020",2020,NA,2020-01-01,228140
"Población","Grupos de edad","Mujeres","Mujeres","5 a 9","1002000090","Población de 5 a 9 años. Mujeres","Personas","19007","Aramberri","2020",2020,NA,2020-01-01,661
"Población","Grupos de edad","Mujeres","Mujeres","5 a 9","1002000090","Población de 5 a 9 años. Mujeres","Personas","19014","Doctor Arroyo","2020",2020,NA,2020-01-01,1702
"Población","Grupos de edad","Mujeres","Mujeres","5 a 9","1002000090","Población de 5 a 9 años. Mujeres","Personas","19024","General Zaragoza","2020",2020,NA,2020-01-01,323
"Población","Grupos de edad","Mujeres","Mujeres","5 a 9","1002000090","Población de 5 a 9 años. Mujeres","Personas","19036","Mier y Noriega","2020",2020,NA,2020-01-01,404
"Población","Grupos de edad","Total","Total","50 a 54","1002000091","Población de 50 a 54 años","Personas","00","Nacional","1990",1990,NA,1990-01-01,2393791
"Población","Grupos de edad","Total","Total","50 a 54","1002000091","Población de 50 a 54 años","Personas","00","Nacional","1995",1995,NA,1995-01-01,2896049
"Población","Grupos de edad","Total","Total","50 a 54","1002000091","Población de 50 a 54 años","Personas","00","Nacional","2000",2000,NA,2000-01-01,3357953
"Población","Grupos de edad","Total","Total","50 a 54","1002000091","Población de 50 a 54 años","Personas","00","Nacional","2005",2005,NA,2005-01-01,4090650
"Población","Grupos de edad","Total","Total","50 a 54","1002000091","Población de 50 a 54 años","Personas","00","Nacional","2010",2010,NA,2010-01-01,5064291
"Población","Grupos de edad","Total","Total","50 a 54","1002000091","Población de 50 a 54 años","Personas","00","Nacional","2020",2020,NA,2020-01-01,7037532
"Población","Grupos de edad","Total","Total","50 a 54","1002000091","Población de 50 a 54 años","Personas","19","Nuevo León","1990",1990,NA,1990-01-01,100263
"Población","Grupos de edad","Total","Total","50 a 54","1002000091","Población de 50 a 54 años","Personas","19","Nuevo León","1995",1995,NA,1995-01-01,122905
"Población","Grupos de edad","Total","Total","50 a 54","1002000091","Población de 50 a 54 años","Personas","19","Nuevo León","2000",2000,NA,2000-01-01,144499
"Población","Grupos de edad","Total","Total","50 a 54","1002000091","Población de 50 a 54 años","Personas","19","Nuevo León","2005",2005,NA,2005-01-01,172436
"Población","Grupos de edad","Total","Total","50 a 54","1002000091","Población de 50 a 54 años","Personas","19","Nuevo León","2010",2010,NA,2010-01-01,220801
"Población","Grupos de edad","Total","Total","50 a 54","1002000091","Población de 50 a 54 años","Personas","19","Nuevo León","2020",2020,NA,2020-01-01,334439
"Población","Grupos de edad","Total","Total","50 a 54","1002000091","Población de 50 a 54 años","Personas","19007","Aramberri","2020",2020,NA,2020-01-01,867
"Población","Grupos de edad","Total","Total","50 a 54","1002000091","Población de 50 a 54 años","Personas","19014","Doctor Arroyo","2020",2020,NA,2020-01-01,1880
"Población","Grupos de edad","Total","Total","50 a 54","1002000091","Población de 50 a 54 años","Personas","19024","General Zaragoza","2020",2020,NA,2020-01-01,295
"Población","Grupos de edad","Total","Total","50 a 54","1002000091","Población de 50 a 54 años","Personas","19036","Mier y Noriega","2020",2020,NA,2020-01-01,311
"Población","Grupos de edad","Hombres","Hombres","50 a 54","1002000092","Población de 50 a 54 años. Hombres","Personas","00","Nacional","1990",1990,NA,1990-01-01,1161875
"Población","Grupos de edad","Hombres","Hombres","50 a 54","1002000092","Población de 50 a 54 años. Hombres","Personas","00","Nacional","1995",1995,NA,1995-01-01,1418508
"Población","Grupos de edad","Hombres","Hombres","50 a 54","1002000092","Población de 50 a 54 años. Hombres","Personas","00","Nacional","2000",2000,NA,2000-01-01,1624033
"Población","Grupos de edad","Hombres","Hombres","50 a 54","1002000092","Población de 50 a 54 años. Hombres","Personas","00","Nacional","2005",2005,NA,2005-01-01,1959720
"Población","Grupos de edad","Hombres","Hombres","50 a 54","1002000092","Población de 50 a 54 años. Hombres","Personas","00","Nacional","2010",2010,NA,2010-01-01,2402451
"Población","Grupos de edad","Hombres","Hombres","50 a 54","1002000092","Población de 50 a 54 años. Hombres","Personas","00","Nacional","2020",2020,NA,2020-01-01,3332163
"Población","Grupos de edad","Hombres","Hombres","50 a 54","1002000092","Población de 50 a 54 años. Hombres","Personas","19","Nuevo León","1990",1990,NA,1990-01-01,49598
"Población","Grupos de edad","Hombres","Hombres","50 a 54","1002000092","Población de 50 a 54 años. Hombres","Personas","19","Nuevo León","1995",1995,NA,1995-01-01,60893
"Población","Grupos de edad","Hombres","Hombres","50 a 54","1002000092","Población de 50 a 54 años. Hombres","Personas","19","Nuevo León","2000",2000,NA,2000-01-01,70886
"Población","Grupos de edad","Hombres","Hombres","50 a 54","1002000092","Población de 50 a 54 años. Hombres","Personas","19","Nuevo León","2005",2005,NA,2005-01-01,83952
"Población","Grupos de edad","Hombres","Hombres","50 a 54","1002000092","Población de 50 a 54 años. Hombres","Personas","19","Nuevo León","2010",2010,NA,2010-01-01,107080
"Población","Grupos de edad","Hombres","Hombres","50 a 54","1002000092","Población de 50 a 54 años. Hombres","Personas","19","Nuevo León","2020",2020,NA,2020-01-01,164492
"Población","Grupos de edad","Hombres","Hombres","50 a 54","1002000092","Población de 50 a 54 años. Hombres","Personas","19007","Aramberri","2020",2020,NA,2020-01-01,475
"Población","Grupos de edad","Hombres","Hombres","50 a 54","1002000092","Población de 50 a 54 años. Hombres","Personas","19014","Doctor Arroyo","2020",2020,NA,2020-01-01,917
"Población","Grupos de edad","Hombres","Hombres","50 a 54","1002000092","Población de 50 a 54 años. Hombres","Personas","19024","General Zaragoza","2020",2020,NA,2020-01-01,166
"Población","Grupos de edad","Hombres","Hombres","50 a 54","1002000092","Población de 50 a 54 años. Hombres","Personas","19036","Mier y Noriega","2020",2020,NA,2020-01-01,147
"Población","Grupos de edad","Mujeres","Mujeres","50 a 54","1002000093","Población de 50 a 54 años. Mujeres","Personas","00","Nacional","1990",1990,NA,1990-01-01,1231916
"Población","Grupos de edad","Mujeres","Mujeres","50 a 54","1002000093","Población de 50 a 54 años. Mujeres","Personas","00","Nacional","1995",1995,NA,1995-01-01,1477541
"Población","Grupos de edad","Mujeres","Mujeres","50 a 54","1002000093","Población de 50 a 54 años. Mujeres","Personas","00","Nacional","2000",2000,NA,2000-01-01,1733920
"Población","Grupos de edad","Mujeres","Mujeres","50 a 54","1002000093","Población de 50 a 54 años. Mujeres","Personas","00","Nacional","2005",2005,NA,2005-01-01,2130930
"Población","Grupos de edad","Mujeres","Mujeres","50 a 54","1002000093","Población de 50 a 54 años. Mujeres","Personas","00","Nacional","2010",2010,NA,2010-01-01,2661840
"Población","Grupos de edad","Mujeres","Mujeres","50 a 54","1002000093","Población de 50 a 54 años. Mujeres","Personas","00","Nacional","2020",2020,NA,2020-01-01,3705369
"Población","Grupos de edad","Mujeres","Mujeres","50 a 54","1002000093","Población de 50 a 54 años. Mujeres","Personas","19","Nuevo León","1990",1990,NA,1990-01-01,50665
"Población","Grupos de edad","Mujeres","Mujeres","50 a 54","1002000093","Población de 50 a 54 años. Mujeres","Personas","19","Nuevo León","1995",1995,NA,1995-01-01,62012
"Población","Grupos de edad","Mujeres","Mujeres","50 a 54","1002000093","Población de 50 a 54 años. Mujeres","Personas","19","Nuevo León","2000",2000,NA,2000-01-01,73613
"Población","Grupos de edad","Mujeres","Mujeres","50 a 54","1002000093","Población de 50 a 54 años. Mujeres","Personas","19","Nuevo León","2005",2005,NA,2005-01-01,88484
"Población","Grupos de edad","Mujeres","Mujeres","50 a 54","1002000093","Población de 50 a 54 años. Mujeres","Personas","19","Nuevo León","2010",2010,NA,2010-01-01,113721
"Población","Grupos de edad","Mujeres","Mujeres","50 a 54","1002000093","Población de 50 a 54 años. Mujeres","Personas","19","Nuevo León","2020",2020,NA,2020-01-01,169947
"Población","Grupos de edad","Mujeres","Mujeres","50 a 54","1002000093","Población de 50 a 54 años. Mujeres","Personas","19007","Aramberri","2020",2020,NA,2020-01-01,392
"Población","Grupos de edad","Mujeres","Mujeres","50 a 54","1002000093","Población de 50 a 54 años. Mujeres","Personas","19014","Doctor Arroyo","2020",2020,NA,2020-01-01,963
"Población","Grupos de edad","Mujeres","Mujeres","50 a 54","1002000093","Población de 50 a 54 años. Mujeres","Personas","19024","General Zaragoza","2020",2020,NA,2020-01-01,129
"Población","Grupos de edad","Mujeres","Mujeres","50 a 54","1002000093","Población de 50 a 54 años. Mujeres","Personas","19036","Mier y Noriega","2020",2020,NA,2020-01-01,164
"Población","Grupos de edad","Total","Total","55 a 59","1002000094","Población de 55 a 59 años","Personas","00","Nacional","1990",1990,NA,1990-01-01,1894484
"Población","Grupos de edad","Total","Total","55 a 59","1002000094","Población de 55 a 59 años","Personas","00","Nacional","1995",1995,NA,1995-01-01,2231897
"Población","Grupos de edad","Total","Total","55 a 59","1002000094","Población de 55 a 59 años","Personas","00","Nacional","2000",2000,NA,2000-01-01,2559231
"Población","Grupos de edad","Total","Total","55 a 59","1002000094","Población de 55 a 59 años","Personas","00","Nacional","2005",2005,NA,2005-01-01,3117071
"Población","Grupos de edad","Total","Total","55 a 59","1002000094","Población de 55 a 59 años","Personas","00","Nacional","2010",2010,NA,2010-01-01,3895365
"Población","Grupos de edad","Total","Total","55 a 59","1002000094","Población de 55 a 59 años","Personas","00","Nacional","2020",2020,NA,2020-01-01,5695958
"Población","Grupos de edad","Total","Total","55 a 59","1002000094","Población de 55 a 59 años","Personas","19","Nuevo León","1990",1990,NA,1990-01-01,75104
"Población","Grupos de edad","Total","Total","55 a 59","1002000094","Población de 55 a 59 años","Personas","19","Nuevo León","1995",1995,NA,1995-01-01,96263
"Población","Grupos de edad","Total","Total","55 a 59","1002000094","Población de 55 a 59 años","Personas","19","Nuevo León","2000",2000,NA,2000-01-01,109729
"Población","Grupos de edad","Total","Total","55 a 59","1002000094","Población de 55 a 59 años","Personas","19","Nuevo León","2005",2005,NA,2005-01-01,134046
"Población","Grupos de edad","Total","Total","55 a 59","1002000094","Población de 55 a 59 años","Personas","19","Nuevo León","2010",2010,NA,2010-01-01,162140
"Población","Grupos de edad","Total","Total","55 a 59","1002000094","Población de 55 a 59 años","Personas","19","Nuevo León","2020",2020,NA,2020-01-01,260045
"Población","Grupos de edad","Total","Total","55 a 59","1002000094","Población de 55 a 59 años","Personas","19007","Aramberri","2020",2020,NA,2020-01-01,681
"Población","Grupos de edad","Total","Total","55 a 59","1002000094","Población de 55 a 59 años","Personas","19014","Doctor Arroyo","2020",2020,NA,2020-01-01,1555
"Población","Grupos de edad","Total","Total","55 a 59","1002000094","Población de 55 a 59 años","Personas","19024","General Zaragoza","2020",2020,NA,2020-01-01,256
"Población","Grupos de edad","Total","Total","55 a 59","1002000094","Población de 55 a 59 años","Personas","19036","Mier y Noriega","2020",2020,NA,2020-01-01,273
"Población","Grupos de edad","Hombres","Hombres","55 a 59","1002000095","Población de 55 a 59 años. Hombres","Número de personas","00","Nacional","1990",1990,NA,1990-01-01,918864
"Población","Grupos de edad","Hombres","Hombres","55 a 59","1002000095","Población de 55 a 59 años. Hombres","Número de personas","00","Nacional","1995",1995,NA,1995-01-01,1083293
"Población","Grupos de edad","Hombres","Hombres","55 a 59","1002000095","Población de 55 a 59 años. Hombres","Número de personas","00","Nacional","2000",2000,NA,2000-01-01,1234072
"Población","Grupos de edad","Hombres","Hombres","55 a 59","1002000095","Población de 55 a 59 años. Hombres","Número de personas","00","Nacional","2005",2005,NA,2005-01-01,1497981
"Población","Grupos de edad","Hombres","Hombres","55 a 59","1002000095","Población de 55 a 59 años. Hombres","Número de personas","00","Nacional","2010",2010,NA,2010-01-01,1869537
"Población","Grupos de edad","Hombres","Hombres","55 a 59","1002000095","Población de 55 a 59 años. Hombres","Número de personas","00","Nacional","2020",2020,NA,2020-01-01,2692976
"Población","Grupos de edad","Hombres","Hombres","55 a 59","1002000095","Población de 55 a 59 años. Hombres","Número de personas","19","Nuevo León","1990",1990,NA,1990-01-01,36957
"Población","Grupos de edad","Hombres","Hombres","55 a 59","1002000095","Población de 55 a 59 años. Hombres","Número de personas","19","Nuevo León","1995",1995,NA,1995-01-01,47706
"Población","Grupos de edad","Hombres","Hombres","55 a 59","1002000095","Población de 55 a 59 años. Hombres","Número de personas","19","Nuevo León","2000",2000,NA,2000-01-01,53878
"Población","Grupos de edad","Hombres","Hombres","55 a 59","1002000095","Población de 55 a 59 años. Hombres","Número de personas","19","Nuevo León","2005",2005,NA,2005-01-01,65124
"Población","Grupos de edad","Hombres","Hombres","55 a 59","1002000095","Población de 55 a 59 años. Hombres","Número de personas","19","Nuevo León","2010",2010,NA,2010-01-01,78944
"Población","Grupos de edad","Hombres","Hombres","55 a 59","1002000095","Población de 55 a 59 años. Hombres","Número de personas","19","Nuevo León","2020",2020,NA,2020-01-01,126971
"Población","Grupos de edad","Hombres","Hombres","55 a 59","1002000095","Población de 55 a 59 años. Hombres","Número de personas","19007","Aramberri","2020",2020,NA,2020-01-01,356
"Población","Grupos de edad","Hombres","Hombres","55 a 59","1002000095","Población de 55 a 59 años. Hombres","Número de personas","19014","Doctor Arroyo","2020",2020,NA,2020-01-01,769
"Población","Grupos de edad","Hombres","Hombres","55 a 59","1002000095","Población de 55 a 59 años. Hombres","Número de personas","19024","General Zaragoza","2020",2020,NA,2020-01-01,119
"Población","Grupos de edad","Hombres","Hombres","55 a 59","1002000095","Población de 55 a 59 años. Hombres","Número de personas","19036","Mier y Noriega","2020",2020,NA,2020-01-01,137
"Población","Grupos de edad","Mujeres","Mujeres","55 a 59","1002000096","Población de 55 a 59 años. Mujeres","Número de personas","00","Nacional","1990",1990,NA,1990-01-01,975620
"Población","Grupos de edad","Mujeres","Mujeres","55 a 59","1002000096","Población de 55 a 59 años. Mujeres","Número de personas","00","Nacional","1995",1995,NA,1995-01-01,1148604
"Población","Grupos de edad","Mujeres","Mujeres","55 a 59","1002000096","Población de 55 a 59 años. Mujeres","Número de personas","00","Nacional","2000",2000,NA,2000-01-01,1325159
"Población","Grupos de edad","Mujeres","Mujeres","55 a 59","1002000096","Población de 55 a 59 años. Mujeres","Número de personas","00","Nacional","2005",2005,NA,2005-01-01,1619090
"Población","Grupos de edad","Mujeres","Mujeres","55 a 59","1002000096","Población de 55 a 59 años. Mujeres","Número de personas","00","Nacional","2010",2010,NA,2010-01-01,2025828
"Población","Grupos de edad","Mujeres","Mujeres","55 a 59","1002000096","Población de 55 a 59 años. Mujeres","Número de personas","00","Nacional","2020",2020,NA,2020-01-01,3002982
"Población","Grupos de edad","Mujeres","Mujeres","55 a 59","1002000096","Población de 55 a 59 años. Mujeres","Número de personas","19","Nuevo León","1990",1990,NA,1990-01-01,38147
"Población","Grupos de edad","Mujeres","Mujeres","55 a 59","1002000096","Población de 55 a 59 años. Mujeres","Número de personas","19","Nuevo León","1995",1995,NA,1995-01-01,48557
"Población","Grupos de edad","Mujeres","Mujeres","55 a 59","1002000096","Población de 55 a 59 años. Mujeres","Número de personas","19","Nuevo León","2000",2000,NA,2000-01-01,55851
"Población","Grupos de edad","Mujeres","Mujeres","55 a 59","1002000096","Población de 55 a 59 años. Mujeres","Número de personas","19","Nuevo León","2005",2005,NA,2005-01-01,68922
"Población","Grupos de edad","Mujeres","Mujeres","55 a 59","1002000096","Población de 55 a 59 años. Mujeres","Número de personas","19","Nuevo León","2010",2010,NA,2010-01-01,83196
"Población","Grupos de edad","Mujeres","Mujeres","55 a 59","1002000096","Población de 55 a 59 años. Mujeres","Número de personas","19","Nuevo León","2020",2020,NA,2020-01-01,133074
"Población","Grupos de edad","Mujeres","Mujeres","55 a 59","1002000096","Población de 55 a 59 años. Mujeres","Número de personas","19007","Aramberri","2020",2020,NA,2020-01-01,325
"Población","Grupos de edad","Mujeres","Mujeres","55 a 59","1002000096","Población de 55 a 59 años. Mujeres","Número de personas","19014","Doctor Arroyo","2020",2020,NA,2020-01-01,786
"Población","Grupos de edad","Mujeres","Mujeres","55 a 59","1002000096","Población de 55 a 59 años. Mujeres","Número de personas","19024","General Zaragoza","2020",2020,NA,2020-01-01,137
"Población","Grupos de edad","Mujeres","Mujeres","55 a 59","1002000096","Población de 55 a 59 años. Mujeres","Número de personas","19036","Mier y Noriega","2020",2020,NA,2020-01-01,136
"Población","Grupos de edad","Total","Total","60 a 64","1002000097","Población de 60 a 64 años","Personas","00","Nacional","1990",1990,NA,1990-01-01,1611317
"Población","Grupos de edad","Total","Total","60 a 64","1002000097","Población de 60 a 64 años","Personas","00","Nacional","1995",1995,NA,1995-01-01,1941953
"Población","Grupos de edad","Total","Total","60 a 64","1002000097","Población de 60 a 64 años","Personas","00","Nacional","2000",2000,NA,2000-01-01,2198146
"Población","Grupos de edad","Total","Total","60 a 64","1002000097","Población de 60 a 64 años","Personas","00","Nacional","2005",2005,NA,2005-01-01,2622476
"Población","Grupos de edad","Total","Total","60 a 64","1002000097","Población de 60 a 64 años","Personas","00","Nacional","2010",2010,NA,2010-01-01,3116466
"Población","Grupos de edad","Total","Total","60 a 64","1002000097","Población de 60 a 64 años","Personas","00","Nacional","2020",2020,NA,2020-01-01,4821062
"Población","Grupos de edad","Total","Total","60 a 64","1002000097","Población de 60 a 64 años","Personas","19","Nuevo León","1990",1990,NA,1990-01-01,62398
"Población","Grupos de edad","Total","Total","60 a 64","1002000097","Población de 60 a 64 años","Personas","19","Nuevo León","1995",1995,NA,1995-01-01,77359
"Población","Grupos de edad","Total","Total","60 a 64","1002000097","Población de 60 a 64 años","Personas","19","Nuevo León","2000",2000,NA,2000-01-01,92626
"Población","Grupos de edad","Total","Total","60 a 64","1002000097","Población de 60 a 64 años","Personas","19","Nuevo León","2005",2005,NA,2005-01-01,108646
"Población","Grupos de edad","Total","Total","60 a 64","1002000097","Población de 60 a 64 años","Personas","19","Nuevo León","2010",2010,NA,2010-01-01,132607
"Población","Grupos de edad","Total","Total","60 a 64","1002000097","Población de 60 a 64 años","Personas","19","Nuevo León","2020",2020,NA,2020-01-01,217238
"Población","Grupos de edad","Total","Total","60 a 64","1002000097","Población de 60 a 64 años","Personas","19007","Aramberri","2020",2020,NA,2020-01-01,617
"Población","Grupos de edad","Total","Total","60 a 64","1002000097","Población de 60 a 64 años","Personas","19014","Doctor Arroyo","2020",2020,NA,2020-01-01,1319
"Población","Grupos de edad","Total","Total","60 a 64","1002000097","Población de 60 a 64 años","Personas","19024","General Zaragoza","2020",2020,NA,2020-01-01,253
"Población","Grupos de edad","Total","Total","60 a 64","1002000097","Población de 60 a 64 años","Personas","19036","Mier y Noriega","2020",2020,NA,2020-01-01,263
"Población","Grupos de edad","Hombres","Hombres","60 a 64","1002000098","Población de 60 a 64 años. Hombres","Número de personas","00","Nacional","1990",1990,NA,1990-01-01,769917
"Población","Grupos de edad","Hombres","Hombres","60 a 64","1002000098","Población de 60 a 64 años. Hombres","Número de personas","00","Nacional","1995",1995,NA,1995-01-01,929650
"Población","Grupos de edad","Hombres","Hombres","60 a 64","1002000098","Población de 60 a 64 años. Hombres","Número de personas","00","Nacional","2000",2000,NA,2000-01-01,1045404
"Población","Grupos de edad","Hombres","Hombres","60 a 64","1002000098","Población de 60 a 64 años. Hombres","Número de personas","00","Nacional","2005",2005,NA,2005-01-01,1243788
"Población","Grupos de edad","Hombres","Hombres","60 a 64","1002000098","Población de 60 a 64 años. Hombres","Número de personas","00","Nacional","2010",2010,NA,2010-01-01,1476667
"Población","Grupos de edad","Hombres","Hombres","60 a 64","1002000098","Población de 60 a 64 años. Hombres","Número de personas","00","Nacional","2020",2020,NA,2020-01-01,2257862
"Población","Grupos de edad","Hombres","Hombres","60 a 64","1002000098","Población de 60 a 64 años. Hombres","Número de personas","19","Nuevo León","1990",1990,NA,1990-01-01,29546
"Población","Grupos de edad","Hombres","Hombres","60 a 64","1002000098","Población de 60 a 64 años. Hombres","Número de personas","19","Nuevo León","1995",1995,NA,1995-01-01,37553
"Población","Grupos de edad","Hombres","Hombres","60 a 64","1002000098","Población de 60 a 64 años. Hombres","Número de personas","19","Nuevo León","2000",2000,NA,2000-01-01,44938
"Población","Grupos de edad","Hombres","Hombres","60 a 64","1002000098","Población de 60 a 64 años. Hombres","Número de personas","19","Nuevo León","2005",2005,NA,2005-01-01,52394
"Población","Grupos de edad","Hombres","Hombres","60 a 64","1002000098","Población de 60 a 64 años. Hombres","Número de personas","19","Nuevo León","2010",2010,NA,2010-01-01,63516
"Población","Grupos de edad","Hombres","Hombres","60 a 64","1002000098","Población de 60 a 64 años. Hombres","Número de personas","19","Nuevo León","2020",2020,NA,2020-01-01,103697
"Población","Grupos de edad","Hombres","Hombres","60 a 64","1002000098","Población de 60 a 64 años. Hombres","Número de personas","19007","Aramberri","2020",2020,NA,2020-01-01,320
"Población","Grupos de edad","Hombres","Hombres","60 a 64","1002000098","Población de 60 a 64 años. Hombres","Número de personas","19014","Doctor Arroyo","2020",2020,NA,2020-01-01,670
"Población","Grupos de edad","Hombres","Hombres","60 a 64","1002000098","Población de 60 a 64 años. Hombres","Número de personas","19024","General Zaragoza","2020",2020,NA,2020-01-01,137
"Población","Grupos de edad","Hombres","Hombres","60 a 64","1002000098","Población de 60 a 64 años. Hombres","Número de personas","19036","Mier y Noriega","2020",2020,NA,2020-01-01,138
"Población","Grupos de edad","Mujeres","Mujeres","60 a 64","1002000099","Población de 60 a 64 años. Mujeres","Número de personas","00","Nacional","1990",1990,NA,1990-01-01,841400
"Población","Grupos de edad","Mujeres","Mujeres","60 a 64","1002000099","Población de 60 a 64 años. Mujeres","Número de personas","00","Nacional","1995",1995,NA,1995-01-01,1012303
"Población","Grupos de edad","Mujeres","Mujeres","60 a 64","1002000099","Población de 60 a 64 años. Mujeres","Número de personas","00","Nacional","2000",2000,NA,2000-01-01,1152742
"Población","Grupos de edad","Mujeres","Mujeres","60 a 64","1002000099","Población de 60 a 64 años. Mujeres","Número de personas","00","Nacional","2005",2005,NA,2005-01-01,1378688
"Población","Grupos de edad","Mujeres","Mujeres","60 a 64","1002000099","Población de 60 a 64 años. Mujeres","Número de personas","00","Nacional","2010",2010,NA,2010-01-01,1639799
"Población","Grupos de edad","Mujeres","Mujeres","60 a 64","1002000099","Población de 60 a 64 años. Mujeres","Número de personas","00","Nacional","2020",2020,NA,2020-01-01,2563200
"Población","Grupos de edad","Mujeres","Mujeres","60 a 64","1002000099","Población de 60 a 64 años. Mujeres","Número de personas","19","Nuevo León","1990",1990,NA,1990-01-01,32852
"Población","Grupos de edad","Mujeres","Mujeres","60 a 64","1002000099","Población de 60 a 64 años. Mujeres","Número de personas","19","Nuevo León","1995",1995,NA,1995-01-01,39806
"Población","Grupos de edad","Mujeres","Mujeres","60 a 64","1002000099","Población de 60 a 64 años. Mujeres","Número de personas","19","Nuevo León","2000",2000,NA,2000-01-01,47688
"Población","Grupos de edad","Mujeres","Mujeres","60 a 64","1002000099","Población de 60 a 64 años. Mujeres","Número de personas","19","Nuevo León","2005",2005,NA,2005-01-01,56252
"Población","Grupos de edad","Mujeres","Mujeres","60 a 64","1002000099","Población de 60 a 64 años. Mujeres","Número de personas","19","Nuevo León","2010",2010,NA,2010-01-01,69091
"Población","Grupos de edad","Mujeres","Mujeres","60 a 64","1002000099","Población de 60 a 64 años. Mujeres","Número de personas","19","Nuevo León","2020",2020,NA,2020-01-01,113541
"Población","Grupos de edad","Mujeres","Mujeres","60 a 64","1002000099","Población de 60 a 64 años. Mujeres","Número de personas","19007","Aramberri","2020",2020,NA,2020-01-01,297
"Población","Grupos de edad","Mujeres","Mujeres","60 a 64","1002000099","Población de 60 a 64 años. Mujeres","Número de personas","19014","Doctor Arroyo","2020",2020,NA,2020-01-01,649
"Población","Grupos de edad","Mujeres","Mujeres","60 a 64","1002000099","Población de 60 a 64 años. Mujeres","Número de personas","19024","General Zaragoza","2020",2020,NA,2020-01-01,116
"Población","Grupos de edad","Mujeres","Mujeres","60 a 64","1002000099","Población de 60 a 64 años. Mujeres","Número de personas","19036","Mier y Noriega","2020",2020,NA,2020-01-01,125
"Población","Grupos de edad","Total","Total","65 a 69","1002000100","Población de 65 a 69 años","Personas","00","Nacional","1990",1990,NA,1990-01-01,1183651
"Población","Grupos de edad","Total","Total","65 a 69","1002000100","Población de 65 a 69 años","Personas","00","Nacional","1995",1995,NA,1995-01-01,1425809
"Población","Grupos de edad","Total","Total","65 a 69","1002000100","Población de 65 a 69 años","Personas","00","Nacional","2000",2000,NA,2000-01-01,1660785
"Población","Grupos de edad","Total","Total","65 a 69","1002000100","Población de 65 a 69 años","Personas","00","Nacional","2005",2005,NA,2005-01-01,1958069
"Población","Grupos de edad","Total","Total","65 a 69","1002000100","Población de 65 a 69 años","Personas","00","Nacional","2010",2010,NA,2010-01-01,2317265
"Población","Grupos de edad","Total","Total","65 a 69","1002000100","Población de 65 a 69 años","Personas","00","Nacional","2020",2020,NA,2020-01-01,3645077
"Población","Grupos de edad","Total","Total","65 a 69","1002000100","Población de 65 a 69 años","Personas","19","Nuevo León","1990",1990,NA,1990-01-01,46095
"Población","Grupos de edad","Total","Total","65 a 69","1002000100","Población de 65 a 69 años","Personas","19","Nuevo León","1995",1995,NA,1995-01-01,57318
"Población","Grupos de edad","Total","Total","65 a 69","1002000100","Población de 65 a 69 años","Personas","19","Nuevo León","2000",2000,NA,2000-01-01,65875
"Población","Grupos de edad","Total","Total","65 a 69","1002000100","Población de 65 a 69 años","Personas","19","Nuevo León","2005",2005,NA,2005-01-01,83083
"Población","Grupos de edad","Total","Total","65 a 69","1002000100","Población de 65 a 69 años","Personas","19","Nuevo León","2010",2010,NA,2010-01-01,96803
"Población","Grupos de edad","Total","Total","65 a 69","1002000100","Población de 65 a 69 años","Personas","19","Nuevo León","2020",2020,NA,2020-01-01,154408
"Población","Grupos de edad","Total","Total","65 a 69","1002000100","Población de 65 a 69 años","Personas","19007","Aramberri","2020",2020,NA,2020-01-01,552
"Población","Grupos de edad","Total","Total","65 a 69","1002000100","Población de 65 a 69 años","Personas","19014","Doctor Arroyo","2020",2020,NA,2020-01-01,1079
"Población","Grupos de edad","Total","Total","65 a 69","1002000100","Población de 65 a 69 años","Personas","19024","General Zaragoza","2020",2020,NA,2020-01-01,206
"Población","Grupos de edad","Total","Total","65 a 69","1002000100","Población de 65 a 69 años","Personas","19036","Mier y Noriega","2020",2020,NA,2020-01-01,211
"Población","Grupos de edad","Hombres","Hombres","65 a 69","1002000101","Población de 65 a 69 años. Hombres","Número de personas","00","Nacional","1990",1990,NA,1990-01-01,567641
"Población","Grupos de edad","Hombres","Hombres","65 a 69","1002000101","Población de 65 a 69 años. Hombres","Número de personas","00","Nacional","1995",1995,NA,1995-01-01,674004
"Población","Grupos de edad","Hombres","Hombres","65 a 69","1002000101","Población de 65 a 69 años. Hombres","Número de personas","00","Nacional","2000",2000,NA,2000-01-01,779666
"Población","Grupos de edad","Hombres","Hombres","65 a 69","1002000101","Población de 65 a 69 años. Hombres","Número de personas","00","Nacional","2005",2005,NA,2005-01-01,922592
"Población","Grupos de edad","Hombres","Hombres","65 a 69","1002000101","Población de 65 a 69 años. Hombres","Número de personas","00","Nacional","2010",2010,NA,2010-01-01,1095273
"Población","Grupos de edad","Hombres","Hombres","65 a 69","1002000101","Población de 65 a 69 años. Hombres","Número de personas","00","Nacional","2020",2020,NA,2020-01-01,1706850
"Población","Grupos de edad","Hombres","Hombres","65 a 69","1002000101","Población de 65 a 69 años. Hombres","Número de personas","19","Nuevo León","1990",1990,NA,1990-01-01,22190
"Población","Grupos de edad","Hombres","Hombres","65 a 69","1002000101","Población de 65 a 69 años. Hombres","Número de personas","19","Nuevo León","1995",1995,NA,1995-01-01,27042
"Población","Grupos de edad","Hombres","Hombres","65 a 69","1002000101","Población de 65 a 69 años. Hombres","Número de personas","19","Nuevo León","2000",2000,NA,2000-01-01,31411
"Población","Grupos de edad","Hombres","Hombres","65 a 69","1002000101","Población de 65 a 69 años. Hombres","Número de personas","19","Nuevo León","2005",2005,NA,2005-01-01,39917
"Población","Grupos de edad","Hombres","Hombres","65 a 69","1002000101","Población de 65 a 69 años. Hombres","Número de personas","19","Nuevo León","2010",2010,NA,2010-01-01,46293
"Población","Grupos de edad","Hombres","Hombres","65 a 69","1002000101","Población de 65 a 69 años. Hombres","Número de personas","19","Nuevo León","2020",2020,NA,2020-01-01,72766
"Población","Grupos de edad","Hombres","Hombres","65 a 69","1002000101","Población de 65 a 69 años. Hombres","Número de personas","19007","Aramberri","2020",2020,NA,2020-01-01,291
"Población","Grupos de edad","Hombres","Hombres","65 a 69","1002000101","Población de 65 a 69 años. Hombres","Número de personas","19014","Doctor Arroyo","2020",2020,NA,2020-01-01,547
"Población","Grupos de edad","Hombres","Hombres","65 a 69","1002000101","Población de 65 a 69 años. Hombres","Número de personas","19024","General Zaragoza","2020",2020,NA,2020-01-01,113
"Población","Grupos de edad","Hombres","Hombres","65 a 69","1002000101","Población de 65 a 69 años. Hombres","Número de personas","19036","Mier y Noriega","2020",2020,NA,2020-01-01,117
"Población","Grupos de edad","Mujeres","Mujeres","65 a 69","1002000102","Población de 65 a 69 años. Mujeres","Número de personas","00","Nacional","1990",1990,NA,1990-01-01,616010
"Población","Grupos de edad","Mujeres","Mujeres","65 a 69","1002000102","Población de 65 a 69 años. Mujeres","Número de personas","00","Nacional","1995",1995,NA,1995-01-01,751805
"Población","Grupos de edad","Mujeres","Mujeres","65 a 69","1002000102","Población de 65 a 69 años. Mujeres","Número de personas","00","Nacional","2000",2000,NA,2000-01-01,881119
"Población","Grupos de edad","Mujeres","Mujeres","65 a 69","1002000102","Población de 65 a 69 años. Mujeres","Número de personas","00","Nacional","2005",2005,NA,2005-01-01,1035477
"Población","Grupos de edad","Mujeres","Mujeres","65 a 69","1002000102","Población de 65 a 69 años. Mujeres","Número de personas","00","Nacional","2010",2010,NA,2010-01-01,1221992
"Población","Grupos de edad","Mujeres","Mujeres","65 a 69","1002000102","Población de 65 a 69 años. Mujeres","Número de personas","00","Nacional","2020",2020,NA,2020-01-01,1938227
"Población","Grupos de edad","Mujeres","Mujeres","65 a 69","1002000102","Población de 65 a 69 años. Mujeres","Número de personas","19","Nuevo León","1990",1990,NA,1990-01-01,23905
"Población","Grupos de edad","Mujeres","Mujeres","65 a 69","1002000102","Población de 65 a 69 años. Mujeres","Número de personas","19","Nuevo León","1995",1995,NA,1995-01-01,30276
"Población","Grupos de edad","Mujeres","Mujeres","65 a 69","1002000102","Población de 65 a 69 años. Mujeres","Número de personas","19","Nuevo León","2000",2000,NA,2000-01-01,34464
"Población","Grupos de edad","Mujeres","Mujeres","65 a 69","1002000102","Población de 65 a 69 años. Mujeres","Número de personas","19","Nuevo León","2005",2005,NA,2005-01-01,43166
"Población","Grupos de edad","Mujeres","Mujeres","65 a 69","1002000102","Población de 65 a 69 años. Mujeres","Número de personas","19","Nuevo León","2010",2010,NA,2010-01-01,50510
"Población","Grupos de edad","Mujeres","Mujeres","65 a 69","1002000102","Población de 65 a 69 años. Mujeres","Número de personas","19","Nuevo León","2020",2020,NA,2020-01-01,81642
"Población","Grupos de edad","Mujeres","Mujeres","65 a 69","1002000102","Población de 65 a 69 años. Mujeres","Número de personas","19007","Aramberri","2020",2020,NA,2020-01-01,261
"Población","Grupos de edad","Mujeres","Mujeres","65 a 69","1002000102","Población de 65 a 69 años. Mujeres","Número de personas","19014","Doctor Arroyo","2020",2020,NA,2020-01-01,532
"Población","Grupos de edad","Mujeres","Mujeres","65 a 69","1002000102","Población de 65 a 69 años. Mujeres","Número de personas","19024","General Zaragoza","2020",2020,NA,2020-01-01,93
"Población","Grupos de edad","Mujeres","Mujeres","65 a 69","1002000102","Población de 65 a 69 años. Mujeres","Número de personas","19036","Mier y Noriega","2020",2020,NA,2020-01-01,94
"Población","Grupos de edad","Total","Total","70 a 74","1002000103","Población de 70 a 74 años","Personas","00","Nacional","1990",1990,NA,1990-01-01,827027
"Población","Grupos de edad","Total","Total","70 a 74","1002000103","Población de 70 a 74 años","Personas","00","Nacional","1995",1995,NA,1995-01-01,1079803
"Población","Grupos de edad","Total","Total","70 a 74","1002000103","Población de 70 a 74 años","Personas","00","Nacional","2000",2000,NA,2000-01-01,1245674
"Población","Grupos de edad","Total","Total","70 a 74","1002000103","Población de 70 a 74 años","Personas","00","Nacional","2005",2005,NA,2005-01-01,1496691
"Población","Grupos de edad","Total","Total","70 a 74","1002000103","Población de 70 a 74 años","Personas","00","Nacional","2010",2010,NA,2010-01-01,1873934
"Población","Grupos de edad","Total","Total","70 a 74","1002000103","Población de 70 a 74 años","Personas","00","Nacional","2020",2020,NA,2020-01-01,2647340
"Población","Grupos de edad","Total","Total","70 a 74","1002000103","Población de 70 a 74 años","Personas","19","Nuevo León","1990",1990,NA,1990-01-01,29882
"Población","Grupos de edad","Total","Total","70 a 74","1002000103","Población de 70 a 74 años","Personas","19","Nuevo León","1995",1995,NA,1995-01-01,41030
"Población","Grupos de edad","Total","Total","70 a 74","1002000103","Población de 70 a 74 años","Personas","19","Nuevo León","2000",2000,NA,2000-01-01,48611
"Población","Grupos de edad","Total","Total","70 a 74","1002000103","Población de 70 a 74 años","Personas","19","Nuevo León","2005",2005,NA,2005-01-01,59373
"Población","Grupos de edad","Total","Total","70 a 74","1002000103","Población de 70 a 74 años","Personas","19","Nuevo León","2010",2010,NA,2010-01-01,75631
"Población","Grupos de edad","Total","Total","70 a 74","1002000103","Población de 70 a 74 años","Personas","19","Nuevo León","2020",2020,NA,2020-01-01,115822
"Población","Grupos de edad","Total","Total","70 a 74","1002000103","Población de 70 a 74 años","Personas","19007","Aramberri","2020",2020,NA,2020-01-01,450
"Población","Grupos de edad","Total","Total","70 a 74","1002000103","Población de 70 a 74 años","Personas","19014","Doctor Arroyo","2020",2020,NA,2020-01-01,1036
"Población","Grupos de edad","Total","Total","70 a 74","1002000103","Población de 70 a 74 años","Personas","19024","General Zaragoza","2020",2020,NA,2020-01-01,196
"Población","Grupos de edad","Total","Total","70 a 74","1002000103","Población de 70 a 74 años","Personas","19036","Mier y Noriega","2020",2020,NA,2020-01-01,193
"Población","Grupos de edad","Hombres","Hombres","70 a 74","1002000104","Población de 70 a 74 años. Hombres","Número de personas","00","Nacional","1990",1990,NA,1990-01-01,394031
"Población","Grupos de edad","Hombres","Hombres","70 a 74","1002000104","Población de 70 a 74 años. Hombres","Número de personas","00","Nacional","1995",1995,NA,1995-01-01,521069
"Población","Grupos de edad","Hombres","Hombres","70 a 74","1002000104","Población de 70 a 74 años. Hombres","Número de personas","00","Nacional","2000",2000,NA,2000-01-01,589106
"Población","Grupos de edad","Hombres","Hombres","70 a 74","1002000104","Población de 70 a 74 años. Hombres","Número de personas","00","Nacional","2005",2005,NA,2005-01-01,703277
"Población","Grupos de edad","Hombres","Hombres","70 a 74","1002000104","Población de 70 a 74 años. Hombres","Número de personas","00","Nacional","2010",2010,NA,2010-01-01,873893
"Población","Grupos de edad","Hombres","Hombres","70 a 74","1002000104","Población de 70 a 74 años. Hombres","Número de personas","00","Nacional","2020",2020,NA,2020-01-01,1233492
"Población","Grupos de edad","Hombres","Hombres","70 a 74","1002000104","Población de 70 a 74 años. Hombres","Número de personas","19","Nuevo León","1990",1990,NA,1990-01-01,13885
"Población","Grupos de edad","Hombres","Hombres","70 a 74","1002000104","Población de 70 a 74 años. Hombres","Número de personas","19","Nuevo León","1995",1995,NA,1995-01-01,19660
"Población","Grupos de edad","Hombres","Hombres","70 a 74","1002000104","Población de 70 a 74 años. Hombres","Número de personas","19","Nuevo León","2000",2000,NA,2000-01-01,22607
"Población","Grupos de edad","Hombres","Hombres","70 a 74","1002000104","Población de 70 a 74 años. Hombres","Número de personas","19","Nuevo León","2005",2005,NA,2005-01-01,27965
"Población","Grupos de edad","Hombres","Hombres","70 a 74","1002000104","Población de 70 a 74 años. Hombres","Número de personas","19","Nuevo León","2010",2010,NA,2010-01-01,35695
"Población","Grupos de edad","Hombres","Hombres","70 a 74","1002000104","Población de 70 a 74 años. Hombres","Número de personas","19","Nuevo León","2020",2020,NA,2020-01-01,53640
"Población","Grupos de edad","Hombres","Hombres","70 a 74","1002000104","Población de 70 a 74 años. Hombres","Número de personas","19007","Aramberri","2020",2020,NA,2020-01-01,231
"Población","Grupos de edad","Hombres","Hombres","70 a 74","1002000104","Población de 70 a 74 años. Hombres","Número de personas","19014","Doctor Arroyo","2020",2020,NA,2020-01-01,544
"Población","Grupos de edad","Hombres","Hombres","70 a 74","1002000104","Población de 70 a 74 años. Hombres","Número de personas","19024","General Zaragoza","2020",2020,NA,2020-01-01,98
"Población","Grupos de edad","Hombres","Hombres","70 a 74","1002000104","Población de 70 a 74 años. Hombres","Número de personas","19036","Mier y Noriega","2020",2020,NA,2020-01-01,93
"Población","Grupos de edad","Mujeres","Mujeres","70 a 74","1002000105","Población de 70 a 74 años. Mujeres","Número de personas","00","Nacional","1990",1990,NA,1990-01-01,432996
"Población","Grupos de edad","Mujeres","Mujeres","70 a 74","1002000105","Población de 70 a 74 años. Mujeres","Número de personas","00","Nacional","1995",1995,NA,1995-01-01,558734
"Población","Grupos de edad","Mujeres","Mujeres","70 a 74","1002000105","Población de 70 a 74 años. Mujeres","Número de personas","00","Nacional","2000",2000,NA,2000-01-01,656568
"Población","Grupos de edad","Mujeres","Mujeres","70 a 74","1002000105","Población de 70 a 74 años. Mujeres","Número de personas","00","Nacional","2005",2005,NA,2005-01-01,793414
"Población","Grupos de edad","Mujeres","Mujeres","70 a 74","1002000105","Población de 70 a 74 años. Mujeres","Número de personas","00","Nacional","2010",2010,NA,2010-01-01,1000041
"Población","Grupos de edad","Mujeres","Mujeres","70 a 74","1002000105","Población de 70 a 74 años. Mujeres","Número de personas","00","Nacional","2020",2020,NA,2020-01-01,1413848
"Población","Grupos de edad","Mujeres","Mujeres","70 a 74","1002000105","Población de 70 a 74 años. Mujeres","Número de personas","19","Nuevo León","1990",1990,NA,1990-01-01,15997
"Población","Grupos de edad","Mujeres","Mujeres","70 a 74","1002000105","Población de 70 a 74 años. Mujeres","Número de personas","19","Nuevo León","1995",1995,NA,1995-01-01,21370
"Población","Grupos de edad","Mujeres","Mujeres","70 a 74","1002000105","Población de 70 a 74 años. Mujeres","Número de personas","19","Nuevo León","2000",2000,NA,2000-01-01,26004
"Población","Grupos de edad","Mujeres","Mujeres","70 a 74","1002000105","Población de 70 a 74 años. Mujeres","Número de personas","19","Nuevo León","2005",2005,NA,2005-01-01,31408
"Población","Grupos de edad","Mujeres","Mujeres","70 a 74","1002000105","Población de 70 a 74 años. Mujeres","Número de personas","19","Nuevo León","2010",2010,NA,2010-01-01,39936
"Población","Grupos de edad","Mujeres","Mujeres","70 a 74","1002000105","Población de 70 a 74 años. Mujeres","Número de personas","19","Nuevo León","2020",2020,NA,2020-01-01,62182
"Población","Grupos de edad","Mujeres","Mujeres","70 a 74","1002000105","Población de 70 a 74 años. Mujeres","Número de personas","19007","Aramberri","2020",2020,NA,2020-01-01,219
"Población","Grupos de edad","Mujeres","Mujeres","70 a 74","1002000105","Población de 70 a 74 años. Mujeres","Número de personas","19014","Doctor Arroyo","2020",2020,NA,2020-01-01,492
"Población","Grupos de edad","Mujeres","Mujeres","70 a 74","1002000105","Población de 70 a 74 años. Mujeres","Número de personas","19024","General Zaragoza","2020",2020,NA,2020-01-01,98
"Población","Grupos de edad","Mujeres","Mujeres","70 a 74","1002000105","Población de 70 a 74 años. Mujeres","Número de personas","19036","Mier y Noriega","2020",2020,NA,2020-01-01,100
"Población","Grupos de edad","Total","Total","75 a 79","1002000106","Población de 75 a 79 años","Personas","00","Nacional","1990",1990,NA,1990-01-01,590836
"Población","Grupos de edad","Total","Total","75 a 79","1002000106","Población de 75 a 79 años","Personas","00","Nacional","1995",1995,NA,1995-01-01,666196
"Población","Grupos de edad","Total","Total","75 a 79","1002000106","Población de 75 a 79 años","Personas","00","Nacional","2000",2000,NA,2000-01-01,865270
"Población","Grupos de edad","Total","Total","75 a 79","1002000106","Población de 75 a 79 años","Personas","00","Nacional","2005",2005,NA,2005-01-01,1048315
"Población","Grupos de edad","Total","Total","75 a 79","1002000106","Población de 75 a 79 años","Personas","00","Nacional","2010",2010,NA,2010-01-01,1245483
"Población","Grupos de edad","Total","Total","75 a 79","1002000106","Población de 75 a 79 años","Personas","00","Nacional","2020",2020,NA,2020-01-01,1814582
"Población","Grupos de edad","Total","Total","75 a 79","1002000106","Población de 75 a 79 años","Personas","19","Nuevo León","1990",1990,NA,1990-01-01,23068
"Población","Grupos de edad","Total","Total","75 a 79","1002000106","Población de 75 a 79 años","Personas","19","Nuevo León","1995",1995,NA,1995-01-01,25120
"Población","Grupos de edad","Total","Total","75 a 79","1002000106","Población de 75 a 79 años","Personas","19","Nuevo León","2000",2000,NA,2000-01-01,33324
"Población","Grupos de edad","Total","Total","75 a 79","1002000106","Población de 75 a 79 años","Personas","19","Nuevo León","2005",2005,NA,2005-01-01,40397
"Población","Grupos de edad","Total","Total","75 a 79","1002000106","Población de 75 a 79 años","Personas","19","Nuevo León","2010",2010,NA,2010-01-01,48049
"Población","Grupos de edad","Total","Total","75 a 79","1002000106","Población de 75 a 79 años","Personas","19","Nuevo León","2020",2020,NA,2020-01-01,77327
"Población","Grupos de edad","Total","Total","75 a 79","1002000106","Población de 75 a 79 años","Personas","19007","Aramberri","2020",2020,NA,2020-01-01,453
"Población","Grupos de edad","Total","Total","75 a 79","1002000106","Población de 75 a 79 años","Personas","19014","Doctor Arroyo","2020",2020,NA,2020-01-01,900
"Población","Grupos de edad","Total","Total","75 a 79","1002000106","Población de 75 a 79 años","Personas","19024","General Zaragoza","2020",2020,NA,2020-01-01,138
"Población","Grupos de edad","Total","Total","75 a 79","1002000106","Población de 75 a 79 años","Personas","19036","Mier y Noriega","2020",2020,NA,2020-01-01,193
"Población","Grupos de edad","Hombres","Hombres","75 a 79","1002000107","Población de 75 a 79 años. Hombres","Número de personas","00","Nacional","1990",1990,NA,1990-01-01,277835
"Población","Grupos de edad","Hombres","Hombres","75 a 79","1002000107","Población de 75 a 79 años. Hombres","Número de personas","00","Nacional","1995",1995,NA,1995-01-01,317553
"Población","Grupos de edad","Hombres","Hombres","75 a 79","1002000107","Población de 75 a 79 años. Hombres","Número de personas","00","Nacional","2000",2000,NA,2000-01-01,411197
"Población","Grupos de edad","Hombres","Hombres","75 a 79","1002000107","Población de 75 a 79 años. Hombres","Número de personas","00","Nacional","2005",2005,NA,2005-01-01,490840
"Población","Grupos de edad","Hombres","Hombres","75 a 79","1002000107","Población de 75 a 79 años. Hombres","Número de personas","00","Nacional","2010",2010,NA,2010-01-01,579689
"Población","Grupos de edad","Hombres","Hombres","75 a 79","1002000107","Población de 75 a 79 años. Hombres","Número de personas","00","Nacional","2020",2020,NA,2020-01-01,847898
"Población","Grupos de edad","Hombres","Hombres","75 a 79","1002000107","Población de 75 a 79 años. Hombres","Número de personas","19","Nuevo León","1990",1990,NA,1990-01-01,10578
"Población","Grupos de edad","Hombres","Hombres","75 a 79","1002000107","Población de 75 a 79 años. Hombres","Número de personas","19","Nuevo León","1995",1995,NA,1995-01-01,11677
"Población","Grupos de edad","Hombres","Hombres","75 a 79","1002000107","Población de 75 a 79 años. Hombres","Número de personas","19","Nuevo León","2000",2000,NA,2000-01-01,15550
"Población","Grupos de edad","Hombres","Hombres","75 a 79","1002000107","Población de 75 a 79 años. Hombres","Número de personas","19","Nuevo León","2005",2005,NA,2005-01-01,18477
"Población","Grupos de edad","Hombres","Hombres","75 a 79","1002000107","Población de 75 a 79 años. Hombres","Número de personas","19","Nuevo León","2010",2010,NA,2010-01-01,22136
"Población","Grupos de edad","Hombres","Hombres","75 a 79","1002000107","Población de 75 a 79 años. Hombres","Número de personas","19","Nuevo León","2020",2020,NA,2020-01-01,35523
"Población","Grupos de edad","Hombres","Hombres","75 a 79","1002000107","Población de 75 a 79 años. Hombres","Número de personas","19007","Aramberri","2020",2020,NA,2020-01-01,226
"Población","Grupos de edad","Hombres","Hombres","75 a 79","1002000107","Población de 75 a 79 años. Hombres","Número de personas","19014","Doctor Arroyo","2020",2020,NA,2020-01-01,478
"Población","Grupos de edad","Hombres","Hombres","75 a 79","1002000107","Población de 75 a 79 años. Hombres","Número de personas","19024","General Zaragoza","2020",2020,NA,2020-01-01,88
"Población","Grupos de edad","Hombres","Hombres","75 a 79","1002000107","Población de 75 a 79 años. Hombres","Número de personas","19036","Mier y Noriega","2020",2020,NA,2020-01-01,101
"Población","Grupos de edad","Mujeres","Mujeres","75 a 79","1002000108","Población de 75 a 79 años. Mujeres","Número de personas","00","Nacional","1990",1990,NA,1990-01-01,313001
"Población","Grupos de edad","Mujeres","Mujeres","75 a 79","1002000108","Población de 75 a 79 años. Mujeres","Número de personas","00","Nacional","1995",1995,NA,1995-01-01,348643
"Población","Grupos de edad","Mujeres","Mujeres","75 a 79","1002000108","Población de 75 a 79 años. Mujeres","Número de personas","00","Nacional","2000",2000,NA,2000-01-01,454073
"Población","Grupos de edad","Mujeres","Mujeres","75 a 79","1002000108","Población de 75 a 79 años. Mujeres","Número de personas","00","Nacional","2005",2005,NA,2005-01-01,557475
"Población","Grupos de edad","Mujeres","Mujeres","75 a 79","1002000108","Población de 75 a 79 años. Mujeres","Número de personas","00","Nacional","2010",2010,NA,2010-01-01,665794
"Población","Grupos de edad","Mujeres","Mujeres","75 a 79","1002000108","Población de 75 a 79 años. Mujeres","Número de personas","00","Nacional","2020",2020,NA,2020-01-01,966684
"Población","Grupos de edad","Mujeres","Mujeres","75 a 79","1002000108","Población de 75 a 79 años. Mujeres","Número de personas","19","Nuevo León","1990",1990,NA,1990-01-01,12490
"Población","Grupos de edad","Mujeres","Mujeres","75 a 79","1002000108","Población de 75 a 79 años. Mujeres","Número de personas","19","Nuevo León","1995",1995,NA,1995-01-01,13443
"Población","Grupos de edad","Mujeres","Mujeres","75 a 79","1002000108","Población de 75 a 79 años. Mujeres","Número de personas","19","Nuevo León","2000",2000,NA,2000-01-01,17774
"Población","Grupos de edad","Mujeres","Mujeres","75 a 79","1002000108","Población de 75 a 79 años. Mujeres","Número de personas","19","Nuevo León","2005",2005,NA,2005-01-01,21920
"Población","Grupos de edad","Mujeres","Mujeres","75 a 79","1002000108","Población de 75 a 79 años. Mujeres","Número de personas","19","Nuevo León","2010",2010,NA,2010-01-01,25913
"Población","Grupos de edad","Mujeres","Mujeres","75 a 79","1002000108","Población de 75 a 79 años. Mujeres","Número de personas","19","Nuevo León","2020",2020,NA,2020-01-01,41804
"Población","Grupos de edad","Mujeres","Mujeres","75 a 79","1002000108","Población de 75 a 79 años. Mujeres","Número de personas","19007","Aramberri","2020",2020,NA,2020-01-01,227
"Población","Grupos de edad","Mujeres","Mujeres","75 a 79","1002000108","Población de 75 a 79 años. Mujeres","Número de personas","19014","Doctor Arroyo","2020",2020,NA,2020-01-01,422
"Población","Grupos de edad","Mujeres","Mujeres","75 a 79","1002000108","Población de 75 a 79 años. Mujeres","Número de personas","19024","General Zaragoza","2020",2020,NA,2020-01-01,50
"Población","Grupos de edad","Mujeres","Mujeres","75 a 79","1002000108","Población de 75 a 79 años. Mujeres","Número de personas","19036","Mier y Noriega","2020",2020,NA,2020-01-01,92
"Población","Grupos de edad","Total","Total","80 a 84","1002000109","Población de 80 a 84 años","Personas","00","Nacional","1990",1990,NA,1990-01-01,401832
"Población","Grupos de edad","Total","Total","80 a 84","1002000109","Población de 80 a 84 años","Personas","00","Nacional","1995",1995,NA,1995-01-01,434120
"Población","Grupos de edad","Total","Total","80 a 84","1002000109","Población de 80 a 84 años","Personas","00","Nacional","2000",2000,NA,2000-01-01,483876
"Población","Grupos de edad","Total","Total","80 a 84","1002000109","Población de 80 a 84 años","Personas","00","Nacional","2005",2005,NA,2005-01-01,657011
"Población","Grupos de edad","Total","Total","80 a 84","1002000109","Población de 80 a 84 años","Personas","00","Nacional","2010",2010,NA,2010-01-01,798936
"Población","Grupos de edad","Total","Total","80 a 84","1002000109","Población de 80 a 84 años","Personas","00","Nacional","2020",2020,NA,2020-01-01,1175364
"Población","Grupos de edad","Total","Total","80 a 84","1002000109","Población de 80 a 84 años","Personas","19","Nuevo León","1990",1990,NA,1990-01-01,14384
"Población","Grupos de edad","Total","Total","80 a 84","1002000109","Población de 80 a 84 años","Personas","19","Nuevo León","1995",1995,NA,1995-01-01,16178
"Población","Grupos de edad","Total","Total","80 a 84","1002000109","Población de 80 a 84 años","Personas","19","Nuevo León","2000",2000,NA,2000-01-01,17528
"Población","Grupos de edad","Total","Total","80 a 84","1002000109","Población de 80 a 84 años","Personas","19","Nuevo León","2005",2005,NA,2005-01-01,24628
"Población","Grupos de edad","Total","Total","80 a 84","1002000109","Población de 80 a 84 años","Personas","19","Nuevo León","2010",2010,NA,2010-01-01,30455
"Población","Grupos de edad","Total","Total","80 a 84","1002000109","Población de 80 a 84 años","Personas","19","Nuevo León","2020",2020,NA,2020-01-01,50350
"Población","Grupos de edad","Total","Total","80 a 84","1002000109","Población de 80 a 84 años","Personas","19007","Aramberri","2020",2020,NA,2020-01-01,338
"Población","Grupos de edad","Total","Total","80 a 84","1002000109","Población de 80 a 84 años","Personas","19014","Doctor Arroyo","2020",2020,NA,2020-01-01,632
"Población","Grupos de edad","Total","Total","80 a 84","1002000109","Población de 80 a 84 años","Personas","19024","General Zaragoza","2020",2020,NA,2020-01-01,87
"Población","Grupos de edad","Total","Total","80 a 84","1002000109","Población de 80 a 84 años","Personas","19036","Mier y Noriega","2020",2020,NA,2020-01-01,131
"Población","Grupos de edad","Hombres","Hombres","80 a 84","1002000110","Población de 80 a 84 años. Hombres","Número de personas","00","Nacional","1990",1990,NA,1990-01-01,179820
"Población","Grupos de edad","Hombres","Hombres","80 a 84","1002000110","Población de 80 a 84 años. Hombres","Número de personas","00","Nacional","1995",1995,NA,1995-01-01,193923
"Población","Grupos de edad","Hombres","Hombres","80 a 84","1002000110","Población de 80 a 84 años. Hombres","Número de personas","00","Nacional","2000",2000,NA,2000-01-01,217330
"Población","Grupos de edad","Hombres","Hombres","80 a 84","1002000110","Población de 80 a 84 años. Hombres","Número de personas","00","Nacional","2005",2005,NA,2005-01-01,296351
"Población","Grupos de edad","Hombres","Hombres","80 a 84","1002000110","Población de 80 a 84 años. Hombres","Número de personas","00","Nacional","2010",2010,NA,2010-01-01,355277
"Población","Grupos de edad","Hombres","Hombres","80 a 84","1002000110","Población de 80 a 84 años. Hombres","Número de personas","00","Nacional","2020",2020,NA,2020-01-01,523812
"Población","Grupos de edad","Hombres","Hombres","80 a 84","1002000110","Población de 80 a 84 años. Hombres","Número de personas","19","Nuevo León","1990",1990,NA,1990-01-01,6381
"Población","Grupos de edad","Hombres","Hombres","80 a 84","1002000110","Población de 80 a 84 años. Hombres","Número de personas","19","Nuevo León","1995",1995,NA,1995-01-01,7040
"Población","Grupos de edad","Hombres","Hombres","80 a 84","1002000110","Población de 80 a 84 años. Hombres","Número de personas","19","Nuevo León","2000",2000,NA,2000-01-01,7667
"Población","Grupos de edad","Hombres","Hombres","80 a 84","1002000110","Población de 80 a 84 años. Hombres","Número de personas","19","Nuevo León","2005",2005,NA,2005-01-01,10827
"Población","Grupos de edad","Hombres","Hombres","80 a 84","1002000110","Población de 80 a 84 años. Hombres","Número de personas","19","Nuevo León","2010",2010,NA,2010-01-01,13075
"Población","Grupos de edad","Hombres","Hombres","80 a 84","1002000110","Población de 80 a 84 años. Hombres","Número de personas","19","Nuevo León","2020",2020,NA,2020-01-01,22069
"Población","Grupos de edad","Hombres","Hombres","80 a 84","1002000110","Población de 80 a 84 años. Hombres","Número de personas","19007","Aramberri","2020",2020,NA,2020-01-01,176
"Población","Grupos de edad","Hombres","Hombres","80 a 84","1002000110","Población de 80 a 84 años. Hombres","Número de personas","19014","Doctor Arroyo","2020",2020,NA,2020-01-01,315
"Población","Grupos de edad","Hombres","Hombres","80 a 84","1002000110","Población de 80 a 84 años. Hombres","Número de personas","19024","General Zaragoza","2020",2020,NA,2020-01-01,47
"Población","Grupos de edad","Hombres","Hombres","80 a 84","1002000110","Población de 80 a 84 años. Hombres","Número de personas","19036","Mier y Noriega","2020",2020,NA,2020-01-01,70
"Población","Grupos de edad","Mujeres","Mujeres","80 a 84","1002000111","Población de 80 a 84 años. Mujeres","Número de personas","00","Nacional","1990",1990,NA,1990-01-01,222012
"Población","Grupos de edad","Mujeres","Mujeres","80 a 84","1002000111","Población de 80 a 84 años. Mujeres","Número de personas","00","Nacional","1995",1995,NA,1995-01-01,240197
"Población","Grupos de edad","Mujeres","Mujeres","80 a 84","1002000111","Población de 80 a 84 años. Mujeres","Número de personas","00","Nacional","2000",2000,NA,2000-01-01,266546
"Población","Grupos de edad","Mujeres","Mujeres","80 a 84","1002000111","Población de 80 a 84 años. Mujeres","Número de personas","00","Nacional","2005",2005,NA,2005-01-01,360660
"Población","Grupos de edad","Mujeres","Mujeres","80 a 84","1002000111","Población de 80 a 84 años. Mujeres","Número de personas","00","Nacional","2010",2010,NA,2010-01-01,443659
"Población","Grupos de edad","Mujeres","Mujeres","80 a 84","1002000111","Población de 80 a 84 años. Mujeres","Número de personas","00","Nacional","2020",2020,NA,2020-01-01,651552
"Población","Grupos de edad","Mujeres","Mujeres","80 a 84","1002000111","Población de 80 a 84 años. Mujeres","Número de personas","19","Nuevo León","1990",1990,NA,1990-01-01,8003
"Población","Grupos de edad","Mujeres","Mujeres","80 a 84","1002000111","Población de 80 a 84 años. Mujeres","Número de personas","19","Nuevo León","1995",1995,NA,1995-01-01,9138
"Población","Grupos de edad","Mujeres","Mujeres","80 a 84","1002000111","Población de 80 a 84 años. Mujeres","Número de personas","19","Nuevo León","2000",2000,NA,2000-01-01,9861
"Población","Grupos de edad","Mujeres","Mujeres","80 a 84","1002000111","Población de 80 a 84 años. Mujeres","Número de personas","19","Nuevo León","2005",2005,NA,2005-01-01,13801
"Población","Grupos de edad","Mujeres","Mujeres","80 a 84","1002000111","Población de 80 a 84 años. Mujeres","Número de personas","19","Nuevo León","2010",2010,NA,2010-01-01,17380
"Población","Grupos de edad","Mujeres","Mujeres","80 a 84","1002000111","Población de 80 a 84 años. Mujeres","Número de personas","19","Nuevo León","2020",2020,NA,2020-01-01,28281
"Población","Grupos de edad","Mujeres","Mujeres","80 a 84","1002000111","Población de 80 a 84 años. Mujeres","Número de personas","19007","Aramberri","2020",2020,NA,2020-01-01,162
"Población","Grupos de edad","Mujeres","Mujeres","80 a 84","1002000111","Población de 80 a 84 años. Mujeres","Número de personas","19014","Doctor Arroyo","2020",2020,NA,2020-01-01,317
"Población","Grupos de edad","Mujeres","Mujeres","80 a 84","1002000111","Población de 80 a 84 años. Mujeres","Número de personas","19024","General Zaragoza","2020",2020,NA,2020-01-01,40
"Población","Grupos de edad","Mujeres","Mujeres","80 a 84","1002000111","Población de 80 a 84 años. Mujeres","Número de personas","19036","Mier y Noriega","2020",2020,NA,2020-01-01,61
"Población","Grupos de edad","Total","Total","85 a 89","1002000112","Población de 85 a 89 años","Personas","00","Nacional","1990",1990,NA,1990-01-01,225450
"Población","Grupos de edad","Total","Total","85 a 89","1002000112","Población de 85 a 89 años","Personas","00","Nacional","1995",1995,NA,1995-01-01,252802
"Población","Grupos de edad","Total","Total","85 a 89","1002000112","Población de 85 a 89 años","Personas","00","Nacional","2000",2000,NA,2000-01-01,290051
"Población","Grupos de edad","Total","Total","85 a 89","1002000112","Población de 85 a 89 años","Personas","00","Nacional","2005",2005,NA,2005-01-01,345154
"Población","Grupos de edad","Total","Total","85 a 89","1002000112","Población de 85 a 89 años","Personas","00","Nacional","2010",2010,NA,2010-01-01,454164
"Población","Grupos de edad","Total","Total","85 a 89","1002000112","Población de 85 a 89 años","Personas","00","Nacional","2020",2020,NA,2020-01-01,659245
"Población","Grupos de edad","Total","Total","85 a 89","1002000112","Población de 85 a 89 años","Personas","19","Nuevo León","1990",1990,NA,1990-01-01,7963
"Población","Grupos de edad","Total","Total","85 a 89","1002000112","Población de 85 a 89 años","Personas","19","Nuevo León","1995",1995,NA,1995-01-01,9406
"Población","Grupos de edad","Total","Total","85 a 89","1002000112","Población de 85 a 89 años","Personas","19","Nuevo León","2000",2000,NA,2000-01-01,10634
"Población","Grupos de edad","Total","Total","85 a 89","1002000112","Población de 85 a 89 años","Personas","19","Nuevo León","2005",2005,NA,2005-01-01,11929
"Población","Grupos de edad","Total","Total","85 a 89","1002000112","Población de 85 a 89 años","Personas","19","Nuevo León","2010",2010,NA,2010-01-01,16005
"Población","Grupos de edad","Total","Total","85 a 89","1002000112","Población de 85 a 89 años","Personas","19","Nuevo León","2020",2020,NA,2020-01-01,25023
"Población","Grupos de edad","Total","Total","85 a 89","1002000112","Población de 85 a 89 años","Personas","19007","Aramberri","2020",2020,NA,2020-01-01,215
"Población","Grupos de edad","Total","Total","85 a 89","1002000112","Población de 85 a 89 años","Personas","19014","Doctor Arroyo","2020",2020,NA,2020-01-01,409
"Población","Grupos de edad","Total","Total","85 a 89","1002000112","Población de 85 a 89 años","Personas","19024","General Zaragoza","2020",2020,NA,2020-01-01,53
"Población","Grupos de edad","Total","Total","85 a 89","1002000112","Población de 85 a 89 años","Personas","19036","Mier y Noriega","2020",2020,NA,2020-01-01,91
"Población","Grupos de edad","Hombres","Hombres","85 a 89","1002000113","Población de 85 a 89 años. Hombres","Número de personas","00","Nacional","1990",1990,NA,1990-01-01,99299
"Población","Grupos de edad","Hombres","Hombres","85 a 89","1002000113","Población de 85 a 89 años. Hombres","Número de personas","00","Nacional","1995",1995,NA,1995-01-01,112158
"Población","Grupos de edad","Hombres","Hombres","85 a 89","1002000113","Población de 85 a 89 años. Hombres","Número de personas","00","Nacional","2000",2000,NA,2000-01-01,125041
"Población","Grupos de edad","Hombres","Hombres","85 a 89","1002000113","Población de 85 a 89 años. Hombres","Número de personas","00","Nacional","2005",2005,NA,2005-01-01,150617
"Población","Grupos de edad","Hombres","Hombres","85 a 89","1002000113","Población de 85 a 89 años. Hombres","Número de personas","00","Nacional","2010",2010,NA,2010-01-01,197461
"Población","Grupos de edad","Hombres","Hombres","85 a 89","1002000113","Población de 85 a 89 años. Hombres","Número de personas","00","Nacional","2020",2020,NA,2020-01-01,283351
"Población","Grupos de edad","Hombres","Hombres","85 a 89","1002000113","Población de 85 a 89 años. Hombres","Número de personas","19","Nuevo León","1990",1990,NA,1990-01-01,3447
"Población","Grupos de edad","Hombres","Hombres","85 a 89","1002000113","Población de 85 a 89 años. Hombres","Número de personas","19","Nuevo León","1995",1995,NA,1995-01-01,4059
"Población","Grupos de edad","Hombres","Hombres","85 a 89","1002000113","Población de 85 a 89 años. Hombres","Número de personas","19","Nuevo León","2000",2000,NA,2000-01-01,4424
"Población","Grupos de edad","Hombres","Hombres","85 a 89","1002000113","Población de 85 a 89 años. Hombres","Número de personas","19","Nuevo León","2005",2005,NA,2005-01-01,5007
"Población","Grupos de edad","Hombres","Hombres","85 a 89","1002000113","Población de 85 a 89 años. Hombres","Número de personas","19","Nuevo León","2010",2010,NA,2010-01-01,6629
"Población","Grupos de edad","Hombres","Hombres","85 a 89","1002000113","Población de 85 a 89 años. Hombres","Número de personas","19","Nuevo León","2020",2020,NA,2020-01-01,10300
"Población","Grupos de edad","Hombres","Hombres","85 a 89","1002000113","Población de 85 a 89 años. Hombres","Número de personas","19007","Aramberri","2020",2020,NA,2020-01-01,107
"Población","Grupos de edad","Hombres","Hombres","85 a 89","1002000113","Población de 85 a 89 años. Hombres","Número de personas","19014","Doctor Arroyo","2020",2020,NA,2020-01-01,214
"Población","Grupos de edad","Hombres","Hombres","85 a 89","1002000113","Población de 85 a 89 años. Hombres","Número de personas","19024","General Zaragoza","2020",2020,NA,2020-01-01,26
"Población","Grupos de edad","Hombres","Hombres","85 a 89","1002000113","Población de 85 a 89 años. Hombres","Número de personas","19036","Mier y Noriega","2020",2020,NA,2020-01-01,57
"Población","Grupos de edad","Mujeres","Mujeres","85 a 89","1002000114","Población de 85 a 89 años. Mujeres","Número de personas","00","Nacional","1990",1990,NA,1990-01-01,126151
"Población","Grupos de edad","Mujeres","Mujeres","85 a 89","1002000114","Población de 85 a 89 años. Mujeres","Número de personas","00","Nacional","1995",1995,NA,1995-01-01,140644
"Población","Grupos de edad","Mujeres","Mujeres","85 a 89","1002000114","Población de 85 a 89 años. Mujeres","Número de personas","00","Nacional","2000",2000,NA,2000-01-01,165010
"Población","Grupos de edad","Mujeres","Mujeres","85 a 89","1002000114","Población de 85 a 89 años. Mujeres","Número de personas","00","Nacional","2005",2005,NA,2005-01-01,194537
"Población","Grupos de edad","Mujeres","Mujeres","85 a 89","1002000114","Población de 85 a 89 años. Mujeres","Número de personas","00","Nacional","2010",2010,NA,2010-01-01,256703
"Población","Grupos de edad","Mujeres","Mujeres","85 a 89","1002000114","Población de 85 a 89 años. Mujeres","Número de personas","00","Nacional","2020",2020,NA,2020-01-01,375894
"Población","Grupos de edad","Mujeres","Mujeres","85 a 89","1002000114","Población de 85 a 89 años. Mujeres","Número de personas","19","Nuevo León","1990",1990,NA,1990-01-01,4516
"Población","Grupos de edad","Mujeres","Mujeres","85 a 89","1002000114","Población de 85 a 89 años. Mujeres","Número de personas","19","Nuevo León","1995",1995,NA,1995-01-01,5347
"Población","Grupos de edad","Mujeres","Mujeres","85 a 89","1002000114","Población de 85 a 89 años. Mujeres","Número de personas","19","Nuevo León","2000",2000,NA,2000-01-01,6210
"Población","Grupos de edad","Mujeres","Mujeres","85 a 89","1002000114","Población de 85 a 89 años. Mujeres","Número de personas","19","Nuevo León","2005",2005,NA,2005-01-01,6922
"Población","Grupos de edad","Mujeres","Mujeres","85 a 89","1002000114","Población de 85 a 89 años. Mujeres","Número de personas","19","Nuevo León","2010",2010,NA,2010-01-01,9376
"Población","Grupos de edad","Mujeres","Mujeres","85 a 89","1002000114","Población de 85 a 89 años. Mujeres","Número de personas","19","Nuevo León","2020",2020,NA,2020-01-01,14723
"Población","Grupos de edad","Mujeres","Mujeres","85 a 89","1002000114","Población de 85 a 89 años. Mujeres","Número de personas","19007","Aramberri","2020",2020,NA,2020-01-01,108
"Población","Grupos de edad","Mujeres","Mujeres","85 a 89","1002000114","Población de 85 a 89 años. Mujeres","Número de personas","19014","Doctor Arroyo","2020",2020,NA,2020-01-01,195
"Población","Grupos de edad","Mujeres","Mujeres","85 a 89","1002000114","Población de 85 a 89 años. Mujeres","Número de personas","19024","General Zaragoza","2020",2020,NA,2020-01-01,27
"Población","Grupos de edad","Mujeres","Mujeres","85 a 89","1002000114","Población de 85 a 89 años. Mujeres","Número de personas","19036","Mier y Noriega","2020",2020,NA,2020-01-01,34
"Población","Grupos de edad","Total","Total","90 a 94","1002000115","Población de 90 a 94 años","Personas","00","Nacional","1990",1990,NA,1990-01-01,91189
"Población","Grupos de edad","Total","Total","90 a 94","1002000115","Población de 90 a 94 años","Personas","00","Nacional","1995",1995,NA,1995-01-01,105150
"Población","Grupos de edad","Total","Total","90 a 94","1002000115","Población de 90 a 94 años","Personas","00","Nacional","2000",2000,NA,2000-01-01,122006
"Población","Grupos de edad","Total","Total","90 a 94","1002000115","Población de 90 a 94 años","Personas","00","Nacional","2005",2005,NA,2005-01-01,132325
"Población","Grupos de edad","Total","Total","90 a 94","1002000115","Población de 90 a 94 años","Personas","00","Nacional","2010",2010,NA,2010-01-01,164924
"Población","Grupos de edad","Total","Total","90 a 94","1002000115","Población de 90 a 94 años","Personas","00","Nacional","2020",2020,NA,2020-01-01,266806
"Población","Grupos de edad","Total","Total","90 a 94","1002000115","Población de 90 a 94 años","Personas","19","Nuevo León","1990",1990,NA,1990-01-01,2486
"Población","Grupos de edad","Total","Total","90 a 94","1002000115","Población de 90 a 94 años","Personas","19","Nuevo León","1995",1995,NA,1995-01-01,3497
"Población","Grupos de edad","Total","Total","90 a 94","1002000115","Población de 90 a 94 años","Personas","19","Nuevo León","2000",2000,NA,2000-01-01,4154
"Población","Grupos de edad","Total","Total","90 a 94","1002000115","Población de 90 a 94 años","Personas","19","Nuevo León","2005",2005,NA,2005-01-01,4738
"Población","Grupos de edad","Total","Total","90 a 94","1002000115","Población de 90 a 94 años","Personas","19","Nuevo León","2010",2010,NA,2010-01-01,5394
"Población","Grupos de edad","Total","Total","90 a 94","1002000115","Población de 90 a 94 años","Personas","19","Nuevo León","2020",2020,NA,2020-01-01,10365
"Población","Grupos de edad","Total","Total","90 a 94","1002000115","Población de 90 a 94 años","Personas","19007","Aramberri","2020",2020,NA,2020-01-01,81
"Población","Grupos de edad","Total","Total","90 a 94","1002000115","Población de 90 a 94 años","Personas","19014","Doctor Arroyo","2020",2020,NA,2020-01-01,183
"Población","Grupos de edad","Total","Total","90 a 94","1002000115","Población de 90 a 94 años","Personas","19024","General Zaragoza","2020",2020,NA,2020-01-01,25
"Población","Grupos de edad","Total","Total","90 a 94","1002000115","Población de 90 a 94 años","Personas","19036","Mier y Noriega","2020",2020,NA,2020-01-01,31
"Población","Grupos de edad","Hombres","Hombres","90 a 94","1002000116","Población de 90 a 94 años. Hombres","Número de personas","00","Nacional","1990",1990,NA,1990-01-01,38021
"Población","Grupos de edad","Hombres","Hombres","90 a 94","1002000116","Población de 90 a 94 años. Hombres","Número de personas","00","Nacional","1995",1995,NA,1995-01-01,44789
"Población","Grupos de edad","Hombres","Hombres","90 a 94","1002000116","Población de 90 a 94 años. Hombres","Número de personas","00","Nacional","2000",2000,NA,2000-01-01,50843
"Población","Grupos de edad","Hombres","Hombres","90 a 94","1002000116","Población de 90 a 94 años. Hombres","Número de personas","00","Nacional","2005",2005,NA,2005-01-01,54391
"Población","Grupos de edad","Hombres","Hombres","90 a 94","1002000116","Población de 90 a 94 años. Hombres","Número de personas","00","Nacional","2010",2010,NA,2010-01-01,68130
"Población","Grupos de edad","Hombres","Hombres","90 a 94","1002000116","Población de 90 a 94 años. Hombres","Número de personas","00","Nacional","2020",2020,NA,2020-01-01,107358
"Población","Grupos de edad","Hombres","Hombres","90 a 94","1002000116","Población de 90 a 94 años. Hombres","Número de personas","19","Nuevo León","1990",1990,NA,1990-01-01,1061
"Población","Grupos de edad","Hombres","Hombres","90 a 94","1002000116","Población de 90 a 94 años. Hombres","Número de personas","19","Nuevo León","1995",1995,NA,1995-01-01,1475
"Población","Grupos de edad","Hombres","Hombres","90 a 94","1002000116","Población de 90 a 94 años. Hombres","Número de personas","19","Nuevo León","2000",2000,NA,2000-01-01,1677
"Población","Grupos de edad","Hombres","Hombres","90 a 94","1002000116","Población de 90 a 94 años. Hombres","Número de personas","19","Nuevo León","2005",2005,NA,2005-01-01,1787
"Población","Grupos de edad","Hombres","Hombres","90 a 94","1002000116","Población de 90 a 94 años. Hombres","Número de personas","19","Nuevo León","2010",2010,NA,2010-01-01,2066
"Población","Grupos de edad","Hombres","Hombres","90 a 94","1002000116","Población de 90 a 94 años. Hombres","Número de personas","19","Nuevo León","2020",2020,NA,2020-01-01,3903
"Población","Grupos de edad","Hombres","Hombres","90 a 94","1002000116","Población de 90 a 94 años. Hombres","Número de personas","19007","Aramberri","2020",2020,NA,2020-01-01,51
"Población","Grupos de edad","Hombres","Hombres","90 a 94","1002000116","Población de 90 a 94 años. Hombres","Número de personas","19014","Doctor Arroyo","2020",2020,NA,2020-01-01,94
"Población","Grupos de edad","Hombres","Hombres","90 a 94","1002000116","Población de 90 a 94 años. Hombres","Número de personas","19024","General Zaragoza","2020",2020,NA,2020-01-01,12
"Población","Grupos de edad","Hombres","Hombres","90 a 94","1002000116","Población de 90 a 94 años. Hombres","Número de personas","19036","Mier y Noriega","2020",2020,NA,2020-01-01,16
"Población","Grupos de edad","Mujeres","Mujeres","90 a 94","1002000117","Población de 90 a 94 años. Mujeres","Número de personas","00","Nacional","1990",1990,NA,1990-01-01,53168
"Población","Grupos de edad","Mujeres","Mujeres","90 a 94","1002000117","Población de 90 a 94 años. Mujeres","Número de personas","00","Nacional","1995",1995,NA,1995-01-01,60361
"Población","Grupos de edad","Mujeres","Mujeres","90 a 94","1002000117","Población de 90 a 94 años. Mujeres","Número de personas","00","Nacional","2000",2000,NA,2000-01-01,71163
"Población","Grupos de edad","Mujeres","Mujeres","90 a 94","1002000117","Población de 90 a 94 años. Mujeres","Número de personas","00","Nacional","2005",2005,NA,2005-01-01,77934
"Población","Grupos de edad","Mujeres","Mujeres","90 a 94","1002000117","Población de 90 a 94 años. Mujeres","Número de personas","00","Nacional","2010",2010,NA,2010-01-01,96794
"Población","Grupos de edad","Mujeres","Mujeres","90 a 94","1002000117","Población de 90 a 94 años. Mujeres","Número de personas","00","Nacional","2020",2020,NA,2020-01-01,159448
"Población","Grupos de edad","Mujeres","Mujeres","90 a 94","1002000117","Población de 90 a 94 años. Mujeres","Número de personas","19","Nuevo León","1990",1990,NA,1990-01-01,1425
"Población","Grupos de edad","Mujeres","Mujeres","90 a 94","1002000117","Población de 90 a 94 años. Mujeres","Número de personas","19","Nuevo León","1995",1995,NA,1995-01-01,2022
"Población","Grupos de edad","Mujeres","Mujeres","90 a 94","1002000117","Población de 90 a 94 años. Mujeres","Número de personas","19","Nuevo León","2000",2000,NA,2000-01-01,2477
"Población","Grupos de edad","Mujeres","Mujeres","90 a 94","1002000117","Población de 90 a 94 años. Mujeres","Número de personas","19","Nuevo León","2005",2005,NA,2005-01-01,2951
"Población","Grupos de edad","Mujeres","Mujeres","90 a 94","1002000117","Población de 90 a 94 años. Mujeres","Número de personas","19","Nuevo León","2010",2010,NA,2010-01-01,3328
"Población","Grupos de edad","Mujeres","Mujeres","90 a 94","1002000117","Población de 90 a 94 años. Mujeres","Número de personas","19","Nuevo León","2020",2020,NA,2020-01-01,6462
"Población","Grupos de edad","Mujeres","Mujeres","90 a 94","1002000117","Población de 90 a 94 años. Mujeres","Número de personas","19007","Aramberri","2020",2020,NA,2020-01-01,30
"Población","Grupos de edad","Mujeres","Mujeres","90 a 94","1002000117","Población de 90 a 94 años. Mujeres","Número de personas","19014","Doctor Arroyo","2020",2020,NA,2020-01-01,89
"Población","Grupos de edad","Mujeres","Mujeres","90 a 94","1002000117","Población de 90 a 94 años. Mujeres","Número de personas","19024","General Zaragoza","2020",2020,NA,2020-01-01,13
"Población","Grupos de edad","Mujeres","Mujeres","90 a 94","1002000117","Población de 90 a 94 años. Mujeres","Número de personas","19036","Mier y Noriega","2020",2020,NA,2020-01-01,15
"Población","Grupos de edad","Total","Total","95 a 99","1002000118","Población de 95 a 99 años","Personas","00","Nacional","1990",1990,NA,1990-01-01,37689
"Población","Grupos de edad","Total","Total","95 a 99","1002000118","Población de 95 a 99 años","Personas","00","Nacional","1995",1995,NA,1995-01-01,49764
"Población","Grupos de edad","Total","Total","95 a 99","1002000118","Población de 95 a 99 años","Personas","00","Nacional","2000",2000,NA,2000-01-01,62892
"Población","Grupos de edad","Total","Total","95 a 99","1002000118","Población de 95 a 99 años","Personas","00","Nacional","2005",2005,NA,2005-01-01,61145
"Población","Grupos de edad","Total","Total","95 a 99","1002000118","Población de 95 a 99 años","Personas","00","Nacional","2010",2010,NA,2010-01-01,65732
"Población","Grupos de edad","Total","Total","95 a 99","1002000118","Población de 95 a 99 años","Personas","00","Nacional","2020",2020,NA,2020-01-01,95205
"Población","Grupos de edad","Total","Total","95 a 99","1002000118","Población de 95 a 99 años","Personas","19","Nuevo León","1990",1990,NA,1990-01-01,910
"Población","Grupos de edad","Total","Total","95 a 99","1002000118","Población de 95 a 99 años","Personas","19","Nuevo León","1995",1995,NA,1995-01-01,1256
"Población","Grupos de edad","Total","Total","95 a 99","1002000118","Población de 95 a 99 años","Personas","19","Nuevo León","2000",2000,NA,2000-01-01,1741
"Población","Grupos de edad","Total","Total","95 a 99","1002000118","Población de 95 a 99 años","Personas","19","Nuevo León","2005",2005,NA,2005-01-01,1817
"Población","Grupos de edad","Total","Total","95 a 99","1002000118","Población de 95 a 99 años","Personas","19","Nuevo León","2010",2010,NA,2010-01-01,1874
"Población","Grupos de edad","Total","Total","95 a 99","1002000118","Población de 95 a 99 años","Personas","19","Nuevo León","2020",2020,NA,2020-01-01,3097
"Población","Grupos de edad","Total","Total","95 a 99","1002000118","Población de 95 a 99 años","Personas","19007","Aramberri","2020",2020,NA,2020-01-01,44
"Población","Grupos de edad","Total","Total","95 a 99","1002000118","Población de 95 a 99 años","Personas","19014","Doctor Arroyo","2020",2020,NA,2020-01-01,76
"Población","Grupos de edad","Total","Total","95 a 99","1002000118","Población de 95 a 99 años","Personas","19024","General Zaragoza","2020",2020,NA,2020-01-01,7
"Población","Grupos de edad","Total","Total","95 a 99","1002000118","Población de 95 a 99 años","Personas","19036","Mier y Noriega","2020",2020,NA,2020-01-01,17
"Población","Grupos de edad","Hombres","Hombres","95 a 99","1002000119","Población de 95 a 99 años. Hombres","Número de personas","00","Nacional","1990",1990,NA,1990-01-01,15069
"Población","Grupos de edad","Hombres","Hombres","95 a 99","1002000119","Población de 95 a 99 años. Hombres","Número de personas","00","Nacional","1995",1995,NA,1995-01-01,20716
"Población","Grupos de edad","Hombres","Hombres","95 a 99","1002000119","Población de 95 a 99 años. Hombres","Número de personas","00","Nacional","2000",2000,NA,2000-01-01,25741
"Población","Grupos de edad","Hombres","Hombres","95 a 99","1002000119","Población de 95 a 99 años. Hombres","Número de personas","00","Nacional","2005",2005,NA,2005-01-01,24439
"Población","Grupos de edad","Hombres","Hombres","95 a 99","1002000119","Población de 95 a 99 años. Hombres","Número de personas","00","Nacional","2010",2010,NA,2010-01-01,25920
"Población","Grupos de edad","Hombres","Hombres","95 a 99","1002000119","Población de 95 a 99 años. Hombres","Número de personas","00","Nacional","2020",2020,NA,2020-01-01,36615
"Población","Grupos de edad","Hombres","Hombres","95 a 99","1002000119","Población de 95 a 99 años. Hombres","Número de personas","19","Nuevo León","1990",1990,NA,1990-01-01,382
"Población","Grupos de edad","Hombres","Hombres","95 a 99","1002000119","Población de 95 a 99 años. Hombres","Número de personas","19","Nuevo León","1995",1995,NA,1995-01-01,538
"Población","Grupos de edad","Hombres","Hombres","95 a 99","1002000119","Población de 95 a 99 años. Hombres","Número de personas","19","Nuevo León","2000",2000,NA,2000-01-01,664
"Población","Grupos de edad","Hombres","Hombres","95 a 99","1002000119","Población de 95 a 99 años. Hombres","Número de personas","19","Nuevo León","2005",2005,NA,2005-01-01,709
"Población","Grupos de edad","Hombres","Hombres","95 a 99","1002000119","Población de 95 a 99 años. Hombres","Número de personas","19","Nuevo León","2010",2010,NA,2010-01-01,695
"Población","Grupos de edad","Hombres","Hombres","95 a 99","1002000119","Población de 95 a 99 años. Hombres","Número de personas","19","Nuevo León","2020",2020,NA,2020-01-01,1133
"Población","Grupos de edad","Hombres","Hombres","95 a 99","1002000119","Población de 95 a 99 años. Hombres","Número de personas","19007","Aramberri","2020",2020,NA,2020-01-01,20
"Población","Grupos de edad","Hombres","Hombres","95 a 99","1002000119","Población de 95 a 99 años. Hombres","Número de personas","19014","Doctor Arroyo","2020",2020,NA,2020-01-01,44
"Población","Grupos de edad","Hombres","Hombres","95 a 99","1002000119","Población de 95 a 99 años. Hombres","Número de personas","19024","General Zaragoza","2020",2020,NA,2020-01-01,5
"Población","Grupos de edad","Hombres","Hombres","95 a 99","1002000119","Población de 95 a 99 años. Hombres","Número de personas","19036","Mier y Noriega","2020",2020,NA,2020-01-01,8
"Población","Grupos de edad","Mujeres","Mujeres","95 a 99","1002000120","Población de 95 a 99 años. Mujeres","Número de personas","00","Nacional","1990",1990,NA,1990-01-01,22620
"Población","Grupos de edad","Mujeres","Mujeres","95 a 99","1002000120","Población de 95 a 99 años. Mujeres","Número de personas","00","Nacional","1995",1995,NA,1995-01-01,29048
"Población","Grupos de edad","Mujeres","Mujeres","95 a 99","1002000120","Población de 95 a 99 años. Mujeres","Número de personas","00","Nacional","2000",2000,NA,2000-01-01,37151
"Población","Grupos de edad","Mujeres","Mujeres","95 a 99","1002000120","Población de 95 a 99 años. Mujeres","Número de personas","00","Nacional","2005",2005,NA,2005-01-01,36706
"Población","Grupos de edad","Mujeres","Mujeres","95 a 99","1002000120","Población de 95 a 99 años. Mujeres","Número de personas","00","Nacional","2010",2010,NA,2010-01-01,39812
"Población","Grupos de edad","Mujeres","Mujeres","95 a 99","1002000120","Población de 95 a 99 años. Mujeres","Número de personas","00","Nacional","2020",2020,NA,2020-01-01,58590
"Población","Grupos de edad","Mujeres","Mujeres","95 a 99","1002000120","Población de 95 a 99 años. Mujeres","Número de personas","19","Nuevo León","1990",1990,NA,1990-01-01,528
"Población","Grupos de edad","Mujeres","Mujeres","95 a 99","1002000120","Población de 95 a 99 años. Mujeres","Número de personas","19","Nuevo León","1995",1995,NA,1995-01-01,718
"Población","Grupos de edad","Mujeres","Mujeres","95 a 99","1002000120","Población de 95 a 99 años. Mujeres","Número de personas","19","Nuevo León","2000",2000,NA,2000-01-01,1077
"Población","Grupos de edad","Mujeres","Mujeres","95 a 99","1002000120","Población de 95 a 99 años. Mujeres","Número de personas","19","Nuevo León","2005",2005,NA,2005-01-01,1108
"Población","Grupos de edad","Mujeres","Mujeres","95 a 99","1002000120","Población de 95 a 99 años. Mujeres","Número de personas","19","Nuevo León","2010",2010,NA,2010-01-01,1179
"Población","Grupos de edad","Mujeres","Mujeres","95 a 99","1002000120","Población de 95 a 99 años. Mujeres","Número de personas","19","Nuevo León","2020",2020,NA,2020-01-01,1964
"Población","Grupos de edad","Mujeres","Mujeres","95 a 99","1002000120","Población de 95 a 99 años. Mujeres","Número de personas","19007","Aramberri","2020",2020,NA,2020-01-01,24
"Población","Grupos de edad","Mujeres","Mujeres","95 a 99","1002000120","Población de 95 a 99 años. Mujeres","Número de personas","19014","Doctor Arroyo","2020",2020,NA,2020-01-01,32
"Población","Grupos de edad","Mujeres","Mujeres","95 a 99","1002000120","Población de 95 a 99 años. Mujeres","Número de personas","19024","General Zaragoza","2020",2020,NA,2020-01-01,2
"Población","Grupos de edad","Mujeres","Mujeres","95 a 99","1002000120","Población de 95 a 99 años. Mujeres","Número de personas","19036","Mier y Noriega","2020",2020,NA,2020-01-01,9
"Salud","Discapacidad","Escuchar",NA,NA,"6200205260","Población con limitación en la actividad para escuchar","Personas","00","Nacional","2010",2010,NA,2010-01-01,498640
"Salud","Discapacidad","Escuchar",NA,NA,"6200205260","Población con limitación en la actividad para escuchar","Personas","00","Nacional","2020",2020,NA,2020-01-01,2900108
"Salud","Discapacidad","Escuchar",NA,NA,"6200205260","Población con limitación en la actividad para escuchar","Personas","19","Nuevo León","2010",2010,NA,2010-01-01,14912
"Salud","Discapacidad","Escuchar",NA,NA,"6200205260","Población con limitación en la actividad para escuchar","Personas","19","Nuevo León","2020",2020,NA,2020-01-01,103774
"Salud","Discapacidad","Escuchar",NA,NA,"6200205260","Población con limitación en la actividad para escuchar","Personas","19007","Aramberri","2020",2020,NA,2020-01-01,549
"Salud","Discapacidad","Escuchar",NA,NA,"6200205260","Población con limitación en la actividad para escuchar","Personas","19014","Doctor Arroyo","2020",2020,NA,2020-01-01,1167
"Salud","Discapacidad","Escuchar",NA,NA,"6200205260","Población con limitación en la actividad para escuchar","Personas","19024","General Zaragoza","2020",2020,NA,2020-01-01,258
"Salud","Discapacidad","Escuchar",NA,NA,"6200205260","Población con limitación en la actividad para escuchar","Personas","19036","Mier y Noriega","2020",2020,NA,2020-01-01,212
"Salud","Discapacidad","Hablar o comunicarse",NA,NA,"6200205261","Población con limitación en la actividad para hablar o comunicarse","Personas","00","Nacional","2010",2010,NA,2010-01-01,401534
"Salud","Discapacidad","Hablar o comunicarse",NA,NA,"6200205261","Población con limitación en la actividad para hablar o comunicarse","Personas","00","Nacional","2020",2020,NA,2020-01-01,864662
"Salud","Discapacidad","Hablar o comunicarse",NA,NA,"6200205261","Población con limitación en la actividad para hablar o comunicarse","Personas","19","Nuevo León","2010",2010,NA,2010-01-01,13678
"Salud","Discapacidad","Hablar o comunicarse",NA,NA,"6200205261","Población con limitación en la actividad para hablar o comunicarse","Personas","19","Nuevo León","2020",2020,NA,2020-01-01,34152
"Salud","Discapacidad","Hablar o comunicarse",NA,NA,"6200205261","Población con limitación en la actividad para hablar o comunicarse","Personas","19007","Aramberri","2020",2020,NA,2020-01-01,129
"Salud","Discapacidad","Hablar o comunicarse",NA,NA,"6200205261","Población con limitación en la actividad para hablar o comunicarse","Personas","19014","Doctor Arroyo","2020",2020,NA,2020-01-01,348
"Salud","Discapacidad","Hablar o comunicarse",NA,NA,"6200205261","Población con limitación en la actividad para hablar o comunicarse","Personas","19024","General Zaragoza","2020",2020,NA,2020-01-01,70
"Salud","Discapacidad","Hablar o comunicarse",NA,NA,"6200205261","Población con limitación en la actividad para hablar o comunicarse","Personas","19036","Mier y Noriega","2020",2020,NA,2020-01-01,76
"Salud","Discapacidad","Caminar o moverse",NA,NA,"6200205263","Población con limitación en la actividad para caminar o moverse","Personas","00","Nacional","2010",2010,NA,2010-01-01,2437397
"Salud","Discapacidad","Caminar o moverse",NA,NA,"6200205263","Población con limitación en la actividad para caminar o moverse","Personas","00","Nacional","2020",2020,NA,2020-01-01,4365234
"Salud","Discapacidad","Caminar o moverse",NA,NA,"6200205263","Población con limitación en la actividad para caminar o moverse","Personas","19","Nuevo León","2010",2010,NA,2010-01-01,79660
"Salud","Discapacidad","Caminar o moverse",NA,NA,"6200205263","Población con limitación en la actividad para caminar o moverse","Personas","19","Nuevo León","2020",2020,NA,2020-01-01,151424
"Salud","Discapacidad","Caminar o moverse",NA,NA,"6200205263","Población con limitación en la actividad para caminar o moverse","Personas","19007","Aramberri","2020",2020,NA,2020-01-01,877
"Salud","Discapacidad","Caminar o moverse",NA,NA,"6200205263","Población con limitación en la actividad para caminar o moverse","Personas","19014","Doctor Arroyo","2020",2020,NA,2020-01-01,1615
"Salud","Discapacidad","Caminar o moverse",NA,NA,"6200205263","Población con limitación en la actividad para caminar o moverse","Personas","19024","General Zaragoza","2020",2020,NA,2020-01-01,335
"Salud","Discapacidad","Caminar o moverse",NA,NA,"6200205263","Población con limitación en la actividad para caminar o moverse","Personas","19036","Mier y Noriega","2020",2020,NA,2020-01-01,327
"Salud","Discapacidad","Ver",NA,NA,"6200205280","Población con limitación en la actividad para ver","Personas","00","Nacional","2010",2010,NA,2010-01-01,1292201
"Salud","Discapacidad","Ver",NA,NA,"6200205280","Población con limitación en la actividad para ver","Personas","00","Nacional","2020",2020,NA,2020-01-01,8974853
"Salud","Discapacidad","Ver",NA,NA,"6200205280","Población con limitación en la actividad para ver","Personas","19","Nuevo León","2010",2010,NA,2010-01-01,41179
"Salud","Discapacidad","Ver",NA,NA,"6200205280","Población con limitación en la actividad para ver","Personas","19","Nuevo León","2020",2020,NA,2020-01-01,369318
"Salud","Discapacidad","Ver",NA,NA,"6200205280","Población con limitación en la actividad para ver","Personas","19007","Aramberri","2020",2020,NA,2020-01-01,1298
"Salud","Discapacidad","Ver",NA,NA,"6200205280","Población con limitación en la actividad para ver","Personas","19014","Doctor Arroyo","2020",2020,NA,2020-01-01,3319
"Salud","Discapacidad","Ver",NA,NA,"6200205280","Población con limitación en la actividad para ver","Personas","19024","General Zaragoza","2020",2020,NA,2020-01-01,566
"Salud","Discapacidad","Ver",NA,NA,"6200205280","Población con limitación en la actividad para ver","Personas","19036","Mier y Noriega","2020",2020,NA,2020-01-01,651
"Salud","Discapacidad","Mental",NA,NA,"6200205286","Población con limitación en la actividad mental","Personas","00","Nacional","2010",2010,NA,2010-01-01,448873
"Salud","Discapacidad","Mental",NA,NA,"6200205286","Población con limitación en la actividad mental","Personas","00","Nacional","2020",2020,NA,2020-01-01,1548385
"Salud","Discapacidad","Mental",NA,NA,"6200205286","Población con limitación en la actividad mental","Personas","19","Nuevo León","2010",2010,NA,2010-01-01,17747
"Salud","Discapacidad","Mental",NA,NA,"6200205286","Población con limitación en la actividad mental","Personas","19","Nuevo León","2020",2020,NA,2020-01-01,67353
"Salud","Discapacidad","Mental",NA,NA,"6200205286","Población con limitación en la actividad mental","Personas","19007","Aramberri","2020",2020,NA,2020-01-01,181
"Salud","Discapacidad","Mental",NA,NA,"6200205286","Población con limitación en la actividad mental","Personas","19014","Doctor Arroyo","2020",2020,NA,2020-01-01,431
"Salud","Discapacidad","Mental",NA,NA,"6200205286","Población con limitación en la actividad mental","Personas","19024","General Zaragoza","2020",2020,NA,2020-01-01,58
"Salud","Discapacidad","Mental",NA,NA,"6200205286","Población con limitación en la actividad mental","Personas","19036","Mier y Noriega","2020",2020,NA,2020-01-01,65
"Salud","Afiliación a servicios de salud","Seguro Popular",NA,NA,"6200240323","Porcentaje de la población derechohabiente en el Seguro popular","Porcentaje","00","Nacional","2010",2010,NA,2010-01-01,36.2
"Salud","Afiliación a servicios de salud","Seguro Popular",NA,NA,"6200240323","Porcentaje de la población derechohabiente en el Seguro popular","Porcentaje","00","Nacional","2015",2015,NA,2015-01-01,49.904945
"Salud","Afiliación a servicios de salud","Seguro Popular",NA,NA,"6200240323","Porcentaje de la población derechohabiente en el Seguro popular","Porcentaje","00","Nacional","2020",2020,NA,2020-01-01,35.4739333257668
"Salud","Afiliación a servicios de salud","Seguro Popular",NA,NA,"6200240323","Porcentaje de la población derechohabiente en el Seguro popular","Porcentaje","00","Nacional","2025",2025,NA,2025-01-01,24.3881977723662
"Salud","Afiliación a servicios de salud","Seguro Popular",NA,NA,"6200240323","Porcentaje de la población derechohabiente en el Seguro popular","Porcentaje","19","Nuevo León","2015",2015,NA,2015-01-01,20.12282
"Salud","Afiliación a servicios de salud","Seguro Popular",NA,NA,"6200240323","Porcentaje de la población derechohabiente en el Seguro popular","Porcentaje","19","Nuevo León","2020",2020,NA,2020-01-01,11.9238742573105
"Salud","Afiliación a servicios de salud","Seguro Popular",NA,NA,"6200240323","Porcentaje de la población derechohabiente en el Seguro popular","Porcentaje","19","Nuevo León","2025",2025,NA,2025-01-01,12.9661998668977
"Salud","Afiliación a servicios de salud","Seguro Popular",NA,NA,"6200240323","Porcentaje de la población derechohabiente en el Seguro popular","Porcentaje","19007","Aramberri","2015",2015,NA,2015-01-01,87.525867
"Salud","Afiliación a servicios de salud","Seguro Popular",NA,NA,"6200240323","Porcentaje de la población derechohabiente en el Seguro popular","Porcentaje","19007","Aramberri","2020",2020,NA,2020-01-01,76.6982448410076
"Salud","Afiliación a servicios de salud","Seguro Popular",NA,NA,"6200240323","Porcentaje de la población derechohabiente en el Seguro popular","Porcentaje","19007","Aramberri","2025",2025,NA,2025-01-01,77.6783156688627
"Salud","Afiliación a servicios de salud","Seguro Popular",NA,NA,"6200240323","Porcentaje de la población derechohabiente en el Seguro popular","Porcentaje","19014","Doctor Arroyo","2015",2015,NA,2015-01-01,85.675057
"Salud","Afiliación a servicios de salud","Seguro Popular",NA,NA,"6200240323","Porcentaje de la población derechohabiente en el Seguro popular","Porcentaje","19014","Doctor Arroyo","2020",2020,NA,2020-01-01,81.9213406715726
"Salud","Afiliación a servicios de salud","Seguro Popular",NA,NA,"6200240323","Porcentaje de la población derechohabiente en el Seguro popular","Porcentaje","19014","Doctor Arroyo","2025",2025,NA,2025-01-01,76.4700921969867
"Salud","Afiliación a servicios de salud","Seguro Popular",NA,NA,"6200240323","Porcentaje de la población derechohabiente en el Seguro popular","Porcentaje","19024","General Zaragoza","2015",2015,NA,2015-01-01,91.379008
"Salud","Afiliación a servicios de salud","Seguro Popular",NA,NA,"6200240323","Porcentaje de la población derechohabiente en el Seguro popular","Porcentaje","19024","General Zaragoza","2020",2020,NA,2020-01-01,85.4151493080845
"Salud","Afiliación a servicios de salud","Seguro Popular",NA,NA,"6200240323","Porcentaje de la población derechohabiente en el Seguro popular","Porcentaje","19024","General Zaragoza","2025",2025,NA,2025-01-01,86.3204913456169
"Salud","Afiliación a servicios de salud","Seguro Popular",NA,NA,"6200240323","Porcentaje de la población derechohabiente en el Seguro popular","Porcentaje","19036","Mier y Noriega","2015",2015,NA,2015-01-01,97.546919
"Salud","Afiliación a servicios de salud","Seguro Popular",NA,NA,"6200240323","Porcentaje de la población derechohabiente en el Seguro popular","Porcentaje","19036","Mier y Noriega","2020",2020,NA,2020-01-01,95.7512661789533
"Salud","Afiliación a servicios de salud","Seguro Popular",NA,NA,"6200240323","Porcentaje de la población derechohabiente en el Seguro popular","Porcentaje","19036","Mier y Noriega","2025",2025,NA,2025-01-01,95.7516807323702
"Salud","Afiliación a servicios de salud","PEMEX, SDN o SM",NA,NA,"6200240414","Porcentaje de la población derechohabiente en PEMEX, SDN o SM","Porcentaje","00","Nacional","2010",2010,NA,2010-01-01,1.5
"Salud","Afiliación a servicios de salud","PEMEX, SDN o SM",NA,NA,"6200240414","Porcentaje de la población derechohabiente en PEMEX, SDN o SM","Porcentaje","00","Nacional","2015",2015,NA,2015-01-01,1.1501596
"Salud","Afiliación a servicios de salud","PEMEX, SDN o SM",NA,NA,"6200240414","Porcentaje de la población derechohabiente en PEMEX, SDN o SM","Porcentaje","00","Nacional","2020",2020,NA,2020-01-01,1.28777142781103
"Salud","Afiliación a servicios de salud","PEMEX, SDN o SM",NA,NA,"6200240414","Porcentaje de la población derechohabiente en PEMEX, SDN o SM","Porcentaje","00","Nacional","2025",2025,NA,2025-01-01,1.17952447077795
"Salud","Afiliación a servicios de salud","PEMEX, SDN o SM",NA,NA,"6200240414","Porcentaje de la población derechohabiente en PEMEX, SDN o SM","Porcentaje","19","Nuevo León","2015",2015,NA,2015-01-01,0.4876563
"Salud","Afiliación a servicios de salud","PEMEX, SDN o SM",NA,NA,"6200240414","Porcentaje de la población derechohabiente en PEMEX, SDN o SM","Porcentaje","19","Nuevo León","2020",2020,NA,2020-01-01,0.613995832501151
"Salud","Afiliación a servicios de salud","PEMEX, SDN o SM",NA,NA,"6200240414","Porcentaje de la población derechohabiente en PEMEX, SDN o SM","Porcentaje","19","Nuevo León","2025",2025,NA,2025-01-01,0.51053523301207
"Salud","Afiliación a servicios de salud","PEMEX, SDN o SM",NA,NA,"6200240414","Porcentaje de la población derechohabiente en PEMEX, SDN o SM","Porcentaje","19007","Aramberri","2015",2015,NA,2015-01-01,0.0129333
"Salud","Afiliación a servicios de salud","PEMEX, SDN o SM",NA,NA,"6200240414","Porcentaje de la población derechohabiente en PEMEX, SDN o SM","Porcentaje","19007","Aramberri","2020",2020,NA,2020-01-01,0.073437614746273
"Salud","Afiliación a servicios de salud","PEMEX, SDN o SM",NA,NA,"6200240414","Porcentaje de la población derechohabiente en PEMEX, SDN o SM","Porcentaje","19007","Aramberri","2025",2025,NA,2025-01-01,0
"Salud","Afiliación a servicios de salud","PEMEX, SDN o SM",NA,NA,"6200240414","Porcentaje de la población derechohabiente en PEMEX, SDN o SM","Porcentaje","19014","Doctor Arroyo","2015",2015,NA,2015-01-01,0.0183066
"Salud","Afiliación a servicios de salud","PEMEX, SDN o SM",NA,NA,"6200240414","Porcentaje de la población derechohabiente en PEMEX, SDN o SM","Porcentaje","19014","Doctor Arroyo","2020",2020,NA,2020-01-01,0.0247356378702616
"Salud","Afiliación a servicios de salud","PEMEX, SDN o SM",NA,NA,"6200240414","Porcentaje de la población derechohabiente en PEMEX, SDN o SM","Porcentaje","19014","Doctor Arroyo","2025",2025,NA,2025-01-01,0.05340679109512
"Salud","Afiliación a servicios de salud","PEMEX, SDN o SM",NA,NA,"6200240414","Porcentaje de la población derechohabiente en PEMEX, SDN o SM","Porcentaje","19024","General Zaragoza","2015",2015,NA,2015-01-01,0
"Salud","Afiliación a servicios de salud","PEMEX, SDN o SM",NA,NA,"6200240414","Porcentaje de la población derechohabiente en PEMEX, SDN o SM","Porcentaje","19024","General Zaragoza","2020",2020,NA,2020-01-01,0.0546249089584851
"Salud","Afiliación a servicios de salud","PEMEX, SDN o SM",NA,NA,"6200240414","Porcentaje de la población derechohabiente en PEMEX, SDN o SM","Porcentaje","19024","General Zaragoza","2025",2025,NA,2025-01-01,0.01861157640052
"Salud","Afiliación a servicios de salud","PEMEX, SDN o SM",NA,NA,"6200240414","Porcentaje de la población derechohabiente en PEMEX, SDN o SM","Porcentaje","19036","Mier y Noriega","2015",2015,NA,2015-01-01,0.0147776
"Salud","Afiliación a servicios de salud","PEMEX, SDN o SM",NA,NA,"6200240414","Porcentaje de la población derechohabiente en PEMEX, SDN o SM","Porcentaje","19036","Mier y Noriega","2020",2020,NA,2020-01-01,0.028137310073157
"Salud","Afiliación a servicios de salud","PEMEX, SDN o SM",NA,NA,"6200240414","Porcentaje de la población derechohabiente en PEMEX, SDN o SM","Porcentaje","19036","Mier y Noriega","2025",2025,NA,2025-01-01,0.04291231583464
"Salud","Afiliación a servicios de salud","Servicios médicos privados",NA,NA,"6200240416","Porcentaje de la población usuaria de servicios de salud en instituciones de servicios médicos privados","Porcentaje","00","Nacional","2010",2010,NA,2010-01-01,23.986367
"Salud","Afiliación a servicios de salud","Servicios médicos privados",NA,NA,"6200240416","Porcentaje de la población usuaria de servicios de salud en instituciones de servicios médicos privados","Porcentaje","00","Nacional","2015",2015,NA,2015-01-01,23.1015517815738
"Salud","Afiliación a servicios de salud","Servicios médicos privados",NA,NA,"6200240416","Porcentaje de la población usuaria de servicios de salud en instituciones de servicios médicos privados","Porcentaje","00","Nacional","2020",2020,NA,2020-01-01,2.8247284171926
"Salud","Afiliación a servicios de salud","Servicios médicos privados",NA,NA,"6200240416","Porcentaje de la población usuaria de servicios de salud en instituciones de servicios médicos privados","Porcentaje","00","Nacional","2025",2025,NA,2025-01-01,33.2770662508087
"Salud","Afiliación a servicios de salud","Servicios médicos privados",NA,NA,"6200240416","Porcentaje de la población usuaria de servicios de salud en instituciones de servicios médicos privados","Porcentaje","19","Nuevo León","2020",2020,NA,2020-01-01,7.05185235818275
"Salud","Afiliación a servicios de salud","Servicios médicos privados",NA,NA,"6200240416","Porcentaje de la población usuaria de servicios de salud en instituciones de servicios médicos privados","Porcentaje","19","Nuevo León","2025",2025,NA,2025-01-01,27.8123463576161
"Salud","Afiliación a servicios de salud","Servicios médicos privados",NA,NA,"6200240416","Porcentaje de la población usuaria de servicios de salud en instituciones de servicios médicos privados","Porcentaje","19007","Aramberri","2020",2020,NA,2020-01-01,0.433281927003011
"Salud","Afiliación a servicios de salud","Servicios médicos privados",NA,NA,"6200240416","Porcentaje de la población usuaria de servicios de salud en instituciones de servicios médicos privados","Porcentaje","19007","Aramberri","2025",2025,NA,2025-01-01,2.14522616611389
"Salud","Afiliación a servicios de salud","Servicios médicos privados",NA,NA,"6200240416","Porcentaje de la población usuaria de servicios de salud en instituciones de servicios médicos privados","Porcentaje","19014","Doctor Arroyo","2020",2020,NA,2020-01-01,0.207160967163441
"Salud","Afiliación a servicios de salud","Servicios médicos privados",NA,NA,"6200240416","Porcentaje de la población usuaria de servicios de salud en instituciones de servicios médicos privados","Porcentaje","19014","Doctor Arroyo","2025",2025,NA,2025-01-01,10.4595469255663
"Salud","Afiliación a servicios de salud","Servicios médicos privados",NA,NA,"6200240416","Porcentaje de la población usuaria de servicios de salud en instituciones de servicios médicos privados","Porcentaje","19024","General Zaragoza","2020",2020,NA,2020-01-01,0.345957756737072
"Salud","Afiliación a servicios de salud","Servicios médicos privados",NA,NA,"6200240416","Porcentaje de la población usuaria de servicios de salud en instituciones de servicios médicos privados","Porcentaje","19024","General Zaragoza","2025",2025,NA,2025-01-01,1.07166778298727
"Salud","Afiliación a servicios de salud","Servicios médicos privados",NA,NA,"6200240416","Porcentaje de la población usuaria de servicios de salud en instituciones de servicios médicos privados","Porcentaje","19036","Mier y Noriega","2020",2020,NA,2020-01-01,0.182892515475521
"Salud","Afiliación a servicios de salud","Servicios médicos privados",NA,NA,"6200240416","Porcentaje de la población usuaria de servicios de salud en instituciones de servicios médicos privados","Porcentaje","19036","Mier y Noriega","2025",2025,NA,2025-01-01,4.44968117549209
"Salud","Afiliación a servicios de salud","ISSSTE",NA,NA,"6200240421","Porcentaje de la población derechohabiente en el ISSSTE","Porcentaje","00","Nacional","2010",2010,NA,2010-01-01,9.9
"Salud","Afiliación a servicios de salud","ISSSTE",NA,NA,"6200240421","Porcentaje de la población derechohabiente en el ISSSTE","Porcentaje","00","Nacional","2015",2015,NA,2015-01-01,7.7058004
"Salud","Afiliación a servicios de salud","ISSSTE",NA,NA,"6200240421","Porcentaje de la población derechohabiente en el ISSSTE","Porcentaje","00","Nacional","2020",2020,NA,2020-01-01,8.83873347895288
"Salud","Afiliación a servicios de salud","ISSSTE",NA,NA,"6200240421","Porcentaje de la población derechohabiente en el ISSSTE","Porcentaje","00","Nacional","2025",2025,NA,2025-01-01,8.47096803063385
"Salud","Afiliación a servicios de salud","ISSSTE",NA,NA,"6200240421","Porcentaje de la población derechohabiente en el ISSSTE","Porcentaje","19","Nuevo León","2015",2015,NA,2015-01-01,4.3954637
"Salud","Afiliación a servicios de salud","ISSSTE",NA,NA,"6200240421","Porcentaje de la población derechohabiente en el ISSSTE","Porcentaje","19","Nuevo León","2020",2020,NA,2020-01-01,4.67392151815724
"Salud","Afiliación a servicios de salud","ISSSTE",NA,NA,"6200240421","Porcentaje de la población derechohabiente en el ISSSTE","Porcentaje","19","Nuevo León","2025",2025,NA,2025-01-01,3.85706730462257
"Salud","Afiliación a servicios de salud","ISSSTE",NA,NA,"6200240421","Porcentaje de la población derechohabiente en el ISSSTE","Porcentaje","19007","Aramberri","2015",2015,NA,2015-01-01,5.3996379
"Salud","Afiliación a servicios de salud","ISSSTE",NA,NA,"6200240421","Porcentaje de la población derechohabiente en el ISSSTE","Porcentaje","19007","Aramberri","2020",2020,NA,2020-01-01,8.65829477858559
"Salud","Afiliación a servicios de salud","ISSSTE",NA,NA,"6200240421","Porcentaje de la población derechohabiente en el ISSSTE","Porcentaje","19007","Aramberri","2025",2025,NA,2025-01-01,7.23288456029791
"Salud","Afiliación a servicios de salud","ISSSTE",NA,NA,"6200240421","Porcentaje de la población derechohabiente en el ISSSTE","Porcentaje","19014","Doctor Arroyo","2015",2015,NA,2015-01-01,7.3135011
"Salud","Afiliación a servicios de salud","ISSSTE",NA,NA,"6200240421","Porcentaje de la población derechohabiente en el ISSSTE","Porcentaje","19014","Doctor Arroyo","2020",2020,NA,2020-01-01,9.03469173211304
"Salud","Afiliación a servicios de salud","ISSSTE",NA,NA,"6200240421","Porcentaje de la población derechohabiente en el ISSSTE","Porcentaje","19014","Doctor Arroyo","2025",2025,NA,2025-01-01,7.1902406116483
"Salud","Afiliación a servicios de salud","ISSSTE",NA,NA,"6200240421","Porcentaje de la población derechohabiente en el ISSSTE","Porcentaje","19024","General Zaragoza","2015",2015,NA,2015-01-01,3.2591554
"Salud","Afiliación a servicios de salud","ISSSTE",NA,NA,"6200240421","Porcentaje de la población derechohabiente en el ISSSTE","Porcentaje","19024","General Zaragoza","2020",2020,NA,2020-01-01,5.97232337946103
"Salud","Afiliación a servicios de salud","ISSSTE",NA,NA,"6200240421","Porcentaje de la población derechohabiente en el ISSSTE","Porcentaje","19024","General Zaragoza","2025",2025,NA,2025-01-01,6.53266331658291
"Salud","Afiliación a servicios de salud","ISSSTE",NA,NA,"6200240421","Porcentaje de la población derechohabiente en el ISSSTE","Porcentaje","19036","Mier y Noriega","2015",2015,NA,2015-01-01,1.2265406
"Salud","Afiliación a servicios de salud","ISSSTE",NA,NA,"6200240421","Porcentaje de la población derechohabiente en el ISSSTE","Porcentaje","19036","Mier y Noriega","2020",2020,NA,2020-01-01,1.64603263927968
"Salud","Afiliación a servicios de salud","ISSSTE",NA,NA,"6200240421","Porcentaje de la población derechohabiente en el ISSSTE","Porcentaje","19036","Mier y Noriega","2025",2025,NA,2025-01-01,1.08711200114432
"Salud","Afiliación a servicios de salud","IMSS",NA,NA,"6200240471","Porcentaje de la población derechohabiente en el IMSS","Porcentaje","00","Nacional","2010",2010,NA,2010-01-01,48.8
"Salud","Afiliación a servicios de salud","IMSS",NA,NA,"6200240471","Porcentaje de la población derechohabiente en el IMSS","Porcentaje","00","Nacional","2015",2015,NA,2015-01-01,39.184317
"Salud","Afiliación a servicios de salud","IMSS",NA,NA,"6200240471","Porcentaje de la población derechohabiente en el IMSS","Porcentaje","00","Nacional","2020",2020,NA,2020-01-01,51.0309721419998
"Salud","Afiliación a servicios de salud","IMSS",NA,NA,"6200240471","Porcentaje de la población derechohabiente en el IMSS","Porcentaje","00","Nacional","2025",2025,NA,2025-01-01,54.0501890507721
"Salud","Afiliación a servicios de salud","IMSS",NA,NA,"6200240471","Porcentaje de la población derechohabiente en el IMSS","Porcentaje","19","Nuevo León","2015",2015,NA,2015-01-01,66.090581
"Salud","Afiliación a servicios de salud","IMSS",NA,NA,"6200240471","Porcentaje de la población derechohabiente en el IMSS","Porcentaje","19","Nuevo León","2020",2020,NA,2020-01-01,76.8160394235565
"Salud","Afiliación a servicios de salud","IMSS",NA,NA,"6200240471","Porcentaje de la población derechohabiente en el IMSS","Porcentaje","19","Nuevo León","2025",2025,NA,2025-01-01,70.4655770121249
"Salud","Afiliación a servicios de salud","IMSS",NA,NA,"6200240471","Porcentaje de la población derechohabiente en el IMSS","Porcentaje","19007","Aramberri","2015",2015,NA,2015-01-01,6.945163
"Salud","Afiliación a servicios de salud","IMSS",NA,NA,"6200240471","Porcentaje de la población derechohabiente en el IMSS","Porcentaje","19007","Aramberri","2020",2020,NA,2020-01-01,12.8368950576485
"Salud","Afiliación a servicios de salud","IMSS",NA,NA,"6200240471","Porcentaje de la población derechohabiente en el IMSS","Porcentaje","19007","Aramberri","2025",2025,NA,2025-01-01,13.5276425093096
"Salud","Afiliación a servicios de salud","IMSS",NA,NA,"6200240471","Porcentaje de la población derechohabiente en el IMSS","Porcentaje","19014","Doctor Arroyo","2015",2015,NA,2015-01-01,6.2700229
"Salud","Afiliación a servicios de salud","IMSS",NA,NA,"6200240471","Porcentaje de la población derechohabiente en el IMSS","Porcentaje","19014","Doctor Arroyo","2020",2020,NA,2020-01-01,7.63712819244326
"Salud","Afiliación a servicios de salud","IMSS",NA,NA,"6200240471","Porcentaje de la población derechohabiente en el IMSS","Porcentaje","19014","Doctor Arroyo","2025",2025,NA,2025-01-01,9.15504834720036
"Salud","Afiliación a servicios de salud","IMSS",NA,NA,"6200240471","Porcentaje de la población derechohabiente en el IMSS","Porcentaje","19024","General Zaragoza","2015",2015,NA,2015-01-01,3.7848257
"Salud","Afiliación a servicios de salud","IMSS",NA,NA,"6200240471","Porcentaje de la población derechohabiente en el IMSS","Porcentaje","19024","General Zaragoza","2020",2020,NA,2020-01-01,6.50036416605972
"Salud","Afiliación a servicios de salud","IMSS",NA,NA,"6200240471","Porcentaje de la población derechohabiente en el IMSS","Porcentaje","19024","General Zaragoza","2025",2025,NA,2025-01-01,5.13679508654383
"Salud","Afiliación a servicios de salud","IMSS",NA,NA,"6200240471","Porcentaje de la población derechohabiente en el IMSS","Porcentaje","19036","Mier y Noriega","2015",2015,NA,2015-01-01,1.3447613
"Salud","Afiliación a servicios de salud","IMSS",NA,NA,"6200240471","Porcentaje de la población derechohabiente en el IMSS","Porcentaje","19036","Mier y Noriega","2020",2020,NA,2020-01-01,2.51828925154755
"Salud","Afiliación a servicios de salud","IMSS",NA,NA,"6200240471","Porcentaje de la población derechohabiente en el IMSS","Porcentaje","19036","Mier y Noriega","2025",2025,NA,2025-01-01,1.6449721069947
"Salud","Afiliación a servicios de salud","Seguro privado",NA,NA,"6207019013","Porcentaje de población afiliada a seguro privado","Porcentaje","00","Nacional","2015",2015,NA,2015-01-01,3.2688074
"Salud","Afiliación a servicios de salud","Seguro privado",NA,NA,"6207019013","Porcentaje de población afiliada a seguro privado","Porcentaje","00","Nacional","2025",2025,NA,2025-01-01,6.93791231407484
"Salud","Afiliación a servicios de salud","Seguro privado",NA,NA,"6207019013","Porcentaje de población afiliada a seguro privado","Porcentaje","19","Nuevo León","2015",2015,NA,2015-01-01,9.4358536
"Salud","Afiliación a servicios de salud","Seguro privado",NA,NA,"6207019013","Porcentaje de población afiliada a seguro privado","Porcentaje","19","Nuevo León","2025",2025,NA,2025-01-01,11.3161578633246
"Salud","Afiliación a servicios de salud","Seguro privado",NA,NA,"6207019013","Porcentaje de población afiliada a seguro privado","Porcentaje","19007","Aramberri","2015",2015,NA,2015-01-01,0.6013968
"Salud","Afiliación a servicios de salud","Seguro privado",NA,NA,"6207019013","Porcentaje de población afiliada a seguro privado","Porcentaje","19007","Aramberri","2025",2025,NA,2025-01-01,1.79031796046977
"Salud","Afiliación a servicios de salud","Seguro privado",NA,NA,"6207019013","Porcentaje de población afiliada a seguro privado","Porcentaje","19014","Doctor Arroyo","2015",2015,NA,2015-01-01,0.3935927
"Salud","Afiliación a servicios de salud","Seguro privado",NA,NA,"6207019013","Porcentaje de población afiliada a seguro privado","Porcentaje","19014","Doctor Arroyo","2025",2025,NA,2025-01-01,1.93388801439172
"Salud","Afiliación a servicios de salud","Seguro privado",NA,NA,"6207019013","Porcentaje de población afiliada a seguro privado","Porcentaje","19024","General Zaragoza","2015",2015,NA,2015-01-01,0.8410724
"Salud","Afiliación a servicios de salud","Seguro privado",NA,NA,"6207019013","Porcentaje de población afiliada a seguro privado","Porcentaje","19024","General Zaragoza","2025",2025,NA,2025-01-01,0.55834729201563
"Salud","Afiliación a servicios de salud","Seguro privado",NA,NA,"6207019013","Porcentaje de población afiliada a seguro privado","Porcentaje","19036","Mier y Noriega","2015",2015,NA,2015-01-01,0.1625536
"Salud","Afiliación a servicios de salud","Seguro privado",NA,NA,"6207019013","Porcentaje de población afiliada a seguro privado","Porcentaje","19036","Mier y Noriega","2025",2025,NA,2025-01-01,1.5448433700472
"Salud","Afiliación a servicios de salud","Otra institución",NA,NA,"6207019017","Porcentaje de población afiliada a otra institución","Porcentaje","00","Nacional","2015",2015,NA,2015-01-01,1.5495333
"Salud","Afiliación a servicios de salud","Otra institución",NA,NA,"6207019017","Porcentaje de población afiliada a otra institución","Porcentaje","00","Nacional","2020",2020,NA,2020-01-01,1.24163651456169
"Salud","Afiliación a servicios de salud","Otra institución",NA,NA,"6207019017","Porcentaje de población afiliada a otra institución","Porcentaje","00","Nacional","2025",2025,NA,2025-01-01,3.44676760314851
"Salud","Afiliación a servicios de salud","Otra institución",NA,NA,"6207019017","Porcentaje de población afiliada a otra institución","Porcentaje","19","Nuevo León","2015",2015,NA,2015-01-01,3.0614043
"Salud","Afiliación a servicios de salud","Otra institución",NA,NA,"6207019017","Porcentaje de población afiliada a otra institución","Porcentaje","19","Nuevo León","2020",2020,NA,2020-01-01,1.85647014342732
"Salud","Afiliación a servicios de salud","Otra institución",NA,NA,"6207019017","Porcentaje de población afiliada a otra institución","Porcentaje","19","Nuevo León","2025",2025,NA,2025-01-01,4.54523910916296
"Salud","Afiliación a servicios de salud","Otra institución",NA,NA,"6207019017","Porcentaje de población afiliada a otra institución","Porcentaje","19007","Aramberri","2015",2015,NA,2015-01-01,1.8623901
"Salud","Afiliación a servicios de salud","Otra institución",NA,NA,"6207019017","Porcentaje de población afiliada a otra institución","Porcentaje","19007","Aramberri","2020",2020,NA,2020-01-01,1.40265844165382
"Salud","Afiliación a servicios de salud","Otra institución",NA,NA,"6207019017","Porcentaje de población afiliada a otra institución","Porcentaje","19007","Aramberri","2025",2025,NA,2025-01-01,1.05270696075623
"Salud","Afiliación a servicios de salud","Otra institución",NA,NA,"6207019017","Porcentaje de población afiliada a otra institución","Porcentaje","19014","Doctor Arroyo","2015",2015,NA,2015-01-01,1.3363844
"Salud","Afiliación a servicios de salud","Otra institución",NA,NA,"6207019017","Porcentaje de población afiliada a otra institución","Porcentaje","19014","Doctor Arroyo","2020",2020,NA,2020-01-01,0.90594273699833
"Salud","Afiliación a servicios de salud","Otra institución",NA,NA,"6207019017","Porcentaje de población afiliada a otra institución","Porcentaje","19014","Doctor Arroyo","2025",2025,NA,2025-01-01,2.80526197436474
"Salud","Afiliación a servicios de salud","Otra institución",NA,NA,"6207019017","Porcentaje de población afiliada a otra institución","Porcentaje","19024","General Zaragoza","2015",2015,NA,2015-01-01,2.207815
"Salud","Afiliación a servicios de salud","Otra institución",NA,NA,"6207019017","Porcentaje de población afiliada a otra institución","Porcentaje","19024","General Zaragoza","2020",2020,NA,2020-01-01,2.05753823743627
"Salud","Afiliación a servicios de salud","Otra institución",NA,NA,"6207019017","Porcentaje de población afiliada a otra institución","Porcentaje","19024","General Zaragoza","2025",2025,NA,2025-01-01,2.10310813325888
"Salud","Afiliación a servicios de salud","Otra institución",NA,NA,"6207019017","Porcentaje de población afiliada a otra institución","Porcentaje","19036","Mier y Noriega","2015",2015,NA,2015-01-01,0.221664
"Salud","Afiliación a servicios de salud","Otra institución",NA,NA,"6207019017","Porcentaje de población afiliada a otra institución","Porcentaje","19036","Mier y Noriega","2020",2020,NA,2020-01-01,0.112549240292628
"Salud","Afiliación a servicios de salud","Otra institución",NA,NA,"6207019017","Porcentaje de población afiliada a otra institución","Porcentaje","19036","Mier y Noriega","2025",2025,NA,2025-01-01,1.34458589615219
"Salud","Afiliación a servicios de salud","Afiliada a algún servicio",NA,NA,"6207019018","Porcentaje de población afiliada a servicios de salud","Porcentaje","00","Nacional","2015",2015,NA,2015-01-01,82.17512
"Salud","Afiliación a servicios de salud","Afiliada a algún servicio",NA,NA,"6207019018","Porcentaje de población afiliada a servicios de salud","Porcentaje","00","Nacional","2020",2020,NA,2020-01-01,73.4702448673491
"Salud","Afiliación a servicios de salud","Afiliada a algún servicio",NA,NA,"6207019018","Porcentaje de población afiliada a servicios de salud","Porcentaje","00","Nacional","2025",2025,NA,2025-01-01,72.5293948759933
"Salud","Afiliación a servicios de salud","Afiliada a algún servicio",NA,NA,"6207019018","Porcentaje de población afiliada a servicios de salud","Porcentaje","19","Nuevo León","2015",2015,NA,2015-01-01,87.884979
"Salud","Afiliación a servicios de salud","Afiliada a algún servicio",NA,NA,"6207019018","Porcentaje de población afiliada a servicios de salud","Porcentaje","19","Nuevo León","2020",2020,NA,2020-01-01,80.932006924782
"Salud","Afiliación a servicios de salud","Afiliada a algún servicio",NA,NA,"6207019018","Porcentaje de población afiliada a servicios de salud","Porcentaje","19","Nuevo León","2025",2025,NA,2025-01-01,89.1049174162209
"Salud","Afiliación a servicios de salud","Afiliada a algún servicio",NA,NA,"6207019018","Porcentaje de población afiliada a servicios de salud","Porcentaje","19007","Aramberri","2015",2015,NA,2015-01-01,95.740466
"Salud","Afiliación a servicios de salud","Afiliada a algún servicio",NA,NA,"6207019018","Porcentaje de población afiliada a servicios de salud","Porcentaje","19007","Aramberri","2020",2020,NA,2020-01-01,90.8284418356457
"Salud","Afiliación a servicios de salud","Afiliada a algún servicio",NA,NA,"6207019018","Porcentaje de población afiliada a servicios de salud","Porcentaje","19007","Aramberri","2025",2025,NA,2025-01-01,98.1031333427006
"Salud","Afiliación a servicios de salud","Afiliada a algún servicio",NA,NA,"6207019018","Porcentaje de población afiliada a servicios de salud","Porcentaje","19014","Doctor Arroyo","2015",2015,NA,2015-01-01,96.086192
"Salud","Afiliación a servicios de salud","Afiliada a algún servicio",NA,NA,"6207019018","Porcentaje de población afiliada a servicios de salud","Porcentaje","19014","Doctor Arroyo","2020",2020,NA,2020-01-01,89.6198182221237
"Salud","Afiliación a servicios de salud","Afiliada a algún servicio",NA,NA,"6207019018","Porcentaje de población afiliada a servicios de salud","Porcentaje","19014","Doctor Arroyo","2025",2025,NA,2025-01-01,90.3425683740064
"Salud","Afiliación a servicios de salud","Afiliada a algún servicio",NA,NA,"6207019018","Porcentaje de población afiliada a servicios de salud","Porcentaje","19024","General Zaragoza","2015",2015,NA,2015-01-01,94.942605
"Salud","Afiliación a servicios de salud","Afiliada a algún servicio",NA,NA,"6207019018","Porcentaje de población afiliada a servicios de salud","Porcentaje","19024","General Zaragoza","2020",2020,NA,2020-01-01,87.4243871378542
"Salud","Afiliación a servicios de salud","Afiliada a algún servicio",NA,NA,"6207019018","Porcentaje de población afiliada a servicios de salud","Porcentaje","19024","General Zaragoza","2025",2025,NA,2025-01-01,89.5947973986993
"Salud","Afiliación a servicios de salud","Afiliada a algún servicio",NA,NA,"6207019018","Porcentaje de población afiliada a servicios de salud","Porcentaje","19036","Mier y Noriega","2015",2015,NA,2015-01-01,96.726701
"Salud","Afiliación a servicios de salud","Afiliada a algún servicio",NA,NA,"6207019018","Porcentaje de población afiliada a servicios de salud","Porcentaje","19036","Mier y Noriega","2020",2020,NA,2020-01-01,92.890747516989
"Salud","Afiliación a servicios de salud","Afiliada a algún servicio",NA,NA,"6207019018","Porcentaje de población afiliada a servicios de salud","Porcentaje","19036","Mier y Noriega","2025",2025,NA,2025-01-01,96.7880382112695
"Salud","Afiliación a servicios de salud","IMSS-BIENESTAR",NA,NA,"6207129818","Porcentaje de la población derechohabiente en Instituto de Salud para el Bienestar (IMSS-PROSPERA o IMSS-BIENESTAR)","Porcentaje","00","Nacional","2020",2020,NA,2020-01-01,1.03559935077366
"Salud","Afiliación a servicios de salud","IMSS-BIENESTAR",NA,NA,"6207129818","Porcentaje de la población derechohabiente en Instituto de Salud para el Bienestar (IMSS-PROSPERA o IMSS-BIENESTAR)","Porcentaje","00","Nacional","2025",2025,NA,2025-01-01,5.23136620375492
"Salud","Afiliación a servicios de salud","IMSS-BIENESTAR",NA,NA,"6207129818","Porcentaje de la población derechohabiente en Instituto de Salud para el Bienestar (IMSS-PROSPERA o IMSS-BIENESTAR)","Porcentaje","19","Nuevo León","2020",2020,NA,2020-01-01,0.215060883719092
"Salud","Afiliación a servicios de salud","IMSS-BIENESTAR",NA,NA,"6207129818","Porcentaje de la población derechohabiente en Instituto de Salud para el Bienestar (IMSS-PROSPERA o IMSS-BIENESTAR)","Porcentaje","19","Nuevo León","2025",2025,NA,2025-01-01,0.47735804410902
"Salud","Afiliación a servicios de salud","IMSS-BIENESTAR",NA,NA,"6207129818","Porcentaje de la población derechohabiente en Instituto de Salud para el Bienestar (IMSS-PROSPERA o IMSS-BIENESTAR)","Porcentaje","19007","Aramberri","2020",2020,NA,2020-01-01,0.433281927003011
"Salud","Afiliación a servicios de salud","IMSS-BIENESTAR",NA,NA,"6207129818","Porcentaje de la población derechohabiente en Instituto de Salud para el Bienestar (IMSS-PROSPERA o IMSS-BIENESTAR)","Porcentaje","19007","Aramberri","2025",2025,NA,2025-01-01,0.28645087367516
"Salud","Afiliación a servicios de salud","IMSS-BIENESTAR",NA,NA,"6207129818","Porcentaje de la población derechohabiente en Instituto de Salud para el Bienestar (IMSS-PROSPERA o IMSS-BIENESTAR)","Porcentaje","19014","Doctor Arroyo","2020",2020,NA,2020-01-01,0.8935749180632
"Salud","Afiliación a servicios de salud","IMSS-BIENESTAR",NA,NA,"6207129818","Porcentaje de la población derechohabiente en Instituto de Salud para el Bienestar (IMSS-PROSPERA o IMSS-BIENESTAR)","Porcentaje","19014","Doctor Arroyo","2025",2025,NA,2025-01-01,4.41027659096019
"Salud","Afiliación a servicios de salud","IMSS-BIENESTAR",NA,NA,"6207129818","Porcentaje de la población derechohabiente en Instituto de Salud para el Bienestar (IMSS-PROSPERA o IMSS-BIENESTAR)","Porcentaje","19024","General Zaragoza","2020",2020,NA,2020-01-01,0.182083029861617
"Salud","Afiliación a servicios de salud","IMSS-BIENESTAR",NA,NA,"6207129818","Porcentaje de la población derechohabiente en Instituto de Salud para el Bienestar (IMSS-PROSPERA o IMSS-BIENESTAR)","Porcentaje","19024","General Zaragoza","2025",2025,NA,2025-01-01,0.53973571561511
"Salud","Afiliación a servicios de salud","IMSS-BIENESTAR",NA,NA,"6207129818","Porcentaje de la población derechohabiente en Instituto de Salud para el Bienestar (IMSS-PROSPERA o IMSS-BIENESTAR)","Porcentaje","19036","Mier y Noriega","2020",2020,NA,2020-01-01,0.140686550365785
"Salud","Afiliación a servicios de salud","IMSS-BIENESTAR",NA,NA,"6207129818","Porcentaje de la población derechohabiente en Instituto de Salud para el Bienestar (IMSS-PROSPERA o IMSS-BIENESTAR)","Porcentaje","19036","Mier y Noriega","2025",2025,NA,2025-01-01,1.07280789586611
